name,ascii_name,country,lat,lon,population
Shanghai,Shanghai,China,31.2222,121.4581,24874500
Chongqing,Chongqing,China,29.5603,106.5577,22000000
Chengdu,Chengdu,China,30.6667,104.0667,20937757
Beijing,Beijing,China,39.9075,116.3972,18960744
Guangzhou,Guangzhou,China,23.1167,113.25,18676605
Shenzhen,Shenzhen,China,22.5455,114.0683,17494398
Kinshasa,Kinshasa,Democratic Republic of the Congo,-4.3276,15.3136,16000000
Istanbul,Istanbul,Turkey,41.0138,28.9497,15701602
Lagos,Lagos,Nigeria,6.4541,3.3947,15388000
Ho Chi Minh City,Ho Chi Minh City,Vietnam,10.823,106.6296,14002598
Tianjin,Tianjin,China,39.1422,117.1767,13866009
Wuhan,Wuhan,China,30.5833,114.2667,13739000
Lahore,Lahore,Pakistan,31.558,74.3507,13004135
Xi’an,Xi'an,China,34.2583,108.9286,12952907
Mumbai,Mumbai,India,19.0728,72.8826,12691836
São Paulo,Sao Paulo,Brazil,-23.5475,-46.6361,12400232
Mexico City,Mexico City,Mexico,19.4285,-99.1277,12294193
Hangzhou,Hangzhou,China,30.2936,120.1614,11936010
Karachi,Karachi,Pakistan,24.8608,67.0104,11624219
Delhi,Delhi,India,28.6519,77.2315,11034555
Moscow,Moscow,Russia,55.752,37.6178,10381222
Dhaka,Dhaka,Bangladesh,23.7104,90.4074,10356500
Seoul,Seoul,South Korea,37.566,126.9784,10349312
Harbin,Harbin,China,45.75,126.65,10009854
Tokyo,Tokyo,Japan,35.6895,139.6917,9733276
Dongguan,Dongguan,China,23.018,113.7487,9644871
Cairo,Cairo,Egypt,30.0626,31.2497,9606916
Hefei,Hefei,China,31.8639,117.2808,9465881
Johannesburg,Johannesburg,South Africa,-26.2023,28.0436,9418183
Weifang,Weifang,China,36.71,119.1019,9386705
Nanjing,Nanjing,China,32.0617,118.7778,9314685
Shenyang,Shenyang,China,41.7922,123.4328,9070093
Foshan,Foshan,China,23.0268,113.1315,9042509
London,London,United Kingdom,51.5085,-0.1257,8961989
New York City,New York City,United States,40.7143,-74.006,8804190
Jakarta,Jakarta,Indonesia,-6.2146,106.8451,8540121
Bengaluru,Bengaluru,India,12.9719,77.5937,8495492
Jinan,Jinan,China,36.6683,116.9972,8352574
Hanoi,Hanoi,Vietnam,21.0245,105.8412,8053663
Taipei,Taipei,Taiwan,25.0531,121.5264,7871900
Lima,Lima,Peru,-12.0432,-77.0282,7737002
Bogotá,Bogota,Colombia,4.6097,-74.0817,7674366
Dalian,Dalian,China,38.9122,121.6022,7450785
Hong Kong,Hong Kong,Hong Kong,22.2783,114.1747,7396076
Baghdad,Baghdad,Iraq,33.3406,44.4009,7216000
Wuzhong,Wuzhong,China,37.9867,106.201,7202654
Qingdao,Qingdao,China,36.0649,120.3804,7172451
Tehran,Tehran,Iran,35.6944,51.4215,7153309
Yantai,Yantai,China,37.4765,121.4408,7102100
Hyderabad,Hyderabad,India,17.384,78.4564,6993262
Rio de Janeiro,Rio de Janeiro,Brazil,-22.9064,-43.1822,6747815
Suzhou,Suzhou,China,31.3041,120.5954,6715559
Puxi,Puxi,China,31.2441,121.4659,6683712
Zhengzhou,Zhengzhou,China,34.7578,113.6486,6650532
Ahmedabad,Ahmedabad,India,23.0258,72.5873,6357693
Abidjan,Abidjan,Ivory Coast,5.3544,-4.0017,6321017
Nanning,Nanning,China,22.8167,108.3167,5977185
Kunming,Kunming,China,25.0389,102.7183,5950578
Shijiazhuang,Shijiazhuang,China,38.0414,114.4786,5758403
Changchun,Changchun,China,43.88,125.3228,5691024
Pudong,Pudong,China,31.24,121.5009,5681512
Sydney,Sydney,Australia,-33.8678,151.2073,5638830
Singapore,Singapore,Singapore,1.2897,103.8501,5638700
Melbourne,Melbourne,Australia,-37.814,144.9633,5435590
Dar es Salaam,Dar es Salaam,Tanzania,-6.8235,39.2695,5383728
Saint Petersburg,Saint Petersburg,Russia,59.9386,30.3141,5351935
Taiyuan,Taiyuan,China,37.8694,112.5603,5305061
Alexandria,Alexandria,Egypt,31.2018,29.9158,5263542
Bangkok,Bangkok,Thailand,13.754,100.5014,5104476
Kano,Kano,Nigeria,12.0001,8.5167,4910000
Santiago,Santiago,Chile,-33.4569,-70.6483,4837295
Cape Town,Cape Town,South Africa,-33.9258,18.4232,4772846
Peshawar,Peshawar,Pakistan,34.008,71.5785,4758762
Zibo,Zibo,China,36.7906,118.0633,4704138
Jeddah,Jeddah,Saudi Arabia,21.4901,39.1862,4697000
Chennai,Chennai,India,13.0878,80.2785,4681087
Kolkata,Kolkata,India,22.5626,88.363,4631392
Xiamen,Xiamen,China,24.4798,118.0819,4617251
Surat,Surat,India,21.1959,72.8302,4591246
Yangzhou,Yangzhou,China,32.3972,119.4358,4559797
Huai'an,Huai'an,China,33.5886,119.0192,4556230
Guiyang,Guiyang,China,26.5833,106.7167,4506134
Yangon,Yangon,Myanmar,16.8053,96.1561,4477638
Bao'an,Bao'an,China,22.5521,113.8829,4476554
Kabul,Kabul,Afghanistan,34.5281,69.1723,4434550
Nairobi,Nairobi,Kenya,-1.2833,36.8167,4397073
Wuxi,Wuxi,China,31.5689,120.2886,4396835
Giza,Giza,Egypt,30.0094,31.2086,4367343
Lanzhou,Lanzhou,China,36.057,103.8399,4359446
Bamako,Bamako,Mali,12.6091,-7.9752,4227569
Riyadh,Riyadh,Saudi Arabia,24.6877,46.7219,4205961
Fuzhou,Fuzhou,China,26.0614,119.3061,4094491
Ürümqi,UEruemqi,China,43.801,87.6005,4054000
New Taipei City,New Taipei City,Taiwan,25.062,121.457,4004367
New Territories,New Territories,Hong Kong,22.4244,114.111,3984077
Chattogram,Chattogram,Bangladesh,22.3384,91.8317,3920222
Addis Ababa,Addis Ababa,Ethiopia,9.025,38.7469,3860000
Zaozhuang,Zaozhuang,China,34.8647,117.5542,3855601
Zhongshan,Zhongshan,China,22.5231,113.3791,3841873
Shantou,Shantou,China,23.3549,116.6788,3838900
Los Angeles,Los Angeles,United States,34.0522,-118.2437,3820914
Faisalabad,Faisalabad,Pakistan,31.4155,73.0897,3800193
Dubai,Dubai,United Arab Emirates,25.0772,55.3093,3790000
Yokohama,Yokohama,Japan,35.4333,139.65,3777491
Ningbo,Ningbo,China,29.8782,121.5494,3731203
Nanhai,Nanhai,China,23.0219,113.1428,3667247
Casablanca,Casablanca,Morocco,33.5883,-7.6114,3665954
Ibadan,Ibadan,Nigeria,7.3776,3.9059,3649000
Puyang,Puyang,China,29.4568,119.8887,3590000
Ankara,Ankara,Turkey,39.9199,32.8543,3517182
Shiyan,Shiyan,China,32.6475,110.7781,3460000
Hohhot,Hohhot,China,40.8106,111.6522,3446100
Berlin,Berlin,Germany,52.5244,13.4105,3426354
Tangshan,Tangshan,China,39.6438,118.1832,3372102
Rawalpindi,Rawalpindi,Pakistan,33.5973,73.0479,3357612
Lüliang,Lueliang,China,37.5192,111.1444,3346500
Durban,Durban,South Africa,-29.8579,31.0292,3338026
Anshan,Anshan,China,41.1236,122.99,3325372
Changzhou,Changzhou,China,31.7736,119.954,3290918
Busan,Busan,South Korea,35.1017,129.03,3285147
Madrid,Madrid,Spain,40.4165,-3.7026,3255944
Pyongyang,Pyongyang,North Korea,39.0339,125.7543,3222000
Pune,Pune,India,18.5196,73.8554,3124458
Datong,Datong,China,40.0936,113.2914,3105591
Bursa,Bursa,Turkey,40.1956,29.0601,3101833
Changsha,Changsha,China,28.1987,112.9709,3093980
Quezon City,Quezon City,Philippines,14.6488,121.0509,3084270
Jaipur,Jaipur,India,26.9196,75.7878,3046163
Huainan,Huainan,China,32.6264,116.9969,3033528
Surabaya,Surabaya,Indonesia,-7.2492,112.7508,3018022
Incheon,Incheon,South Korea,37.4565,126.7052,3015482
Haikou,Haikou,China,20.0342,110.3465,3001600
Caracas,Caracas,Venezuela,10.488,-66.8792,3000000
Kyiv,Kyiv,Ukraine,50.4547,30.5238,2952301
İzmir,Izmir,Turkey,38.4127,27.1384,2938292
Huizhou,Huizhou,China,23.1115,114.4152,2900113
Buenos Aires,Buenos Aires,Argentina,-34.6131,-58.3772,2891082
Yinchuan,Yinchuan,China,38.4681,106.2731,2859074
Taichung,Taichung,Taiwan,24.1469,120.6839,2850285
Kanpur,Kanpur,India,26.4652,80.3498,2823249
Toronto,Toronto,Canada,43.7064,-79.3986,2794356
Quito,Quito,Ecuador,-0.2298,-78.525,2781641
Brisbane,Brisbane,Australia,-27.4679,153.0281,2780063
Luanda,Luanda,Angola,-8.8368,13.2343,2776168
Baotou,Baotou,China,40.6516,109.8439,2761700
Osaka,Osaka,Japan,34.6938,135.5011,2753862
Linyi,Linyi,China,35.0631,118.3428,2743843
Baoding,Baoding,China,38.8729,115.4625,2739887
Kaohsiung,Kaohsiung,Taiwan,22.6163,120.3133,2737660
Brooklyn,Brooklyn,United States,40.6501,-73.9496,2736074
Guayaquil,Guayaquil,Ecuador,-2.1962,-79.8862,2723665
Belo Horizonte,Belo Horizonte,Brazil,-19.9208,-43.9378,2721564
Minhang,Minhang,China,31.1088,121.3747,2716600
Bazhong,Bazhong,China,31.8694,106.7443,2712894
Salvador,Salvador,Brazil,-12.9756,-38.491,2711840
Abuja,Abuja,Nigeria,9.0579,7.4951,2690000
Gazipur,Gazipur,Bangladesh,23.9984,90.4223,2674697
Chicago,Chicago,United States,41.85,-87.65,2664452
Wenzhou,Wenzhou,China,27.9994,120.6668,2650000
Bekasi,Bekasi,Indonesia,-6.2349,106.9896,2648272
Dakar,Dakar,Senegal,14.6937,-17.4441,2646503
Haiphong,Haiphong,Vietnam,20.8648,106.6834,2625200
Yunfu,Yunfu,China,22.9279,112.0381,2612800
Navi Mumbai,Navi Mumbai,India,19.0368,73.0158,2600000
Mogadishu,Mogadishu,Somalia,2.0371,45.3438,2587183
Kumasi,Kumasi,Ghana,6.6885,-1.6244,2544530
Bandung,Bandung,Indonesia,-6.9222,107.6069,2528163
Gujranwala,Gujranwala,Pakistan,32.1557,74.187,2511118
Medan,Medan,Indonesia,3.5833,98.6667,2486283
Lucknow,Lucknow,India,26.8393,80.9231,2472011
Xining,Xining,China,36.6255,101.7574,2467965
Ouagadougou,Ouagadougou,Burkina Faso,12.3657,-1.5339,2415266
Nagpur,Nagpur,India,21.1463,79.0849,2405665
Fortaleza,Fortaleza,Brazil,-3.7172,-38.5431,2400000
Cali,Cali,Colombia,3.4305,-76.5199,2392877
Perth,Perth,Australia,-31.9522,115.8614,2384371
Daegu,Daegu,South Korea,35.8703,128.5911,2365523
Algiers,Algiers,Algeria,36.7323,3.0875,2364230
Nanchang,Nanchang,China,28.684,115.8531,2357839
Baku,Baku,Azerbaijan,40.3777,49.892,2351300
Nagoya,Nagoya,Japan,35.1815,136.9064,2332176
Rome,Rome,Italy,41.8919,12.5113,2318895
Queens,Queens,United States,40.6815,-73.8365,2316841
Houston,Houston,United States,29.7633,-95.3633,2314157
Mashhad,Mashhad,Iran,36.2981,59.6057,2307177
Shaoxing,Shaoxing,China,30.0024,120.5786,2300000
Nantong,Nantong,China,32.0303,120.8747,2273326
Baoshan,Baoshan,China,31.4084,121.4896,2265900
Kowloon,Kowloon,Hong Kong,22.3167,114.1833,2232339
Gaziantep,Gaziantep,Turkey,37.0594,37.3825,2222415
Lubumbashi,Lubumbashi,Democratic Republic of the Congo,-11.6609,27.4794,2221925
Manaus,Manaus,Brazil,-3.1019,-60.025,2219580
Lusaka,Lusaka,Zambia,-15.4067,28.2871,2212301
Brasília,Brasilia,Brazil,-15.7797,-47.9297,2207718
Zhuhai,Zhuhai,China,22.2769,113.5678,2207090
Santo Domingo,Santo Domingo,Dominican Republic,18.4719,-69.8923,2201941
Lomé,Lome,Togo,6.1287,1.2215,2188376
Multan,Multan,Pakistan,30.1968,71.4782,2169915
Havana,Havana,Cuba,23.133,-82.383,2163824
Depok,Depok,Indonesia,-6.4,106.8186,2163635
Ordos,Ordos,China,39.6086,109.7816,2153638
Paris,Paris,France,48.8534,2.3488,2138551
Coimbatore,Coimbatore,India,11.0055,76.9661,2136916
Qingyang,Qingyang,China,35.7098,107.6445,2125400
Port Harcourt,Port Harcourt,Nigeria,4.7774,7.0134,2120000
Pretoria,Pretoria,South Africa,-25.7449,28.1878,2112693
Córdoba,Cordoba,Argentina,-31.4065,-64.1885,2106734
Mbuji-Mayi,Mbuji-Mayi,Democratic Republic of the Congo,-6.136,23.5898,2101332
Aleppo,Aleppo,Syria,36.2012,37.1612,2098210
Kunshan,Kunshan,China,31.3776,120.9543,2092496
Al Mawşil al Jadīdah,Al Mawsil al Jadidah,Iraq,36.3327,43.1056,2065597
Zunyi,Zunyi,China,27.6867,106.9072,2037775
La Paz,La Paz,Bolivia,-16.5,-68.15,2004652
Lianyungang,Lianyungang,China,34.5984,119.2156,2001009
Medellín,Medellin,Colombia,6.245,-75.5715,1999979
Puning,Puning,China,23.3107,116.1687,1998619
Indore,Indore,India,22.7179,75.8333,1994397
Brazzaville,Brazzaville,Republic of the Congo,-4.2661,15.2832,1982000
Tashkent,Tashkent,Uzbekistan,41.2647,69.2163,1978028
Ganzhou,Ganzhou,China,25.8466,114.9326,1977253
Almaty,Almaty,Kazakhstan,43.2525,76.9115,1977011
Khartoum,Khartoum,Sudan,15.5518,32.5324,1974647
Hamburg,Hamburg,Germany,53.5507,9.993,1973896
Sapporo,Sapporo,Japan,43.0667,141.35,1973832
Songjiang,Songjiang,China,31.0344,121.2233,1973500
Accra,Accra,Ghana,5.556,-0.1969,1963264
Curitiba,Curitiba,Brazil,-25.4278,-49.2731,1948626
Sanaa,Sanaa,Yemen,15.3545,44.2065,1937451
Conakry,Conakry,Guinea,9.538,-13.6773,1928389
Tangerang,Tangerang,Indonesia,-6.1781,106.63,1927815
Tijuana,Tijuana,Mexico,32.5027,-117.0037,1922523
Hyderabad,Hyderabad,Pakistan,25.3969,68.3772,1921275
Beirut,Beirut,Lebanon,33.8933,35.5016,1916100
Jieyang,Jieyang,China,23.5418,116.3658,1899394
Jilin,Jilin,China,43.8465,126.5608,1895865
Jiading,Jiading,China,31.3858,121.2446,1886100
Bucharest,Bucharest,Romania,44.4323,26.1063,1877155
Camayenne,Camayenne,Guinea,9.535,-13.6878,1871242
Kakamega,Kakamega,Kenya,0.2842,34.7523,1867579
Shangqiu,Shangqiu,China,34.4143,115.6561,1859723
Nanchong,Nanchong,China,30.7951,106.0847,1858875
Tainan,Tainan,Taiwan,22.9908,120.2133,1856642
Kaduna,Kaduna,Nigeria,10.5264,7.4388,1850000
Omdurman,Omdurman,Sudan,15.6445,32.4777,1849659
Davao,Davao,Philippines,7.0731,125.6128,1848947
Thāne,Thane,India,19.197,72.9635,1841488
Iztapalapa,Iztapalapa,Mexico,19.3553,-99.0622,1835486
Diyarbakır,Diyarbakir,Turkey,37.9136,40.2172,1833684
Santa Cruz de la Sierra,Santa Cruz de la Sierra,Bolivia,-17.7863,-63.1812,1831434
Vadodara,Vadodara,India,22.2994,73.2081,1822221
Adana,Adana,Turkey,36.9862,35.3253,1816750
Nanyang,Nanyang,China,33.0052,112.5466,1811812
Abu Dhabi,Abu Dhabi,United Arab Emirates,24.4512,54.397,1807000
Palembang,Palembang,Indonesia,-2.9167,104.7458,1801367
Sharjah,Sharjah,United Arab Emirates,25.3342,55.4122,1800000
Bhopal,Bhopal,India,23.2547,77.4029,1798218
Jiangmen,Jiangmen,China,22.5833,113.0833,1795459
Benin City,Benin City,Nigeria,6.3381,5.6258,1782000
Jiangyin,Jiangyin,China,31.911,120.263,1779515
Fuyang,Fuyang,China,32.9,115.8167,1768947
Montréal,Montreal,Canada,45.5088,-73.5878,1762949
Bayan Nur,Bayan Nur,China,40.7414,107.386,1760000
Chengtangcun,Chengtangcun,China,35.0836,117.1907,1756300
Maracaibo,Maracaibo,Venezuela,10.6423,-71.6109,1752602
Chaozhou,Chaozhou,China,23.654,116.6226,1750945
Minsk,Minsk,Belarus,53.9002,27.5665,1742124
Budapest,Budapest,Hungary,47.4984,19.0404,1741041
Qingyuan,Qingyuan,China,23.7,113.0333,1738424
Tai’an,Tai'an,China,36.1853,117.12,1735425
Rasapūdipalem,Rasapudipalem,India,17.7331,83.3162,1728128
Pimpri-Chinchwad,Pimpri-Chinchwad,India,18.6187,73.8037,1727692
Caloocan,Caloocan,Philippines,14.6495,120.9679,1712945
Warsaw,Warsaw,Poland,52.2298,21.0118,1702139
Soweto,Soweto,South Africa,-26.2678,27.8585,1695047
Semarang,Semarang,Indonesia,-6.9931,110.4208,1694740
Puebla,Puebla,Mexico,19.0478,-98.2072,1692181
Vienna,Vienna,Austria,48.2085,16.3721,1691468
Barcelona,Barcelona,Spain,41.3888,2.159,1686208
Patna,Patna,India,25.5941,85.1356,1684297
Mosul,Mosul,Iraq,36.335,43.1189,1683000
Kallakurichi,Kallakurichi,India,11.7338,78.9592,1682687
Kampala,Kampala,Uganda,0.3163,32.5822,1680600
Changshu,Changshu,China,31.6461,120.7422,1677050
Rabat,Rabat,Morocco,34.0132,-6.8326,1655753
Recife,Recife,Brazil,-8.0539,-34.8811,1653461
Phoenix,Phoenix,United States,33.4484,-112.074,1650070
Suzhou,Suzhou,China,33.6361,116.9789,1647642
Ecatepec de Morelos,Ecatepec de Morelos,Mexico,19.6049,-99.0606,1645352
Lu’an,Lu'an,China,31.7356,116.5169,1644344
Valencia,Valencia,Venezuela,10.1615,-68.0004,1619470
Ludhiana,Ludhiana,India,30.912,75.8538,1618879
Yancheng,Yancheng,China,33.3575,120.1573,1615717
Novosibirsk,Novosibirsk,Russia,55.0226,82.9317,1612833
Erbil,Erbil,Iraq,36.1912,44.0094,1612700
Fukuoka,Fukuoka,Japan,33.6,130.4167,1612392
Taizhou,Taizhou,China,32.4907,119.9081,1607108
Daqing,Daqing,China,46.5833,125.0,1604027
Kisangani,Kisangani,Democratic Republic of the Congo,0.5153,25.191,1602144
Manila,Manila,Philippines,14.6042,120.9822,1600000
Wuhu,Wuhu,China,31.3526,118.4295,1598165
Santiago de Querétaro,Santiago de Queretaro,Mexico,20.5881,-100.3881,1594212
Dazhou,Dazhou,China,31.2106,107.4631,1589435
León de los Aldama,Leon de los Aldama,Mexico,21.1218,-101.6825,1579803
Makkah,Makkah,Saudi Arabia,21.4266,39.8256,1578722
Philadelphia,Philadelphia,United States,39.9524,-75.1636,1573916
Phnom Penh,Phnom Penh,Cambodia,11.5625,104.916,1573544
Guilin,Guilin,China,25.2802,110.2964,1572300
Damascus,Damascus,Syria,33.5102,36.2913,1569394
Quetta,Quetta,Pakistan,30.1841,67.0014,1565546
Zhaoqing,Zhaoqing,China,23.0489,112.4609,1553109
Onitsha,Onitsha,Nigeria,6.1498,6.7857,1553000
Mianyang,Mianyang,China,31.4678,104.6817,1550000
Auckland,Auckland,New Zealand,-36.8485,174.7635,1547200
Isfahan,Isfahan,Iran,32.6525,51.6746,1547164
Wanzhou,Wanzhou,China,30.7645,108.3959,1545900
Astana,Astana,Kazakhstan,51.1801,71.446,1544142
Harare,Harare,Zimbabwe,-17.8277,31.0534,1542813
Monrovia,Monrovia,Liberia,6.3005,-10.7969,1542549
Putian,Putian,China,25.4394,119.0103,1539389
Kawasaki,Kawasaki,Japan,35.5206,139.7172,1538262
Goiânia,Goiania,Brazil,-16.6786,-49.2539,1536097
San Antonio,San Antonio,United States,29.4241,-98.4936,1526656
Kobe,Kobe,Japan,34.6913,135.183,1525152
Jinzhou,Jinzhou,China,41.1078,121.1417,1524362
Stockholm,Stockholm,Sweden,59.3294,18.0687,1515017
Ciudad Juárez,Ciudad Juarez,Mexico,31.7202,-106.4608,1512450
Cần Thơ,Can Tho,Vietnam,10.0371,105.7883,1507187
Munich,Munich,Germany,48.1374,11.5755,1505005
Khulna,Khulna,Bangladesh,22.8098,89.5644,1500689
Belém,Belem,Brazil,-1.4558,-48.5044,1499641
Yekaterinburg,Yekaterinburg,Russia,56.8573,60.6153,1495066
Porto Alegre,Porto Alegre,Brazil,-30.0328,-51.2302,1488252
Manhattan,Manhattan,United States,40.7834,-73.9663,1487536
Nashik,Nashik,India,19.9973,73.791,1486053
Taizhou,Taizhou,China,28.6627,121.4331,1485502
Asunción,Asuncion,Paraguay,-25.2865,-57.647,1482200
Yiwu,Yiwu,China,29.3151,120.0768,1481384
Zapopan,Zapopan,Mexico,20.7211,-103.3874,1476491
Makassar,Makassar,Indonesia,-5.1486,119.4319,1474393
Adelaide,Adelaide,Australia,-34.9287,138.5986,1469163
Quanzhou,Quanzhou,China,24.9139,118.5858,1469157
Madurai,Madurai,India,9.919,78.1195,1465625
Jinhua,Jinhua,China,29.1068,119.6442,1463990
Kyoto,Kyoto,Japan,35.0211,135.7538,1463723
Cixi,Cixi,China,30.1764,121.2457,1457510
Changde,Changde,China,29.0321,111.6984,1457419
Kuala Lumpur,Kuala Lumpur,Malaysia,3.1412,101.6865,1453975
Kayseri,Kayseri,Turkey,38.7322,35.4853,1452458
Kaifeng,Kaifeng,China,34.7986,114.3074,1451741
Karaj,Karaj,Iran,35.8327,50.9915,1448075
Kathmandu,Kathmandu,Nepal,27.7017,85.3206,1442271
Daejeon,Daejeon,South Korea,36.3491,127.3849,1441203
Baoji,Baoji,China,34.3678,107.237,1437802
Suqian,Suqian,China,33.9492,118.2958,1437685
Liuzhou,Liuzhou,China,24.324,109.407,1436599
Tirunelveli,Tirunelveli,India,8.7274,77.6838,1435844
Konya,Konya,Turkey,37.8713,32.4846,1433861
Zhangjiagang,Zhangjiagang,China,31.865,120.5389,1432044
Agra,Agra,India,27.1833,78.0167,1430055
South Tangerang,South Tangerang,Indonesia,-6.2886,106.7179,1429529
Tabriz,Tabriz,Iran,38.08,46.2919,1424641
Kharkiv,Kharkiv,Ukraine,49.9818,36.2548,1421125
Xinyang,Xinyang,China,32.1228,114.0656,1416800
Jinjiang,Jinjiang,China,24.8198,118.5742,1416151
Faridabad,Faridabad,India,28.4112,77.3132,1414050
Bozhou,Bozhou,China,33.8772,115.7703,1409436
Qujing,Qujing,China,25.4833,103.7833,1408500
San Diego,San Diego,United States,32.7157,-117.1647,1404452
Gwangju,Gwangju,South Korea,35.1547,126.9156,1401235
Zhanjiang,Zhanjiang,China,21.2339,110.3875,1400709
Fushun,Fushun,China,41.8867,123.9436,1400646
Rājkot,Rajkot,India,22.2916,70.7932,1390640
Luoyang,Luoyang,China,34.6735,112.4368,1390581
Guadalajara,Guadalajara,Mexico,20.6774,-103.3475,1385629
The Bronx,The Bronx,United States,40.8499,-73.8664,1385108
Guankou,Guankou,China,28.1586,113.6271,1380000
Huế,Hue,Vietnam,16.4619,107.5955,1380000
Milan,Milan,Italy,45.4643,9.1895,1371498
Najafgarh,Najafgarh,India,28.6092,76.9798,1365000
Lianjiang,Lianjiang,China,21.6467,110.2817,1363470
N'Djamena,N'Djamena,Chad,12.1067,15.0444,1359526
Handan,Handan,China,36.61,114.4876,1358318
Bannu,Bannu,Pakistan,32.9853,70.604,1357890
Yichang,Yichang,China,30.7144,111.2847,1350150
Antananarivo,Antananarivo,Madagascar,-18.9137,47.5361,1349501
Heze,Heze,China,35.2393,115.4736,1346717
Guarulhos,Guarulhos,Brazil,-23.4628,-46.5333,1345364
Abobo,Abobo,Ivory Coast,5.4161,-4.0159,1340083
Jamshedpur,Jamshedpur,India,22.8028,86.1855,1339438
Douala,Douala,Cameroon,4.0483,9.7043,1338082
Antalya,Antalya,Turkey,36.9081,30.6956,1335002
Basrah,Basrah,Iraq,30.5085,47.7804,1326564
Dallas,Dallas,United States,32.7831,-96.8067,1326087
Saitama,Saitama,Japan,35.9081,139.6566,1324854
Niamey,Niamey,Niger,13.5137,2.1098,1323691
Liupanshui,Liupanshui,China,26.5944,104.8333,1320825
Taguig,Taguig,Philippines,14.5243,121.0792,1308085
Maoming,Maoming,China,21.6663,110.9136,1307802
Calgary,Calgary,Canada,51.0501,-114.0853,1306784
Tripoli,Tripoli,Libya,32.8874,13.1873,1302947
Madinah,Madinah,Saudi Arabia,24.4686,39.6142,1300000
Yaoundé,Yaounde,Cameroon,3.8667,11.5167,1299369
Batam,Batam,Indonesia,1.1494,104.0249,1296960
Qinzhou,Qinzhou,China,21.9825,108.6506,1296300
Luohe,Luohe,China,33.5742,114.0326,1294974
Xiangyang,Xiangyang,China,32.0422,112.1448,1294733
Yangjiang,Yangjiang,China,21.8556,111.9627,1292987
Yixing,Yixing,China,31.3606,119.8202,1285785
Pimpri,Pimpri,India,18.6229,73.807,1284606
Da Nang,Da Nang,Vietnam,16.0678,108.2208,1276000
Amman,Amman,Jordan,31.9552,35.945,1275857
Budta,Budta,Philippines,7.2042,124.4397,1273715
Belgrade,Belgrade,Serbia,44.804,20.4651,1273651
Biên Hòa,Bien Hoa,Vietnam,10.9447,106.8243,1272235
Kananga,Kananga,Democratic Republic of the Congo,-5.8962,22.4166,1271704
Qingpu,Qingpu,China,31.1539,121.1141,1271424
Montevideo,Montevideo,Uruguay,-34.9033,-56.1882,1270737
Xuchang,Xuchang,China,34.0319,113.863,1265536
Kalyān,Kalyan,India,19.2437,73.1355,1262255
Zigong,Zigong,China,29.3416,104.7769,1262064
Nizhniy Novgorod,Nizhniy Novgorod,Russia,56.3287,44.002,1259013
Jepara,Jepara,Indonesia,-6.5924,110.671,1257912
Maputo,Maputo,Mozambique,-25.9655,32.5832,1254837
Xuzhou,Xuzhou,China,34.2044,117.2839,1253991
Dammam,Dammam,Saudi Arabia,26.4344,50.1033,1252523
Ra’s Bayrūt,Ra's Bayrut,Lebanon,33.9,35.4833,1251739
Neijiang,Neijiang,China,29.5835,105.0622,1251095
Shiraz,Shiraz,Iran,29.6103,52.5311,1249942
Heshan,Heshan,China,28.5694,112.3473,1249807
Dombivali,Dombivali,India,19.2167,73.0833,1247327
Kazan,Kazan,Russia,55.7887,49.1221,1243500
Jining,Jining,China,35.405,116.5814,1241012
Barquisimeto,Barquisimeto,Venezuela,10.0647,-69.357,1240714
Shubrā al Khaymah,Shubra al Khaymah,Egypt,30.1251,31.2505,1240289
Putuo,Putuo,China,31.251,121.3897,1239100
Port-au-Prince,Port-au-Prince,Haiti,18.5435,-72.3388,1234742
Suwon,Suwon,South Korea,37.2911,127.0089,1234582
Liaocheng,Liaocheng,China,36.4506,116.0025,1229768
Jinzhong,Jinzhong,China,37.684,112.7547,1226617
Callao,Callao,Peru,-12.0516,-77.1345,1226200
Meerut,Meerut,India,28.98,77.7064,1223184
Virār,Virar,India,19.4559,72.8114,1222390
Nowrangapur,Nowrangapur,India,19.2311,82.5483,1220946
Karbala,Karbala,Iraq,32.616,44.0249,1218732
Changzhi,Changzhi,China,36.1839,113.1053,1214940
Tianshui,Tianshui,China,34.5795,105.7424,1212791
Sadr City,Sadr City,Iraq,33.3889,44.4583,1211849
Yangpu,Yangpu,China,31.2619,121.519,1210800
Mombasa,Mombasa,Kenya,-4.0547,39.6636,1208333
Mandalay,Mandalay,Myanmar,21.9747,96.0836,1208099
Srinagar,Srinagar,India,34.0857,74.8055,1206419
Barranquilla,Barranquilla,Colombia,10.9685,-74.7813,1206319
Chelyabinsk,Chelyabinsk,Russia,55.1611,61.4288,1202371
Mérida,Merida,Mexico,20.967,-89.6232,1201000
Hiroshima,Hiroshima,Japan,34.4,132.45,1200754
Santiago de los Caballeros,Santiago de los Caballeros,Dominican Republic,19.4504,-70.6908,1200000
Shymkent,Shymkent,Kazakhstan,42.3099,69.6004,1200000
Weinan,Weinan,China,34.5035,109.5089,1199290
Ghāziābād,Ghaziabad,India,28.6654,77.4391,1199191
Matola,Matola,Mozambique,-25.9622,32.4589,1198988
Dhanbad,Dhanbad,India,23.7976,86.4299,1196214
Arequipa,Arequipa,Peru,-16.399,-71.5375,1195700
Hong Kong Island,Hong Kong Island,Hong Kong,22.263,114.1842,1195529
Fes,Fes,Morocco,34.0331,-5.0003,1191905
Gustavo Adolfo Madero,Gustavo Adolfo Madero,Mexico,19.4939,-99.1107,1185772
Nouakchott,Nouakchott,Mauritania,18.0858,-15.9785,1184530
Jiaxing,Jiaxing,China,30.7522,120.75,1180000
Aurangabad,Aurangabad,India,19.8776,75.3423,1175116
Zhongwei,Zhongwei,China,37.5113,105.1907,1174600
Omsk,Omsk,Russia,54.9924,73.3686,1172070
Pikine,Pikine,Senegal,14.7646,-17.3907,1170791
Pekanbaru,Pekanbaru,Indonesia,0.5167,101.4417,1167599
Panjin,Panjin,China,41.121,122.0739,1166481
Bandar Lampung,Bandar Lampung,Indonesia,-5.4292,105.2611,1166066
Prague,Prague,Czechia,50.088,14.4208,1165581
Varanasi,Varanasi,India,25.3167,83.0104,1164404
Jiujiang,Jiujiang,China,29.7048,116.0021,1164268
Samara,Samara,Russia,53.2077,50.1355,1163399
Aba,Aba,Nigeria,5.1066,7.3667,1160000
Amritsar,Amritsar,India,31.6223,74.8753,1159227
Birmingham,Birmingham,United Kingdom,52.4814,-1.8998,1157603
Copenhagen,Copenhagen,Denmark,55.6759,12.5655,1153615
Sofia,Sofia,Bulgaria,42.6975,23.3241,1152556
Anyang,Anyang,China,36.096,114.3828,1146839
Yerevan,Yerevan,Armenia,40.1776,44.5126,1144700
Luohu District,Luohu District,China,22.5472,114.1315,1143801
Vijayawada,Vijayawada,India,16.5074,80.6466,1143232
Fengxiang,Fengxiang,China,30.8584,121.4678,1140872
Bijie,Bijie,China,27.3019,105.2863,1137383
Monterrey,Monterrey,Mexico,25.6843,-100.3172,1135512
Kigali,Kigali,Rwanda,-1.95,30.0588,1132686
Rostov-on-Don,Rostov-on-Don,Russia,47.22,39.7077,1130305
Zhuzhou,Zhuzhou,China,27.8333,113.15,1129687
Rui’an,Rui'an,China,27.7761,120.6586,1125000
Malingao,Malingao,Philippines,7.1608,124.475,1121974
Touba,Touba,Senegal,14.8623,-15.8753,1120824
Ufa,Ufa,Russia,54.7431,55.9678,1120547
Ranchi,Ranchi,India,23.3432,85.3094,1120374
Zoucheng,Zoucheng,China,35.4006,116.9656,1116692
Shangrao,Shangrao,China,28.4518,117.9429,1116486
Lilongwe,Lilongwe,Malawi,-13.9669,33.7873,1115815
Huaibei,Huaibei,China,33.9744,116.7917,1113321
Maiduguri,Maiduguri,Nigeria,11.8469,13.1571,1110000
Xuhui,Xuhui,China,31.1959,121.4471,1109800
Meishan,Meishan,China,30.0439,103.837,1107742
Mwanza,Mwanza,Tanzania,-2.5167,32.9,1104521
Wuchang,Wuchang,China,30.5431,114.3007,1102188
Ulsan,Ulsan,South Korea,35.5372,129.3167,1098421
Sendai,Sendai,Japan,38.2667,140.8667,1096704
Krasnoyarsk,Krasnoyarsk,Russia,56.0374,92.9314,1090811
Fuzhou,Fuzhou,China,27.96,116.3333,1089888
Guigang,Guigang,China,23.116,109.5947,1086327
Oslo,Oslo,Norway,59.9127,10.7461,1082575
Jabalpur,Jabalpur,India,23.167,79.9501,1081677
Ilorin,Ilorin,Nigeria,8.4966,4.5421,1080000
Aden,Aden,Yemen,12.7796,45.0385,1079670
Bogor,Bogor,Indonesia,-6.5944,106.7892,1078351
Ciudad Nezahualcoyotl,Ciudad Nezahualcoyotl,Mexico,19.4006,-99.0148,1077208
Hengyang,Hengyang,China,26.8895,112.6189,1075516
Prayagraj,Prayagraj,India,25.4448,81.8432,1073438
Trujillo,Trujillo,Peru,-8.116,-79.03,1067700
Visakhapatnam,Visakhapatnam,India,17.6801,83.2016,1063178
Goyang-si,Goyang-si,South Korea,37.6564,126.835,1061752
Yulin,Yulin,China,22.6305,110.1469,1056743
Jodhpur,Jodhpur,India,26.2684,73.0059,1056191
Gwalior,Gwalior,India,26.2298,78.1734,1054420
Jingzhou,Jingzhou,China,30.3503,112.1903,1052282
Gqeberha,Gqeberha,South Africa,-33.9611,25.6149,1050078
Tbilisi,Tbilisi,Georgia,41.6914,44.8341,1049498
Voronezh,Voronezh,Russia,51.6683,39.192,1047549
Xinxiang,Xinxiang,China,35.1903,113.8015,1047088
Yichun,Yichun,China,27.8333,114.4,1045952
Sokoto,Sokoto,Nigeria,13.0627,5.2432,1040000
Jos,Jos,Nigeria,9.9285,8.8921,1040000
Tangier,Tangier,Morocco,35.7673,-5.7998,1035141
Teni,Teni,India,10.0112,77.4777,1034724
Xianyang,Xianyang,China,34.3378,108.7026,1034081
Mexicali,Mexicali,Mexico,32.6278,-115.4545,1032686
Pointe-Noire,Pointe-Noire,Republic of the Congo,-4.7761,11.8635,1032000
Maceió,Maceio,Brazil,-9.6658,-35.7353,1031597
Campinas,Campinas,Brazil,-22.9056,-47.0608,1031554
Sanya,Sanya,China,18.2543,109.5095,1031396
Rangpur,Rangpur,Bangladesh,25.7466,89.2517,1031388
Kirkuk,Kirkuk,Iraq,35.4681,44.3922,1031000
Ashgabat,Ashgabat,Turkmenistan,37.95,58.3833,1030063
Shaoguan,Shaoguan,China,24.8,113.5833,1028460
Howrah,Howrah,India,22.5769,88.3186,1027672
Raipur,Raipur,India,21.2333,81.6333,1027264
Changwon,Changwon,South Korea,35.2281,128.6811,1025702
Longyan,Longyan,China,25.0749,117.0178,1025087
Köln,Koeln,Germany,50.9333,6.95,1024621
Dublin,Dublin,Ireland,53.3331,-6.2489,1024027
Tiruchirappalli,Tiruchirappalli,India,10.8155,78.6965,1022518
Yongzhou,Yongzhou,China,26.4239,111.6131,1020715
Brussels,Brussels,Belgium,50.8505,4.3488,1019022
Zamboanga,Zamboanga,Philippines,6.9103,122.0739,1018849
Ottawa,Ottawa,Canada,45.4112,-75.6981,1017449
Huzhou,Huzhou,China,30.8703,120.0933,1015937
Xinyi,Xinyi,China,22.373,110.9475,1014577
Volgograd,Volgograd,Russia,48.7138,44.4976,1013533
Khartoum North,Khartoum North,Sudan,15.6493,32.5346,1012211
Edmonton,Edmonton,Canada,53.5501,-113.4687,1010899
Odesa,Odesa,Ukraine,46.4857,30.7438,1010537
Wuwei,Wuwei,China,37.9267,102.632,1010295
Jacksonville,Jacksonville,United States,30.3322,-81.6556,1009833
Fort Worth,Fort Worth,United States,32.7254,-97.3208,1008106
Yishui,Yishui,China,35.7847,118.6281,1007100
Hanzhong,Hanzhong,China,33.0751,107.0221,1006557
Hezhou,Hezhou,China,24.4036,111.5667,1005490
Pest,Pest,Hungary,47.5,19.0833,1001748
Kota,Kota,India,25.1825,75.8391,1001694
Zhu Cheng City,Zhu Cheng City,China,35.995,119.4026,1000000
Shivaji Nagar,Shivaji Nagar,India,18.5302,73.8526,1000000
Dongying,Dongying,China,37.4627,118.4917,998968
Luzhou,Luzhou,China,28.8903,105.4257,998900
San Jose,San Jose,United States,37.3394,-121.895,997368
Sholapur,Sholapur,India,17.6715,75.9104,997281
Marrakesh,Marrakesh,Morocco,31.6342,-7.9999,995871
Guatemala City,Guatemala City,Guatemala,14.6407,-90.5133,994938
Meizhou,Meizhou,China,24.2886,116.1177,992351
Yueyang,Yueyang,China,29.3745,113.0948,991465
Laiwu,Laiwu,China,36.1928,117.6569,989535
Esenyurt,Esenyurt,Turkey,41.027,28.6773,983571
Perm,Perm,Russia,58.0105,56.2502,982419
Zaria,Zaria,Nigeria,11.1113,7.7227,980000
Kennedy,Kennedy,Colombia,4.6165,-74.146,979914
Chiba,Chiba,Japan,35.6,140.1167,979768
Pingdingshan,Pingdingshan,China,33.7309,113.3155,979130
Ciudad Guayana,Ciudad Guayana,Venezuela,8.3512,-62.641,978202
Sargodha,Sargodha,Pakistan,32.0859,72.6742,975886
Austin,Austin,United States,30.2672,-97.7431,974447
Managua,Managua,Nicaragua,12.1328,-86.2504,973087
Bengbu,Bengbu,China,32.9408,117.3608,972784
Salé,Sale,Morocco,34.0531,-6.7985,972299
Jerusalem,Jerusalem,Israel,31.769,35.2163,971800
Chandigarh,Chandigarh,India,30.7363,76.7884,970602
Dnipro,Dnipro,Ukraine,48.4666,35.0407,968502
Feicheng,Feicheng,China,36.2486,116.7658,968100
Cebu City,Cebu City,Philippines,10.3167,123.8907,965332
Sanhe,Sanhe,China,39.9805,117.0689,965075
Guli,Guli,China,28.8816,120.0331,964203
Tiruppur,Tiruppur,India,11.1154,77.3546,963173
Guwahati,Guwahati,India,26.1844,91.7458,962334
Xiangtan,Xiangtan,China,27.85,112.9,959303
Linfen,Linfen,China,36.0889,111.5189,959198
Victoria,Victoria,Hong Kong,22.2875,114.1442,956800
Zhenjiang,Zhenjiang,China,32.2109,119.4551,950516
Enugu,Enugu,Nigeria,6.4413,7.4988,950000
Rosario,Rosario,Argentina,-32.9468,-60.6393,948312
Sulţānah,Sultanah,Saudi Arabia,24.4926,39.5857,946697
Huludao,Huludao,China,40.7524,120.8355,944495
Hubballi,Hubballi,India,15.3478,75.1338,943788
Padang,Padang,Indonesia,-0.9492,100.3543,942938
Kitakyushu,Kitakyushu,Japan,33.8518,130.8503,940978
Taiz,Taiz,Yemen,13.5795,44.0209,940600
Setagaya,Setagaya,Japan,35.6419,139.6472,940071
Kingston,Kingston,Jamaica,17.997,-76.7936,937700
Jing’an,Jing'an,China,31.22,121.4158,936500
Baoshan,Baoshan,China,25.1163,99.1637,935618
Chihuahua,Chihuahua,Mexico,28.6353,-106.0889,925762
Nay Pyi Taw,Nay Pyi Taw,Myanmar,19.745,96.1297,925000
Eskişehir,Eskisehir,Turkey,39.7767,30.5206,921630
Mysuru,Mysuru,India,12.2979,76.6393,920550
Chengde,Chengde,China,40.9519,117.9588,920395
Salem,Salem,India,11.6538,78.1554,917414
São Luís,Sao Luis,Brazil,-2.5297,-44.3028,917237
Seongnam-si,Seongnam-si,South Korea,37.4386,127.1378,914832
Cartagena,Cartagena,Colombia,10.3982,-75.4933,914552
Antipolo,Antipolo,Philippines,14.6258,121.1225,913712
Columbus,Columbus,United States,39.9612,-82.9988,913175
Sialkot,Sialkot,Pakistan,32.4927,74.5313,911817
Charlotte,Charlotte,United States,35.2271,-80.8431,911311
Laibin,Laibin,China,23.7474,109.2222,910282
Warri,Warri,Nigeria,5.5174,5.7501,910000
Naples,Naples,Italy,40.8522,14.2681,909048
Xiaogan,Xiaogan,China,30.9269,113.9222,908266
Wuchuan,Wuchuan,China,21.4571,110.7659,907354
Campo Grande,Campo Grande,Brazil,-20.4428,-54.6464,906092
Ziyang,Ziyang,China,30.1211,104.6481,905729
Bobo-Dioulasso,Bobo-Dioulasso,Burkina Faso,11.1806,-4.2949,904920
Bahawalpur,Bahawalpur,Pakistan,29.3978,71.6752,903795
Quzhou,Quzhou,China,28.9594,118.8686,902767
Blantyre,Blantyre,Malawi,-15.785,35.0085,902588
Donetsk,Donetsk,Ukraine,48.023,37.8022,901645
Abū Ghurayb,Abu Ghurayb,Iraq,33.3056,44.1848,900000
Qom,Qom,Iran,34.6401,50.8764,900000
Bishkek,Bishkek,Kyrgyzstan,42.87,74.59,900000
Krasnodar,Krasnodar,Russia,45.0453,38.9818,899541
Natal,Natal,Brazil,-5.795,-35.2094,896708
Pingxiang,Pingxiang,China,27.6167,113.8535,893550
Malang,Malang,Indonesia,-7.9797,112.6304,889359
Cancún,Cancun,Mexico,21.1743,-86.8466,888797
Indianapolis,Indianapolis,United States,39.7684,-86.158,887642
Gurugram,Gurugram,India,28.4601,77.0263,886519
Bhubaneswar,Bhubaneswar,India,20.2724,85.8338,885363
Zhoushan,Zhoushan,China,29.9887,122.2049,882932
Qiqihar,Qiqihar,China,47.3392,123.9615,882364
Mulenvos,Mulenvos,Angola,-8.8669,13.3344,882014
Sulaymaniyah,Sulaymaniyah,Iraq,35.565,45.4329,878146
Marseille,Marseille,France,43.297,5.3811,877215
Bhiwandi,Bhiwandi,India,19.3002,73.0588,874032
Soshanguve,Soshanguve,South Africa,-25.4729,28.0992,872309
Laiyang,Laiyang,China,36.9758,120.7136,872000
Daye,Daye,China,30.0833,114.95,871214
Teresina,Teresina,Brazil,-5.0892,-42.8019,871126
Ankang,Ankang,China,32.68,109.0172,870126
Jalandhar,Jalandhar,India,31.3256,75.5792,868929
Rotterdam,Rotterdam,The Netherlands,51.9225,4.4792,868135
Langfang,Langfang,China,39.5208,116.7147,868066
Lhasa,Lhasa,China,29.65,91.1,867900
Duque de Caxias,Duque de Caxias,Brazil,-22.7856,-43.3117,866347
Viana,Viana,Angola,-8.9055,13.375,865863
Jiaozuo,Jiaozuo,China,35.2392,113.2391,865413
Samarinda,Samarinda,Indonesia,-0.4917,117.1458,865306
Benxi,Benxi,China,41.2886,123.765,865215
Rohini,Rohini,India,28.7432,77.0678,860000
Wanxian,Wanxian,China,30.816,108.3741,859662
Guang’an,Guang'an,China,30.4741,106.637,858159
Johor Bahru,Johor Bahru,Malaysia,1.4655,103.7578,858118
Arifwala,Arifwala,Pakistan,30.2906,73.0657,854462
Pasig City,Pasig City,Philippines,14.5869,121.0614,853050
Cheongju-si,Cheongju-si,South Korea,36.6372,127.4897,852147
Kanayannur,Kanayannur,India,9.9667,76.2667,851406
Tegucigalpa,Tegucigalpa,Honduras,14.0818,-87.2068,850848
Bucheon-si,Bucheon-si,South Korea,37.4989,126.7831,850731
Thanh Hóa,Thanh Hoa,Vietnam,19.8,105.7667,850000
Turin,Turin,Italy,45.0705,7.6868,847287
Al Ain City,Al Ain City,United Arab Emirates,24.1917,55.7606,846747
Libreville,Libreville,Gabon,0.3924,9.4536,846090
Saratov,Saratov,Russia,51.5405,45.9901,844858
Ulan Bator,Ulan Bator,Mongolia,47.9077,106.8832,844818
Weihai,Weihai,China,37.5091,122.1136,844310
Takeo,Takeo,Cambodia,10.9908,104.785,843931
Nova Iguaçu,Nova Iguacu,Brazil,-22.7592,-43.4511,843046
Cochabamba,Cochabamba,Bolivia,-17.3819,-66.1599,841276
Ahvaz,Ahvaz,Iran,31.319,48.6842,841145
Vientiane,Vientiane,Laos,17.9667,102.6,840940
São Bernardo do Campo,Sao Bernardo do Campo,Brazil,-23.6939,-46.565,840499
Zhabei,Zhabei,China,31.2586,121.4597,840000
Shangyu,Shangyu,China,30.0156,120.8711,839747
Xinyu,Xinyu,China,27.8043,114.9334,839488
Pietermaritzburg,Pietermaritzburg,South Africa,-29.6168,30.3928,839327
Yibin,Yibin,China,28.7593,104.6399,836340
Naucalpan de Juárez,Naucalpan de Juarez,Mexico,19.4785,-99.2396,834434
Kampung Baru Subang,Kampung Baru Subang,Malaysia,3.15,101.5333,833571
Bouaké,Bouake,Ivory Coast,7.6939,-5.0303,832371
Taicang,Taicang,China,31.4478,121.0939,831113
San Francisco,San Francisco,United States,37.7749,-122.4194,827526
Sakai,Sakai,Japan,34.5822,135.4665,826161
Jiaojiang,Jiaojiang,China,28.6984,121.4733,826100
Valencia,Valencia,Spain,39.4739,-0.3797,824340
Jinshan,Jinshan,China,30.8356,121.2937,822776
Chenzhou,Chenzhou,China,25.8,113.0333,822534
João Pessoa,Joao Pessoa,Brazil,-7.115,-34.8631,817511
Bukavu,Bukavu,Democratic Republic of the Congo,-2.4908,28.8428,816811
Kraków,Krakow,Poland,50.0614,19.9366,816614
Dandong,Dandong,China,40.1292,124.3947,815858
Barcelona,Barcelona,Venezuela,10.1384,-64.6877,815141
Bangui,Bangui,Central African Republic,4.3612,18.555,812407
Hermosillo,Hermosillo,Mexico,29.0887,-110.9668,812229
Bhayandar,Bhayandar,India,19.3016,72.8511,809378
Culiacán,Culiacan,Mexico,24.8021,-107.3942,808416
Petaling Jaya,Petaling Jaya,Malaysia,3.1073,101.6067,807879
Anqing,Anqing,China,30.5136,117.0472,804493
Oran,Oran,Algeria,35.6991,-0.6359,803329
Freetown,Freetown,Sierra Leone,8.4871,-13.2356,802639
San Pedro Sula,San Pedro Sula,Honduras,15.5059,-88.0259,801259
Narela,Narela,India,28.8527,77.0929,800000
Xingtai,Xingtai,China,37.0622,114.4927,798770
Niigata,Niigata,Japan,37.9226,139.0412,797591
Muscat,Muscat,Oman,23.5841,58.4078,797000
Zarqa,Zarqa,Jordan,32.0727,36.088,792665
Çankaya,Cankaya,Turkey,39.9179,32.8627,792189
Küçükçekmece,Kuecuekcekmece,Turkey,40.991,28.7712,792030
Hamamatsu,Hamamatsu,Japan,34.7,137.7333,791707
Kolwezi,Kolwezi,Democratic Republic of the Congo,-10.7148,25.4667,790248
Vinh,Vinh,Vietnam,18.6734,105.6923,790000
Thiruvananthapuram,Thiruvananthapuram,India,8.4855,76.9492,788271
Zhaotong,Zhaotong,China,27.3167,103.7167,787845
Hondlon,Hondlon,China,40.6483,109.7939,787681
Panzhihua,Panzhihua,China,26.5851,101.7128,787177
Chuzhou,Chuzhou,China,32.3219,118.2978,782671
Seattle,Seattle,United States,47.6062,-122.3321,780995
Port Said,Port Said,Egypt,31.2653,32.3019,780515
Cúcuta,Cucuta,Colombia,7.9074,-72.5049,777106
Homs,Homs,Syria,34.724,36.7256,775404
Xuancheng,Xuancheng,China,30.9525,118.7553,774332
Ibb,Ibb,Yemen,13.9667,44.1833,771514
Tasikmalaya,Tasikmalaya,Indonesia,-7.3274,108.2207,770839
Nampula,Nampula,Mozambique,-15.1165,39.2666,770379
Bujumbura,Bujumbura,Burundi,-3.3819,29.3614,769317
Tyumen,Tyumen,Russia,57.1522,65.5272,768358
Erzurum,Erzurum,Turkey,39.9086,41.2769,767848
Anshun,Anshun,China,26.25,105.9333,765313
Dodoma,Dodoma,Tanzania,-6.1722,35.7395,765179
Rajshahi,Rajshahi,Bangladesh,24.374,88.6011,763580
Dera Ismail Khan,Dera Ismail Khan,Pakistan,31.8313,70.9017,763195
Sorocaba,Sorocaba,Brazil,-23.5017,-47.4581,762172
Wuzhou,Wuzhou,China,23.4805,111.2885,761948
Ipoh,Ipoh,Malaysia,4.5841,101.0829,759952
Qinhuangdao,Qinhuangdao,China,39.941,119.5894,759718
Benghazi,Benghazi,Libya,32.1149,20.0686,757490
Uberlândia,Uberlandia,Brazil,-18.9186,-48.2772,754954
Alīgarh,Aligarh,India,27.8815,78.0746,753207
Shaoyang,Shaoyang,China,27.2382,111.4621,753194
Malatya,Malatya,Turkey,38.3502,38.3167,750491
Winnipeg,Winnipeg,Canada,49.8844,-97.147,749607
Ōta,Ota,Japan,35.5613,139.716,748081
Andijon,Andijon,Uzbekistan,40.7834,72.3507,747800
Bareilly,Bareilly,India,28.3668,79.4317,745435
Buraydah,Buraydah,Saudi Arabia,26.326,43.975,745353
Hegang,Hegang,China,47.3473,130.2903,743307
Morelia,Morelia,Mexico,19.7008,-101.1844,743275
Riga,Riga,Latvia,56.946,24.1059,742572
Zhuanghe,Zhuanghe,China,39.7008,122.9911,742496
Amsterdam,Amsterdam,The Netherlands,52.374,4.8897,741636
Cagayan de Oro,Cagayan de Oro,Philippines,8.4822,124.6472,741617
Ma’anshan,Ma'anshan,China,31.6858,118.5101,741531
Shah Alam,Shah Alam,Malaysia,3.0851,101.5328,740750
Bağcılar,Bagcilar,Turkey,41.039,28.8567,740069
Shizuishan,Shizuishan,China,38.9808,106.3892,739400
Kumamoto,Kumamoto,Japan,32.8059,130.6918,738907
Oyo,Oyo,Nigeria,7.8537,3.9324,736072
Serang,Serang,Indonesia,-6.1153,106.1542,735651
Torreón,Torreon,Mexico,25.5439,-103.419,735340
Deyang,Deyang,China,31.1302,104.382,735070
Abeokuta,Abeokuta,Nigeria,7.1557,3.3451,735000
Al Ḩudaydah,Al Hudaydah,Yemen,14.7978,42.9545,734699
Yangquan,Yangquan,China,37.8575,113.5633,731228
Akure,Akure,Nigeria,7.2526,5.1931,730000
Denver,Denver,United States,39.7392,-104.9847,729019
Osasco,Osasco,Brazil,-23.5325,-46.7917,728615
Kikolo,Kikolo,Angola,-8.7815,13.3338,728205
Maianga,Maianga,Angola,-8.8469,13.237,727681
São José dos Campos,Sao Jose dos Campos,Brazil,-23.1794,-45.8869,727078
Álvaro Obregón,Alvaro Obregon,Mexico,19.3587,-99.2033,726664
Aihara,Aihara,Japan,35.6,139.3167,725493
Evaton,Evaton,South Africa,-26.5333,27.85,725468
Valenzuela,Valenzuela,Philippines,14.7,120.9667,725173
Muzaffarābād,Muzaffarabad,Pakistan,34.37,73.4708,725000
Okayama,Okayama,Japan,34.65,133.9333,724691
San Luis Potosí,San Luis Potosi,Mexico,22.1523,-100.9714,722772
Aguascalientes,Aguascalientes,Mexico,21.8826,-102.2843,722250
General Santos,General Santos,Philippines,6.1128,125.1717,722059
Zhumadian,Zhumadian,China,32.9838,114.0259,721670
Morādābād,Moradabad,India,28.8389,78.7768,721139
Sagamihara,Sagamihara,Japan,35.5671,139.2417,720780
Qingshan,Qingshan,China,40.6631,109.8817,719255
Mississauga,Mississauga,Canada,43.5789,-79.6583,717961
Lviv,Lviv,Ukraine,49.8383,24.0232,717273
Namangan,Namangan,Uzbekistan,40.9983,71.6726,713220
Zaporizhzhya,Zaporizhzhya,Ukraine,47.8517,35.1171,710052
Zanzibar,Zanzibar,Tanzania,-6.1639,39.1979,709809
Saltillo,Saltillo,Mexico,25.426,-100.9796,709671
Latakia,Latakia,Syria,35.5312,35.7909,709000
Subang Jaya,Subang Jaya,Malaysia,3.0438,101.5806,708296
Warangal,Warangal,India,18.0,79.5833,704570
Paranaque City,Paranaque City,Philippines,14.4816,121.0175,703245
Tolyatti,Tolyatti,Russia,53.5303,49.3461,702879
Santo Domingo Oeste,Santo Domingo Oeste,Dominican Republic,18.5,-70.0,701269
Santo Domingo Este,Santo Domingo Este,Dominican Republic,18.4851,-69.8476,700000
Dhārāvi,Dharavi,India,19.05,72.8667,700000
Battagram,Battagram,Pakistan,34.6772,73.0233,700000
Suez,Suez,Egypt,29.9737,32.5263,699541
Changzhi,Changzhi,China,35.2089,111.7386,699514
Ribeirão Preto,Ribeirao Preto,Brazil,-21.1775,-47.8103,698642
Agadir,Agadir,Morocco,30.4202,-9.5982,698310
Edogawe,Edogawe,Japan,35.6923,139.8731,697932
Sarajevo,Sarajevo,Bosnia and Herzegovina,43.8486,18.3564,696731
Balikpapan,Balikpapan,Indonesia,-1.2675,116.8289,695287
Adachi,Adachi,Japan,35.7632,139.8076,695043
Changning,Changning,China,31.2174,121.421,694900
Bauchi,Bauchi,Nigeria,10.3103,9.8439,693700
Shizuoka,Shizuoka,Japan,34.9833,138.3833,693389
Tunis,Tunis,Tunisia,36.819,10.1658,693210
Zhangjiakou,Zhangjiakou,China,40.7834,114.8714,692602
Washington,Washington,United States,38.8951,-77.0364,689545
Nashville,Nashville,United States,36.1659,-86.7844,689447
Fuxin,Fuxin,China,42.0156,121.6589,689050
Ta’if,Ta'if,Saudi Arabia,21.2703,40.4158,688693
Changsha,Changsha,China,22.3812,112.6849,688242
Huangshi,Huangshi,China,30.2471,115.0481,688090
Liaoyang,Liaoyang,China,41.2719,123.1731,687890
Hlaingthaya,Hlaingthaya,Myanmar,16.85,96.0667,687867
Beira,Beira,Mozambique,-19.8436,34.8389,687764
Hongkou,Hongkou,China,31.25,121.4892,687500
Zaragoza,Zaragoza,Spain,41.6561,-0.8773,686986
Sevilla,Sevilla,Spain,37.3828,-5.9732,686741
Baise,Baise,China,23.8901,106.6268,686078
Pontianak,Pontianak,Indonesia,-0.0319,109.325,686019
Situbondo,Situbondo,Indonesia,-7.7062,114.0098,685967
Agege,Agege,Nigeria,6.6156,3.3334,683600
Binzhou,Binzhou,China,37.3667,118.0167,682717
Oklahoma City,Oklahoma City,United States,35.4676,-97.5164,681054
Yuncheng,Yuncheng,China,35.0231,110.9928,680036
Dezhou,Dezhou,China,37.4466,116.3671,679535
Dushanbe,Dushanbe,Tajikistan,38.5358,68.779,679400
Cotonou,Cotonou,Benin,6.3654,2.4183,679012
El Paso,El Paso,United States,31.7587,-106.4869,678815
Gorakhpur,Gorakhpur,India,26.7663,83.3689,674246
Guadalupe,Guadalupe,Mexico,25.6766,-100.2591,673616
Wrocław,Wroclaw,Poland,51.1029,17.0301,672545
Denpasar,Denpasar,Indonesia,-8.65,115.2167,670210
Guntur,Guntur,India,16.2997,80.4573,670073
Katsina,Katsina,Nigeria,12.9908,7.6018,670000
Sanmenxia,Sanmenxia,China,34.7808,111.1929,669307
E’zhou,E'zhou,China,30.3961,114.8865,668727
Madīnat an Naşr,Madinat an Nasr,Egypt,30.0667,31.3,668413
Camama,Camama,Angola,-8.9361,13.2652,667094
Tabuk,Tabuk,Saudi Arabia,28.3998,36.5715,667000
Kitwe,Kitwe,Zambia,-12.8024,28.2132,665961
Bulawayo,Bulawayo,Zimbabwe,-20.15,28.5833,665952
Mudanjiang,Mudanjiang,China,44.548,129.6259,665915
Aracaju,Aracaju,Brazil,-10.9111,-37.0717,664908
Joinville,Joinville,Brazil,-26.3044,-48.8456,664500
Athens,Athens,Greece,37.9838,23.7278,664046
Zagreb,Zagreb,Croatia,45.8144,15.978,663592
Leshan,Leshan,China,29.5623,103.7639,662814
Santo André,Santo Andre,Brazil,-23.6639,-46.5383,662373
Vancouver,Vancouver,Canada,49.2497,-123.1193,662248
Rizhao,Rizhao,China,35.4141,119.5291,661943
Helsinki,Helsinki,Finland,60.1695,24.9354,658864
Cheonan,Cheonan,South Korea,36.8065,127.1522,658831
Acapulco de Juárez,Acapulco de Juarez,Mexico,16.8494,-99.9089,658609
Dongcun,Dongcun,China,36.7767,121.1597,658000
Banjarmasin,Banjarmasin,Indonesia,-3.3199,114.5907,657663
Puducherry,Puducherry,India,11.9338,79.8298,657209
Suining,Suining,China,30.508,105.5733,656760
Brampton,Brampton,Canada,43.6834,-79.7663,656480
Huangpu,Huangpu,China,31.2378,121.4781,656200
Golfe,Golfe,Angola,-8.8664,13.2617,655796
Puyang,Puyang,China,35.7564,115.0436,655674
Soacha,Soacha,Colombia,4.5794,-74.2168,655025
Boston,Boston,United States,42.3584,-71.0598,653833
Tlalnepantla,Tlalnepantla,Mexico,19.5401,-99.1954,653410
Jājmau,Jajmau,India,26.4304,80.4095,652831
Portland,Portland,United States,45.5234,-122.6762,652503
Calumbo,Calumbo,Angola,-9.1469,13.4194,652270
Tlaquepaque,Tlaquepaque,Mexico,20.6412,-103.2934,650123
Frankfurt am Main,Frankfurt am Main,Germany,50.1155,8.6842,650000
Macau,Macau,Macao,22.2006,113.5461,649335
Palermo,Palermo,Italy,38.1166,13.3636,648260
Izhevsk,Izhevsk,Russia,56.8522,53.1986,648213
Colombo,Colombo,Sri Lanka,6.9355,79.8487,648034
Maturín,Maturin,Venezuela,9.7457,-63.1832,647459
Amravati,Amravati,India,20.9333,77.75,647057
Lingyuan,Lingyuan,China,41.24,119.4011,646000
Detroit,Detroit,United States,42.3314,-83.0457,645705
Mingguang,Mingguang,China,32.7802,117.9638,645000
Osogbo,Osogbo,Nigeria,7.771,4.557,645000
Honchō,Honcho,Japan,35.7013,139.9865,644668
Bikaner,Bikaner,India,28.0176,73.3149,644406
Jaboatão dos Guararapes,Jaboatao dos Guararapes,Brazil,-8.1128,-35.0147,644037
Hoji ya Henda,Hoji ya Henda,Angola,-8.8052,13.2897,642050
Las Vegas,Las Vegas,United States,36.175,-115.1372,641903
New South Memphis,New South Memphis,United States,35.0868,-90.0568,641608
Hwaseong-si,Hwaseong-si,South Korea,37.2068,126.8169,640890
Gold Coast,Gold Coast,Australia,-28.0003,153.4309,640778
Łódź,Lodz,Poland,51.7706,19.4739,639890
Jeonju,Jeonju,South Korea,35.8219,127.1489,638421
Chongming,Chongming,China,31.6185,121.6962,637921
Al Aḩmadī,Al Ahmadi,Kuwait,29.0769,48.0839,637411
Cuenca,Cuenca,Ecuador,-2.8953,-78.9963,636996
Chisinau,Chisinau,Moldova,47.009,28.8594,635994
Likasi,Likasi,Democratic Republic of the Congo,-10.983,26.7384,635768
Jambi City,Jambi City,Indonesia,-1.6,103.6167,635101
Hebi,Hebi,China,35.7323,114.2862,634721
Comilla,Comilla,Bangladesh,23.4619,91.185,634654
Tshikapa,Tshikapa,Democratic Republic of the Congo,-6.4162,20.7999,634529
Chunian,Chunian,Pakistan,30.9662,73.9791,634236
Kochi,Kochi,India,9.9399,76.2602,633553
Memphis,Memphis,United States,35.1495,-90.049,633104
Jingmen,Jingmen,China,31.0336,112.2047,632954
Barnaul,Barnaul,Russia,53.362,83.7279,632372
Piura,Piura,Peru,-5.1819,-80.6572,630000
Siping,Siping,China,43.1614,124.3778,627957
Bhilai,Bhilai,India,21.2092,81.4285,627734
Ndola,Ndola,Zambia,-12.9587,28.6366,627503
Contagem,Contagem,Brazil,-19.9317,-44.0536,627123
Ulyanovsk,Ulyanovsk,Russia,54.3282,48.3866,626540
Djibouti,Djibouti,Djibouti,11.589,43.145,626512
Glasgow,Glasgow,United Kingdom,55.8651,-4.2576,626410
Panshan,Panshan,China,41.1881,122.0494,625040
Louisville,Louisville,United States,38.2542,-85.7594,624444
Irkutsk,Irkutsk,Russia,52.2957,104.2908,623869
Ansan-si,Ansan-si,South Korea,37.3236,126.8219,623256
Al Mansurah,Al Mansurah,Egypt,31.0364,31.3807,621953
Kermanshah,Kermanshah,Iran,34.3142,47.065,621100
Jiaozhou,Jiaozhou,China,36.2839,120.0033,619266
Düsseldorf,Duesseldorf,Germany,51.2232,6.7793,618685
Suizhou,Suizhou,China,31.7111,113.3631,618582
Villa Nueva,Villa Nueva,Guatemala,14.5251,-90.5854,618397
Khabarovsk,Khabarovsk,Russia,48.462,135.0971,618150
Cuiabá,Cuiaba,Brazil,-15.5961,-56.0967,618124
Arusha,Arusha,Tanzania,-3.3667,36.6833,617631
Feira de Santana,Feira de Santana,Brazil,-12.2667,-38.9667,616272
Las Piñas,Las Pinas,Philippines,14.4506,120.9828,615549
Chizhou,Chizhou,China,30.6613,117.4778,615274
Coyoacán,Coyoacan,Mexico,19.3467,-99.1617,614447
Stuttgart,Stuttgart,Germany,48.7823,9.177,612663
Ya'an,Ya'an,China,29.9852,102.999,612056
Cuttack,Cuttack,India,20.465,85.8793,610189
Borivli,Borivli,India,19.235,72.8598,609617
Chiclayo,Chiclayo,Peru,-6.7701,-79.855,609400
Yaroslavl,Yaroslavl,Russia,57.6299,39.8737,608722
Gothenburg,Gothenburg,Sweden,57.7072,11.9668,608462
Kawaguchi,Kawaguchi,Japan,35.8052,139.7107,607373
Bukit Rahman Putra,Bukit Rahman Putra,Malaysia,3.2173,101.5608,607000
Jhang Sadr,Jhang Sadr,Pakistan,31.2698,72.3169,606533
Ha'il,Ha'il,Saudi Arabia,27.5219,41.6907,605930
Bhavnagar,Bhavnagar,India,21.7629,72.1533,605882
Benoni,Benoni,South Africa,-26.1885,28.3208,605344
Vladivostok,Vladivostok,Russia,43.1056,131.8735,604901
Tuxtla,Tuxtla,Mexico,16.7536,-93.1158,604147
Kryvyy Rih,Kryvyy Rih,Ukraine,47.9057,33.394,603904
Sanming,Sanming,China,26.2486,117.6186,602166
Islamabad,Islamabad,Pakistan,33.7215,73.0433,601600
Sāngli,Sangli,India,16.8544,74.5642,601214
Jamnagar,Jamnagar,India,22.4729,70.0667,600943
Lubango,Lubango,Angola,-14.9172,13.4925,600751
Pokhara,Pokhara,Nepal,28.2669,83.9685,600051
Shuangyashan,Shuangyashan,China,46.6769,131.1327,600000
Borama,Borama,Somalia,9.9361,43.1828,597842
Pallabi,Pallabi,Bangladesh,23.825,90.37,597574
Luancheng,Luancheng,China,37.8845,114.6463,597130
Makhachkala,Makhachkala,Russia,42.9778,47.5003,596356
Anyang-si,Anyang-si,South Korea,37.3925,126.9269,595644
Huambo,Huambo,Angola,-12.7761,15.7392,595304
Samarkand,Samarkand,Uzbekistan,39.6546,66.9644,595200
Mengzi,Mengzi,China,23.3678,103.3821,595100
Kagoshima,Kagoshima,Japan,31.5667,130.55,595049
Mukalla,Mukalla,Yemen,14.5425,49.1242,594951
Rasht,Rasht,Iran,37.2761,49.5886,594590
Mar del Plata,Mar del Plata,Argentina,-38.0004,-57.5562,593337
Essen,Essen,Germany,51.4566,7.0123,593085
Al Maḩallah al Kubrá,Al Mahallah al Kubra,Egypt,30.9706,31.1669,592573
Málaga,Malaga,Spain,36.7202,-4.4203,592346
Shekhupura,Shekhupura,Pakistan,31.7129,73.9856,591424
Yingkou,Yingkou,China,40.6647,122.2318,591159
Zhangzhou,Zhangzhou,China,24.5133,117.6556,589831
Reynosa,Reynosa,Mexico,26.08,-98.2846,589466
Thuận An,Thuan An,Vietnam,10.9239,106.7143,588616
Dortmund,Dortmund,Germany,51.5149,7.466,588462
Suginami,Suginami,Japan,36.2013,140.2841,588354
Baltimore,Baltimore,United States,39.2904,-76.6122,585708
Itabashi,Itabashi,Japan,35.7489,139.715,584483
New Kingston,New Kingston,Jamaica,18.0075,-76.7832,583958
Pelentong,Pelentong,Malaysia,1.5243,103.824,583640
Cimahi,Cimahi,Indonesia,-6.8722,107.5425,581994
Londrina,Londrina,Brazil,-23.3103,-51.1628,581382
Bucaramanga,Bucaramanga,Colombia,7.125,-73.1189,581130
Genoa,Genoa,Italy,44.4048,8.9444,580097
Hachiōji,Hachioji,Japan,35.6558,139.3239,579355
Malacca,Malacca,Malaysia,2.196,102.2405,579000
Nha Trang,Nha Trang,Vietnam,12.2451,109.1943,579000
Kerman,Kerman,Iran,30.2832,57.0788,577514
Orūmīyeh,Orumiyeh,Iran,37.5527,45.0761,577307
Bahçelievler,Bahcelievler,Turkey,41.0023,28.8598,576799
Tanta,Tanta,Egypt,30.7885,31.0019,576648
Jammu,Jammu,India,32.7353,74.8617,576198
Iskandar Puteri,Iskandar Puteri,Malaysia,1.3932,103.6232,575977
Calamba,Calamba,Philippines,14.2117,121.1653,575046
Tlalpan,Tlalpan,Mexico,19.2951,-99.1621,574577
Herāt,Herat,Afghanistan,34.3482,62.1997,574300
Dongsheng,Dongsheng,China,39.8161,109.9776,574242
Gujrat,Gujrat,Pakistan,32.5742,74.0754,574240
Tomsk,Tomsk,Russia,56.5005,84.9822,574002
Umraniye,Umraniye,Turkey,41.0164,29.1248,573265
Shihezi,Shihezi,China,44.3023,86.0369,572772
South Boston,South Boston,United States,42.3334,-71.0495,571281
Nakuru,Nakuru,Kenya,-0.3072,36.0722,570674
Hamilton,Hamilton,Canada,43.2501,-79.8496,569353
Irbid,Irbid,Jordan,32.5556,35.85,569068
Manchester,Manchester,United Kingdom,53.4809,-2.2374,568996
Kota Bharu,Kota Bharu,Malaysia,6.1236,102.2433,568900
Surrey,Surrey,Canada,49.1063,-122.8251,568322
Meknes,Meknes,Morocco,33.8935,-5.5473,568295
Puente Alto,Puente Alto,Chile,-33.6117,-70.5758,568106
Nyala,Nyala,Sudan,12.0489,24.8807,565734
Xinmin,Xinmin,China,41.9908,122.8253,565634
Dresden,Dresden,Germany,51.0509,13.7383,564904
Orenburg,Orenburg,Russia,51.7671,55.0988,564773
Albuquerque,Albuquerque,United States,35.0845,-106.6511,564559
Bokāro,Bokaro,India,23.6693,86.1516,564319
Asmara,Asmara,Eritrea,15.3381,38.9318,563930
Sukkur,Sukkur,Pakistan,27.7032,68.8589,563851
Milwaukee,Milwaukee,United States,43.0389,-87.9065,563531
Chợ Lớn,Cho Lon,Vietnam,10.753,106.659,561000
Wenchang,Wenchang,China,19.5516,110.8028,560894
Ile-Ife,Ile-Ife,Nigeria,7.4824,4.5603,560000
Gombe,Gombe,Nigeria,10.2897,11.1673,560000
Hamhŭng,Hamhung,North Korea,39.9183,127.5364,559056
Kemerovo,Kemerovo,Russia,55.3542,86.1043,558973
Nasiriyah,Nasiriyah,Iraq,31.058,46.2573,558400
Bloemfontein,Bloemfontein,South Africa,-29.1211,26.214,556637
Sheffield,Sheffield,United Kingdom,53.383,-1.4659,556500
Santiago de Cuba,Santiago de Cuba,Cuba,20.0229,-75.8217,555865
Cuautitlán Izcalli,Cuautitlan Izcalli,Mexico,19.6439,-99.216,555163
Benguela,Benguela,Angola,-12.5767,13.4027,555124
Chuxiong,Chuxiong,China,25.0364,101.5456,555081
Balbala,Balbala,Djibouti,11.5619,43.1067,554350
Huaihua,Huaihua,China,27.5634,110.004,552622
Sishui,Sishui,China,35.6489,117.2758,552300
Muntinlupa,Muntinlupa,Philippines,14.3903,121.0475,552225
Bình Thạnh,Binh Thanh,Vietnam,10.811,106.706,552164
Zahedan,Zahedan,Iran,29.4963,60.8629,551980
Banqiao,Banqiao,Taiwan,25.0143,121.4672,551221
Nanded,Nanded,India,19.1602,77.315,550564
Kozhikode,Kozhikode,India,11.248,75.7804,550440
Ulanqab,Ulanqab,China,40.993,113.133,550231
Cabinda,Cabinda,Angola,-5.562,12.1948,550000
Ajegunle,Ajegunle,Nigeria,6.452,3.3312,550000
Pristina,Pristina,Kosovo,42.6727,21.1669,550000
Jiamusi,Jiamusi,China,46.7971,130.3112,549549
Korla,Korla,China,41.7606,86.1523,549324
Kolhāpur,Kolhapur,India,16.6956,74.2317,549236
Porto Velho,Porto Velho,Brazil,-8.7619,-63.9039,548952
San Miguel de Tucumán,San Miguel de Tucuman,Argentina,-26.816,-65.2105,548866
Kuantan,Kuantan,Malaysia,3.8077,103.326,548014
Sevastopol,Sevastopol,Ukraine,44.608,33.5213,547820
Nellore,Nellore,India,14.4499,79.987,547621
Mirpur Model Thana,Mirpur Model Thana,Bangladesh,23.8093,90.3609,546503
Bremen,Bremen,Germany,53.0758,8.8072,546501
Wanning,Wanning,China,18.7993,110.3841,545992
Owerri,Owerri,Nigeria,5.4836,7.0332,545000
Kota Kuala Muda,Kota Kuala Muda,Malaysia,5.5882,100.3709,544984
Sungai Petani,Sungai Petani,Malaysia,5.647,100.4877,544851
Xinzhou,Xinzhou,China,38.4092,112.7333,544683
Kotō,Koto,Japan,32.7786,130.7454,543730
Kalaburagi,Kalaburagi,India,17.3358,76.8376,543147
Tucson,Tucson,United States,32.2217,-110.9265,542629
Selayang Baru Utara,Selayang Baru Utara,Malaysia,3.2549,101.6668,542409
Vilnius,Vilnius,Lithuania,54.6892,25.2798,542366
Ajmer,Ajmer,India,26.4521,74.6387,542321
Pingdu,Pingdu,China,36.7844,119.9464,542234
Fresno,Fresno,United States,36.7477,-119.7724,542107
Mbeya,Mbeya,Tanzania,-8.9,33.45,541603
Juiz de Fora,Juiz de Fora,Brazil,-21.7642,-43.3503,540756
Calabar,Calabar,Nigeria,4.9589,8.327,540000
Oujda,Oujda,Morocco,34.6814,-1.9086,539711
Novokuznetsk,Novokuznetsk,Russia,53.7575,87.136,539616
Ryazan’,Ryazan',Russia,54.627,39.7041,538962
Ji’an,Ji'an,China,27.1172,114.9793,538699
Sahiwal,Sahiwal,Pakistan,31.9739,72.3311,538344
Sahiwal,Sahiwal,Pakistan,30.6659,73.1019,538344
Mersin,Mersin,Turkey,36.812,34.6389,537842
Nilüfer,Niluefer,Turkey,40.214,28.9157,536365
Leeds,Leeds,United Kingdom,53.7965,-1.5478,536280
Poznań,Poznan,Poland,52.4069,16.9299,536151
Aqsu,Aqsu,China,41.1842,80.2792,535657
Ebute Ikorodu,Ebute Ikorodu,Nigeria,6.6009,3.4882,535619
Ananindeua,Ananindeua,Brazil,-1.3656,-48.3722,535547
Tanggu,Tanggu,China,39.0211,117.6469,535298
Pasir Gudang,Pasir Gudang,Malaysia,1.462,103.9053,534659
Astrakhan,Astrakhan,Russia,46.3497,48.0408,533925
Okara,Okara,Pakistan,30.8103,73.4515,533693
Nansana,Nansana,Uganda,0.3639,32.5286,532800
Kimhae,Kimhae,South Korea,35.2342,128.8811,531966
Ar Raqqah,Ar Raqqah,Syria,35.9528,39.0079,531952
Québec,Quebec,Canada,46.8123,-71.2145,531902
Cuauhtémoc,Cuauhtemoc,Mexico,19.4451,-99.1461,531831
Shangluo,Shangluo,China,33.8667,109.9306,531696
Himeji,Himeji,Japan,34.8167,134.7,530495
Ibagué,Ibague,Colombia,4.4357,-75.2029,529635
Antwerp,Antwerp,Belgium,51.2205,4.4003,529247
Assiut,Assiut,Egypt,27.181,31.1837,528669
Hamadān,Hamadan,Iran,34.7992,48.5146,528256
Qionghai,Qionghai,China,19.2425,110.4642,528238
Aparecida de Goiânia,Aparecida de Goiania,Brazil,-16.8233,-49.2439,527796
Cangzhou,Cangzhou,China,38.3112,116.8533,527681
Mohammadpur,Mohammadpur,Bangladesh,24.8984,88.5284,527571
Surakarta,Surakarta,Indonesia,-7.5561,110.8317,526870
Yuanping,Yuanping,China,38.7153,112.7575,526000
San Salvador,San Salvador,El Salvador,13.6893,-89.1872,525990
Beihai,Beihai,China,21.4835,109.1155,525329
Van,Van,Turkey,38.4946,43.3832,525016
Sacramento,Sacramento,United States,38.5816,-121.4944,524943
Thủ Đức,Thu GJuc,Vietnam,10.8486,106.7721,524670
Üsküdar,UEskuedar,Turkey,41.0227,29.0137,524452
Penza,Penza,Russia,53.1957,45.0108,523553
Mazār-e Sharīf,Mazar-e Sharif,Afghanistan,36.709,67.1109,523300
Kandahār,Kandahar,Afghanistan,31.6133,65.7101,523300
Hengshui,Hengshui,China,37.7391,115.6835,522147
Dehradun,Dehradun,India,30.3244,78.0339,522081
Erode,Erode,India,11.3428,77.7274,521891
Lyon,Lyon,France,45.7491,4.8479,520774
Salta,Salta,Argentina,-24.8065,-65.42,520683
Serra,Serra,Brazil,-20.1286,-40.3078,520653
Esenler,Esenler,Turkey,41.0435,28.8762,520235
Daxing’anling,Daxing'anling,China,52.3338,124.7124,520000
Qui Nhon,Qui Nhon,Vietnam,13.7765,109.2237,519208
Al Fayyum,Al Fayyum,Egypt,29.31,30.8418,519047
Durgapur,Durgapur,India,23.5158,87.308,518872
Utsunomiya,Utsunomiya,Japan,36.5667,139.8833,518757
Victoria de Durango,Victoria de Durango,Mexico,24.0203,-104.6576,518709
Belford Roxo,Belford Roxo,Brazil,-22.7642,-43.3994,518384
Lisbon,Lisbon,Portugal,38.7251,-9.1498,517802
Rahim Yar Khan,Rahim Yar Khan,Pakistan,28.4199,70.3034,517000
Ulhasnagar,Ulhasnagar,India,19.2167,73.15,516584
Guangyuan,Guangyuan,China,32.442,105.823,516424
Loni,Loni,India,28.7514,77.2902,516082
Siliguri,Siliguri,India,26.71,88.4285,515574
Nuremberg,Nuremberg,Germany,49.4542,11.0775,515543
Niterói,Niteroi,Brazil,-22.8833,-43.1036,515317
Ujjain,Ujjain,India,23.1824,75.7764,515215
Hannover,Hannover,Germany,52.3705,9.7332,515140
Edinburgh,Edinburgh,United Kingdom,55.9521,-3.1965,514990
Macapá,Macapa,Brazil,0.0389,-51.0664,512902
Xianning,Xianning,China,29.8435,114.322,512517
Toulouse,Toulouse,France,43.6043,1.4437,511684
Thembisa,Thembisa,South Africa,-25.9964,28.2268,511655
Carrefour,Carrefour,Haiti,18.5333,-72.4,511345
Matsuyama,Matsuyama,Japan,33.8392,132.7657,511192
Bilimora,Bilimora,India,20.7696,72.9613,510879
Kasur,Kasur,Pakistan,31.1187,74.4502,510875
Atlanta,Atlanta,United States,33.749,-84.388,510823
Heroica Matamoros,Heroica Matamoros,Mexico,25.8797,-97.5042,510739
Makati City,Makati City,Philippines,14.5503,121.0327,510383
Buda,Buda,Hungary,47.5,19.0333,510108
Tonghua,Tonghua,China,41.7197,125.9264,510000
"Mianzhu, Deyang, Sichuan","Mianzhu, Deyang, Sichuan",China,31.3379,104.2206,510000
Naberezhnyye Chelny,Naberezhnyye Chelny,Russia,55.7372,52.4196,509870
Lipetsk,Lipetsk,Russia,52.5876,39.5515,509735
Kikwit,Kikwit,Democratic Republic of the Congo,-5.041,18.8162,509367
Florianópolis,Florianopolis,Brazil,-27.5967,-48.5492,508826
Banan,Banan,China,29.3786,106.54,508703
Newcastle,Newcastle,Australia,-32.9295,151.7801,508437
Tuen Mun,Tuen Mun,Hong Kong,22.3917,113.9716,507900
Zhangye,Zhangye,China,38.9342,100.4517,507433
Kirov,Kirov,Russia,58.5981,49.6578,507155
Kashgar,Kashgar,China,39.4672,75.9868,506640
Mukim Pulai,Mukim Pulai,Malaysia,1.5333,103.6667,505661
Najrān,Najran,Saudi Arabia,17.4933,44.1277,505652
Karol Bāgh,Karol Bagh,India,28.6514,77.1907,505241
Zhoukou,Zhoukou,China,33.6333,114.6333,505171
Leipzig,Leipzig,Germany,51.3396,12.3713,504971
Pingliang,Pingliang,China,35.5392,106.6861,504848
Kalininskiy,Kalininskiy,Russia,59.9967,30.3899,504641
Duisburg,Duisburg,Germany,51.4325,6.7652,504358
Āsansol,Asansol,India,23.6833,86.9833,504271
Arāk,Arak,Iran,34.0949,49.6981,503647
Maipú,Maipu,Chile,-33.5142,-70.7651,503635
Homyel',Homyel',Belarus,52.4345,30.9754,501193
Aktobe,Aktobe,Kazakhstan,50.2797,57.2072,500757
Kota Kinabalu,Kota Kinabalu,Malaysia,5.9749,116.0724,500421
Talatona,Talatona,Angola,-8.9178,13.1856,500000
Kampung Larkin Lama,Kampung Larkin Lama,Malaysia,1.5024,103.744,500000
Kota Damansara,Kota Damansara,Malaysia,3.1545,101.5802,500000
Jalalpur Pirwala,Jalalpur Pirwala,Pakistan,29.5051,71.222,500000
Mangaluru,Mangaluru,India,12.9172,74.856,499487
Zhucheng,Zhucheng,China,35.9947,119.3975,499285
Santa Marta,Santa Marta,Colombia,11.2386,-74.1943,499192
Matsudo,Matsudo,Japan,35.7799,139.9014,498575
Hāthazāri,Hathazari,Bangladesh,22.5052,91.8134,498179
Lapu-Lapu City,Lapu-Lapu City,Philippines,10.3103,123.9494,497813
Karagandy,Karagandy,Kazakhstan,49.8019,73.1021,497777
Loudi,Loudi,China,27.7344,111.9944,497171
Liverpool,Liverpool,United Kingdom,53.4106,-2.9779,496770
Ichikawa,Ichikawa,Japan,35.7341,139.9065,496676
Sha Tin,Sha Tin,Hong Kong,22.3833,114.1833,495200
Dera Ghazi Khan,Dera Ghazi Khan,Pakistan,30.0459,70.6403,494464
Hecun,Hecun,China,36.5333,114.1111,494412
Higashiosaka,Higashiosaka,Japan,34.6667,135.5833,493940
Pindi Bhattian,Pindi Bhattian,Pakistan,31.8984,73.2734,493222
Cheboksary,Cheboksary,Russia,56.1322,47.246,492331
Pohang,Pohang,South Korea,36.0292,129.3648,492041
Shanwei,Shanwei,China,22.782,115.3475,491766
Montería,Monteria,Colombia,8.7508,-75.8782,490935
Ruiru,Ruiru,Kenya,-1.1466,36.9609,490120
Valledupar,Valledupar,Colombia,10.4654,-73.2531,490075
Belagavi,Belagavi,India,15.8521,74.5045,490045
Ajman,Ajman,United Arab Emirates,25.4018,55.4788,490035
Jianshui,Jianshui,China,24.2774,101.224,490000
Sancaktepe,Sancaktepe,Turkey,41.0024,29.2319,489848
Port Sudan,Port Sudan,Sudan,19.6175,37.2164,489725
Toluca,Toluca,Mexico,19.2879,-99.6532,489333
Ciudad López Mateos,Ciudad Lopez Mateos,Mexico,19.5579,-99.2567,489160
Al Khuşūş,Al Khusus,Egypt,30.1529,31.315,488904
Jeju City,Jeju City,South Korea,33.5097,126.5219,488844
Gdańsk,Gdansk,Poland,54.3523,18.6491,487371
Miami,Miami,United States,25.7743,-80.1937,487014
Omaha,Omaha,United States,41.2563,-95.9404,486051
Nishinomiya,Nishinomiya,Japan,34.7156,135.332,485587
Masina,Masina,Democratic Republic of the Congo,-4.3836,15.3914,485167
Sahāranpur,Saharanpur,India,29.9679,77.5452,484873
Vellore,Vellore,India,12.9184,79.1325,484690
Donghe,Donghe,China,40.5661,110.0197,484218
Kurashiki,Kurashiki,Japan,34.5833,133.7667,483576
Campos dos Goytacazes,Campos dos Goytacazes,Brazil,-21.7523,-41.3304,483540
Angeles City,Angeles City,Philippines,15.15,120.5833,483452
Bhātpāra,Bhatpara,India,22.8664,88.4011,483129
Jijiga,Jijiga,Ethiopia,9.35,42.8,483000
Tula,Tula,Russia,54.1961,37.6182,482873
Najaf,Najaf,Iraq,32.0259,44.3462,482576
Raleigh,Raleigh,United States,35.7721,-78.6386,482295
Imus,Imus,Philippines,14.4297,120.9367,481949
Xichang,Xichang,China,27.8964,102.2634,481796
Malegaon,Malegaon,India,20.5497,74.5346,481228
Zaoyang,Zaoyang,China,32.1272,112.7542,481004
São José do Rio Preto,Sao Jose do Rio Preto,Brazil,-20.8197,-49.3794,480393
Caxias do Sul,Caxias do Sul,Brazil,-29.1681,-51.1794,479599
Karabağlar,Karabaglar,Turkey,38.382,27.132,479338
Okene,Okene,Nigeria,7.5512,6.2359,479178
Uijeongbu-si,Uijeongbu-si,South Korea,37.7415,127.0474,479141
Bristol,Bristol,United Kingdom,51.4552,-2.5966,479024
East London,East London,South Africa,-33.0153,27.9116,478676
Chéngguān Qū,Chengguan Qu,China,29.6384,91.0444,478275
Yazd,Yazd,Iran,31.8972,54.3675,477905
Hargeysa,Hargeysa,Somalia,9.56,44.065,477876
Ōita,Oita,Japan,33.2333,131.6,477715
Jincheng,Jincheng,China,35.5022,112.8328,476945
Hongjiang,Hongjiang,China,27.11,109.9956,476000
Modīnagar,Modinagar,India,28.8306,77.573,475843
Taoyuan,Taoyuan,Taiwan,24.9937,121.297,475798
Eldoret,Eldoret,Kenya,0.5204,35.2699,475716
Kansas City,Kansas City,United States,39.0997,-94.5786,475378
Yan’an,Yan'an,China,36.5989,109.4917,475234
Kaliningrad,Kaliningrad,Russia,54.7064,20.511,475056
Skopje,Skopje,North Macedonia,41.9965,21.4314,474889
Kupang,Kupang,Indonesia,-10.1708,123.6069,474801
Vereeniging,Vereeniging,South Africa,-26.6731,27.9261,474681
The Hague,The Hague,The Netherlands,52.0767,4.2986,474292
Long Beach,Long Beach,United States,33.767,-118.1892,474140
Gaya,Gaya,India,24.7969,85.0038,474093
Iloilo,Iloilo,Philippines,10.6969,122.5644,473728
Shouguang,Shouguang,China,36.88,118.7375,473620
Jingdezhen,Jingdezhen,China,29.2947,117.2079,473561
Murcia,Murcia,Spain,37.987,-1.13,471982
Mesa,Mesa,United States,33.4223,-111.8226,471825
Halifax,Halifax,Canada,44.6427,-63.5769,471559
Morogoro,Morogoro,Tanzania,-6.821,37.6612,471409
Marikina City,Marikina City,Philippines,14.6481,121.1133,471323
Kenitra,Kenitra,Morocco,34.261,-6.5802,470949
Seeb,Seeb,Oman,23.6703,58.1891,470878
Cilegon,Cilegon,Indonesia,-6.0144,106.0542,470378
Mykolayiv,Mykolayiv,Ukraine,46.9763,31.993,470011
Fukuyama,Fukuyama,Japan,34.4833,133.3667,468812
Staten Island,Staten Island,United States,40.5623,-74.1399,468730
Nanping,Nanping,China,26.645,118.1736,467875
Pereira,Pereira,Colombia,4.8143,-75.6949,467269
Ciudad Apodaca,Ciudad Apodaca,Mexico,25.7814,-100.1891,467157
São João de Meriti,Sao Joao de Meriti,Brazil,-22.8039,-43.3722,466536
Ambattur,Ambattur,India,13.0982,80.1615,466205
Kanazawa,Kanazawa,Japan,36.6,136.6167,466029
Gonder,Gonder,Ethiopia,12.6,37.4667,466000
Mandaluyong City,Mandaluyong City,Philippines,14.5832,121.0409,465902
Mixco,Mixco,Guatemala,14.6308,-90.6071,465773
Longshan,Longshan,China,42.8854,125.1367,465249
Ikare,Ikare,Nigeria,7.5259,5.7534,465000
Nova Vida,Nova Vida,Angola,-8.9055,13.2221,464985
Vũng Tàu,Vung Tau,Vietnam,10.346,107.0843,464860
Maracay,Maracay,Venezuela,10.2497,-67.5948,464700
Tamale,Tamale,Ghana,9.4008,-0.8393,464316
Heyuan,Heyuan,China,23.7333,114.6833,463907
Dĩ An,Di An,Vietnam,10.9068,106.7694,463023
Kira,Kira,Uganda,0.4,32.6333,462900
Esna,Esna,Egypt,25.2934,32.554,462787
Huangshan,Huangshan,China,29.7114,118.3125,460786
Ḩamāh,Hamah,Syria,35.1318,36.7578,460602
Jalgaon,Jalgaon,India,21.0029,75.566,460228
Kurnool,Kurnool,India,15.8289,78.036,460184
Yola,Yola,Nigeria,9.2084,12.4815,460000
Tieling,Tieling,China,42.2931,123.8414,459985
Rạch Giá,Rach Gia,Vietnam,10.0124,105.0809,459860
Amagasaki,Amagasaki,Japan,34.7167,135.4167,459593
Manado,Manado,Indonesia,1.4822,124.8489,458582
Santo Domingo de los Colorados,Santo Domingo de los Colorados,Ecuador,-0.2537,-79.1763,458580
Ţarţūs,Tartus,Syria,34.889,35.8866,458327
Mek'ele,Mek'ele,Ethiopia,13.4967,39.4753,457900
Nazrēt,Nazret,Ethiopia,8.55,39.2667,456900
Colorado Springs,Colorado Springs,United States,38.8339,-104.8214,456568
Huancayo,Huancayo,Peru,-12.0687,-75.2103,456250
Al Hillah,Al Hillah,Iraq,32.4637,44.4196,455700
Mbandaka,Mbandaka,Democratic Republic of the Congo,0.0486,18.2603,455011
Malanje,Malanje,Angola,-9.5402,16.341,455000
Namp’o,Namp'o,North Korea,38.7375,125.4078,455000
Ciudad General Escobedo,Ciudad General Escobedo,Mexico,25.7966,-100.3177,454967
Bacolod City,Bacolod City,Philippines,10.6667,122.95,454898
Virginia Beach,Virginia Beach,United States,36.8529,-75.978,454808
Wafangdian,Wafangdian,China,39.6183,122.0081,454338
Mansilingan,Mansilingan,Philippines,10.6311,122.9789,454150
Kahama,Kahama,Tanzania,-3.8333,32.6,453654
Hsinchu,Hsinchu,Taiwan,24.8036,120.9686,453536
Katsushika,Katsushika,Japan,35.7333,139.85,453093
Bornova,Bornova,Turkey,38.4792,27.2399,452479
Rāmgundam,Ramgundam,India,18.8008,79.4521,452261
Batman,Batman,Turkey,37.8874,41.1322,452157
Yongji,Yongji,China,34.8661,110.4403,452000
Lishui,Lishui,China,28.4604,119.9103,451418
Udaipur,Udaipur,India,24.5858,73.7135,451100
Warder,Warder,Ethiopia,6.9744,45.3408,450400
Wenshan City,Wenshan City,China,23.3631,104.2505,450000
Eslamshahr,Eslamshahr,Iran,35.5522,51.235,450000
Juba,Juba,South Sudan,4.8517,31.5825,450000
Muratpaşa,Muratpasa,Turkey,36.8916,30.765,450000
Bắc Giang,Bac Giang,Vietnam,21.2731,106.1946,450000
Şanlıurfa,Sanliurfa,Turkey,37.1671,38.7939,449549
Kursk,Kursk,Russia,51.7269,36.1846,448733
Maheshtala,Maheshtala,India,22.5086,88.2532,448317
Nam Định,Nam GJinh,Vietnam,20.4339,106.1773,448225
Constantine,Constantine,Algeria,36.365,6.6147,448028
Patiāla,Patiala,India,30.3362,76.3922,446246
Boksburg,Boksburg,South Africa,-26.212,28.2596,445168
Basuo,Basuo,China,19.1027,108.6656,444458
Campina Grande,Campina Grande,Brazil,-7.2306,-35.8811,443911
Ensenada,Ensenada,Mexico,31.8715,-116.6007,443807
Elazığ,Elazig,Turkey,38.6743,39.2232,443363
Jundiaí,Jundiai,Brazil,-23.1864,-46.8842,443221
Xochimilco,Xochimilco,Mexico,19.2547,-99.1036,442178
Shyamnagar,Shyamnagar,India,22.8333,88.3667,441956
Dasmariñas,Dasmarinas,Philippines,14.3294,120.9367,441876
Zhangjiajie,Zhangjiajie,China,29.1294,110.4783,441804
Mataram,Mataram,Indonesia,-8.5833,116.1167,441147
Korhogo,Korhogo,Ivory Coast,9.458,-5.6296,440926
Piracicaba,Piracicaba,Brazil,-22.7253,-47.6492,440835
Fujisawa,Fujisawa,Japan,35.3493,139.4767,439728
Bissau,Bissau,Guinea-Bissau,11.8636,-15.5977,439704
Zhongxiang,Zhongxiang,China,31.1661,112.5831,439394
Sandakan,Sandakan,Malaysia,5.8402,118.1179,439050
Mawlamyine,Mawlamyine,Myanmar,16.4905,97.6282,438861
Laval,Laval,Canada,45.5699,-73.692,438366
Palma,Palma,Spain,39.5694,2.6502,438234
Montes Claros,Montes Claros,Brazil,-16.735,-43.8617,437601
Sunch’ŏn,Sunch'on,North Korea,39.4317,125.9328,437000
Sultangazi,Sultangazi,Turkey,41.1065,28.8685,436935
Uyo,Uyo,Nigeria,5.0513,7.9335,436606
Bei’an,Bei'an,China,48.2667,126.6,436444
Davangere,Davangere,India,14.4669,75.9269,435128
Macheng,Macheng,China,31.1801,115.0221,435076
Ado-Ekiti,Ado-Ekiti,Nigeria,7.6233,5.2209,435000
Manizales,Manizales,Colombia,5.0668,-75.5068,434403
Masan,Masan,South Korea,35.1272,126.8315,434371
Buôn Ma Thuột,Buon Ma Thuot,Vietnam,12.6675,108.0378,434256
Stavropol,Stavropol,Russia,45.0344,41.9642,433931
Shuozhou,Shuozhou,China,39.3158,112.4225,433700
Kashiwa,Kashiwa,Japan,35.8622,139.9773,433436
Ogbomoso,Ogbomoso,Nigeria,8.1337,4.2401,433030
Tel Aviv,Tel Aviv,Israel,32.0809,34.7806,432892
Buenaventura,Buenaventura,Colombia,3.5833,-77.0,432385
Welkom,Welkom,South Africa,-27.9774,26.7351,431944
Sham Shui Po,Sham Shui Po,Hong Kong,22.3302,114.1595,431090
Machida,Machida,Japan,35.5403,139.4508,431079
Venustiano Carranza,Venustiano Carranza,Mexico,19.4436,-99.105,430978
Zagazig,Zagazig,Egypt,30.5877,31.502,430445
Vinnytsya,Vinnytsya,Ukraine,49.2322,28.4687,430091
Ismailia,Ismailia,Egypt,30.6043,32.2722,429465
Ningde,Ningde,China,26.6617,119.5228,429260
Akola,Akola,India,20.7096,76.9981,428857
Kima Kieza,Kima Kieza,Angola,-8.8341,13.2952,428855
Cusco,Cusco,Peru,-13.5319,-71.967,428450
Jiuquan,Jiuquan,China,39.7432,98.5174,428346
Veracruz,Veracruz,Mexico,19.1809,-96.1429,428323
East Jerusalem,East Jerusalem,Palestinian Territory,31.7834,35.2339,428304
Bryansk,Bryansk,Russia,53.271,34.3214,427236
Maltepe,Maltepe,Turkey,40.9357,29.1551,427040
Sumgayit,Sumgayit,Azerbaijan,40.5897,49.6686,427000
Tando Bago,Tando Bago,Pakistan,24.7891,68.9654,426535
Kuala Terengganu,Kuala Terengganu,Malaysia,5.3302,103.1408,426500
Toyota,Toyota,Japan,35.0833,137.15,426162
Matadi,Matadi,Democratic Republic of the Congo,-5.8386,13.4631,425662
Al Kharj,Al Kharj,Saudi Arabia,24.1554,47.3346,425300
Wong Tai Sin,Wong Tai Sin,Hong Kong,22.35,114.1833,425235
Minna,Minna,Nigeria,9.6152,6.5478,425000
Mandaluyong,Mandaluyong,Philippines,14.5784,121.0352,425000
Xalapa de Enríquez,Xalapa de Enriquez,Mexico,19.5312,-96.9159,424755
Rajpur Sonarpur,Rajpur Sonarpur,India,22.4382,88.4321,424368
Bratislava,Bratislava,Slovakia,48.1482,17.1067,423737
Taman Petaling,Taman Petaling,Malaysia,3.1992,101.6498,423062
Shinagawa,Shinagawa,Japan,33.6363,133.0057,422488
Al Ḩasakah,Al Hasakah,Syria,36.5024,40.7477,422445
Luxor,Luxor,Egypt,25.6989,32.6421,422407
London,London,Canada,42.9834,-81.233,422324
Awasa,Awasa,Ethiopia,7.0621,38.4763,422200
Chimoio,Chimoio,Mozambique,-19.1164,33.4833,422046
Tando Allahyar,Tando Allahyar,Pakistan,25.4605,68.7174,421923
Daloa,Daloa,Ivory Coast,6.8773,-6.4502,421871
Barra da Tijuca,Barra da Tijuca,Brazil,-22.9983,-43.3655,421438
Dingxi,Dingxi,China,35.5709,104.623,420614
Bamenda,Bamenda,Cameroon,5.9597,10.146,420445
Tver,Tver,Russia,56.8584,35.9006,420065
Thái Nguyên,Thai Nguyen,Vietnam,21.5942,105.8482,420000
Boa Vista,Boa Vista,Brazil,2.8197,-60.6733,419652
Rio Branco,Rio Branco,Brazil,-9.9747,-67.81,419452
Oakland,Oakland,United States,37.8044,-122.2708,419267
Christchurch,Christchurch,New Zealand,-43.5333,172.6333,419200
Korba,Korba,India,22.3458,82.6963,419146
Takamatsu,Takamatsu,Japan,34.3333,134.05,418994
Kowloon City,Kowloon City,Hong Kong,22.3305,114.1922,418732
Santos,Santos,Brazil,-23.9608,-46.3336,418608
Tirana,Tirana,Albania,41.3274,19.8187,418495
Petrolina,Petrolina,Brazil,-9.3986,-40.5008,418444
Mauá,Maua,Brazil,-23.6678,-46.4614,418261
San Juan,San Juan,Puerto Rico,18.4663,-66.1057,418140
Alor Setar,Alor Setar,Malaysia,6.121,100.3601,417800
Tongchuan,Tongchuan,China,34.8988,108.9506,417740
Pasay,Pasay,Philippines,14.5375,121.0014,416522
Nuevo Laredo,Nuevo Laredo,Mexico,27.4763,-99.5164,416055
Toyama,Toyama,Japan,36.7,137.2167,415844
Tétouan,Tetouan,Morocco,35.5784,-5.3684,415810
Zürich,Zuerich,Switzerland,47.3667,8.55,415367
Beylikdüzü,Beylikduezue,Turkey,40.982,28.6399,415290
Việt Trì,Viet Tri,Vietnam,21.3227,105.402,415280
Azcapotzalco,Azcapotzalco,Mexico,19.487,-99.1859,414711
Tampa,Tampa,United States,27.9475,-82.4584,414547
Bunamwaya,Bunamwaya,Uganda,0.2534,32.5572,413400
Magnitogorsk,Magnitogorsk,Russia,53.3981,59.0066,413351
Tulsa,Tulsa,United States,36.154,-95.9928,413066
Jhānsi,Jhansi,India,25.4589,78.5799,412927
Tseung Kwan O,Tseung Kwan O,Hong Kong,22.3279,114.2499,412900
Ciudad Bolívar,Ciudad Bolivar,Venezuela,8.1237,-63.5469,412619
Kampung Kangkar Teberau,Kampung Kangkar Teberau,Malaysia,1.532,103.7549,412373
Koumassi,Koumassi,Ivory Coast,5.2972,-3.9675,412282
San Nicolás de los Garza,San Nicolas de los Garza,Mexico,25.7417,-100.3022,412199
Guyuan,Guyuan,China,36.0067,106.2808,411854
Wandsbek,Wandsbek,Germany,53.5833,10.0831,411422
Minneapolis,Minneapolis,United States,44.98,-93.2638,410939
Jayapura,Jayapura,Indonesia,-2.5337,140.7181,410852
Thoothukudi,Thoothukudi,India,8.7674,78.1342,410760
Ardabīl,Ardabil,Iran,38.2498,48.2933,410753
Ballari,Ballari,India,15.142,76.924,410445
Chaoyang,Chaoyang,China,41.5703,120.4586,410005
Gaza,Gaza,Palestinian Territory,31.5016,34.4667,410000
Maringá,Maringa,Brazil,-23.4253,-51.9386,409657
Yokosuka,Yokosuka,Japan,35.2836,139.6672,409478
Kom Ombo,Kom Ombo,Egypt,24.4767,32.9463,409311
Saltivka,Saltivka,Ukraine,50.0221,36.349,409300
Nagasaki,Nagasaki,Japan,32.75,129.8833,409118
Gujangbagh,Gujangbagh,China,37.1093,79.9343,408894
Tonalá,Tonala,Mexico,20.6226,-103.2417,408759
Zhijiang,Zhijiang,China,30.4214,111.7533,408487
Panama City,Panama City,Panama,8.9936,-79.5197,408168
Uvira,Uvira,Democratic Republic of the Congo,-3.3953,29.1378,407092
Hirakata,Hirakata,Japan,34.8135,135.6491,406331
Ivanovo,Ivanovo,Russia,56.9999,40.9726,406113
Cumaná,Cumana,Venezuela,10.4639,-64.1786,405626
Newcastle,Newcastle,South Africa,-27.758,29.9318,404838
Gumi,Gumi,South Korea,36.1136,128.336,404691
Brno,Brno,Czechia,49.1952,16.608,404296
Jixi,Jixi,China,45.2932,130.9622,403759
Diadema,Diadema,Brazil,-23.6861,-46.6228,403579
Kuching,Kuching,Malaysia,1.55,110.3333,402738
Gifu,Gifu,Japan,35.4229,136.7604,402557
Caruaru,Caruaru,Brazil,-8.2833,-35.9761,402290
Tongling,Tongling,China,30.95,117.7833,402062
Tarlac City,Tarlac City,Philippines,15.4802,120.5979,401892
Toyonaka,Toyonaka,Japan,34.7824,135.4693,401558
Kassala,Kassala,Sudan,15.451,36.4,401477
Miyazaki,Miyazaki,Japan,31.9167,131.4167,401339
Lekki,Lekki,Nigeria,6.4463,3.4772,401272
Antofagasta,Antofagasta,Chile,-23.6509,-70.3975,401096
Wah Cantt,Wah Cantt,Pakistan,33.7709,72.7512,400733
Bhāgalpur,Bhagalpur,India,25.2445,86.9718,400146
Agartala,Agartala,India,23.8361,91.2794,400004
Dayrah,Dayrah,United Arab Emirates,25.2714,55.3021,400000
West Jerusalem,West Jerusalem,Israel,31.782,35.2196,400000
Bida,Bida,Nigeria,9.0804,6.0099,400000
Bunia,Bunia,Democratic Republic of the Congo,1.5594,30.2522,399282
Antakya,Antakya,Turkey,36.2066,36.1572,399045
Quận Mười,Quan Muoi,Vietnam,10.7682,106.6663,399000
Sunshine Coast,Sunshine Coast,Australia,-26.6568,153.0796,398840
Kisumu,Kisumu,Kenya,-0.1022,34.7617,397957
Luhansk,Luhansk,Ukraine,48.5681,39.3055,397677
Bengkulu,Bengkulu,Indonesia,-3.8004,102.2655,397321
Barinas,Barinas,Venezuela,8.6206,-70.231,397279
Hancheng,Hancheng,China,35.4603,110.4292,397020
Vitória da Conquista,Vitoria da Conquista,Brazil,-14.8661,-40.8394,396613
Wichita,Wichita,United States,37.6922,-97.3375,396119
Al Hoceïma,Al Hoceima,Morocco,35.2516,-3.9372,395644
Szczecin,Szczecin,Poland,53.4289,14.553,395513
Delmas,Delmas,Haiti,18.5448,-72.3004,395260
Liaozhong,Liaozhong,China,41.5061,122.7242,395017
Vila Velha,Vila Velha,Brazil,-20.3297,-40.2925,394930
Bologna,Bologna,Italy,44.4938,11.3387,394843
Sejong,Sejong,South Korea,36.5924,127.2922,394630
Cazenga,Cazenga,Angola,-8.838,13.284,394170
Samsun,Samsun,Turkey,41.2798,36.3361,394050
Tallinn,Tallinn,Estonia,59.437,24.7535,394024
Tanga,Tanga,Tanzania,-5.0689,39.0988,393429
El Obeid,El Obeid,Sudan,13.1842,30.2167,393311
Lobito,Lobito,Angola,-12.3644,13.536,393079
Saurimo,Saurimo,Angola,-9.6608,20.3915,393000
Bauru,Bauru,Brazil,-22.3147,-49.0606,392947
Bello,Bello,Colombia,6.3373,-75.558,392939
Pasto,Pasto,Colombia,1.2146,-77.2785,392930
Gaomi,Gaomi,China,36.3833,119.7528,391986
Santa Fe,Santa Fe,Argentina,-31.6488,-60.7087,391164
San-Pédro,San-Pedro,Ivory Coast,4.7485,-6.6363,390654
Gauriganj,Gauriganj,India,26.2081,81.6929,390395
Makurdi,Makurdi,Nigeria,7.7337,8.5214,390000
Palu,Palu,Indonesia,-0.9083,119.8708,389959
Takoradi,Takoradi,Ghana,4.8982,-1.7603,389114
Samut Prakan,Samut Prakan,Thailand,13.5976,100.5972,388920
Arlington,Arlington,United States,32.7357,-97.1081,388125
Khamis Mushait,Khamis Mushait,Saudi Arabia,18.3,42.7333,387553
Ambato,Ambato,Ecuador,-1.2491,-78.6167,387309
Carapicuíba,Carapicuiba,Brazil,-23.5227,-46.835,386984
Ojo de Agua,Ojo de Agua,Mexico,19.6803,-99.01,386290
Windhoek,Windhoek,Namibia,-22.5594,17.0832,386219
Abomey-Calavi,Abomey-Calavi,Benin,6.4485,2.3557,385755
Bochum,Bochum,Germany,51.4817,7.2165,385729
Suita,Suita,Japan,34.7614,135.5157,385567
Benito Juárez,Benito Juarez,Mexico,19.3727,-99.1564,385439
Sector 3,Sector 3,Romania,44.4234,26.1687,385439
Chak Jhumra,Chak Jhumra,Pakistan,31.5681,73.1832,385169
Kahramanmaraş,Kahramanmaras,Turkey,37.5847,36.9264,384953
Chongzuo,Chongzuo,China,22.3816,107.3683,384905
Grajaú,Grajau,Brazil,-23.7698,-46.6711,384873
Okazaki,Okazaki,Japan,34.95,137.1667,384654
Xico,Xico,Mexico,19.2703,-98.9509,384327
Iztacalco,Iztacalco,Mexico,19.3953,-99.0978,384326
Kākināda,Kakinada,India,16.9604,82.2381,384182
Betim,Betim,Brazil,-19.9678,-44.1983,384000
Las Palmas de Gran Canaria,Las Palmas de Gran Canaria,Spain,28.1018,-15.4157,383516
Cotabato,Cotabato,Philippines,7.2236,124.2464,383383
Bawshar,Bawshar,Oman,23.5777,58.3998,383257
Latur,Latur,India,18.3972,76.5678,382940
Tanzhou,Tanzhou,China,22.255,113.4669,382445
Wellington,Wellington,New Zealand,-41.2866,174.7756,381900
Mazatlán,Mazatlan,Mexico,23.2216,-106.4189,381583
Nizhny Tagil,Nizhny Tagil,Russia,57.9194,59.965,381116
Irapuato,Irapuato,Mexico,20.671,-101.3558,380941
Ichinomiya,Ichinomiya,Japan,35.3,136.8,380073
Aswān,Aswan,Egypt,24.0908,32.8994,379774
Iaşi,Iasi,Romania,47.1667,27.6,378954
Krugersdorp,Krugersdorp,South Africa,-26.0858,27.7752,378821
Pānihāti,Panihati,India,22.6909,88.374,378705
Shibganj,Shibganj,Bangladesh,25.0015,89.3227,378701
Caucaia,Caucaia,Brazil,-3.7361,-38.6531,378406
Iquitos,Iquitos,Peru,-3.7481,-73.2529,377609
Toyohashi,Toyohashi,Japan,34.7667,137.3833,377453
Hechuan,Hechuan,China,29.9923,106.2646,377213
Pétionville,Petionville,Haiti,18.5125,-72.2853,376834
Utrecht,Utrecht,The Netherlands,52.0908,5.1222,376435
Rajamahendravaram,Rajamahendravaram,India,17.0052,81.7778,376333
Cariacica,Cariacica,Brazil,-20.2639,-40.42,376200
Yogyakarta,Yogyakarta,Indonesia,-7.8014,110.3647,375699
Dhule,Dhule,India,20.9013,74.7774,375559
Yanzhou,Yanzhou,China,35.5528,116.8286,375500
Minato,Minato,Japan,34.2152,135.1501,375339
Puchong,Puchong,Malaysia,3.0,101.6167,375181
Ondo,Ondo,Nigeria,7.0932,4.8353,375000
Pingyin,Pingyin,China,36.2831,116.4453,374900
Rohtak,Rohtak,India,28.8945,76.5892,374292
Bhawana,Bhawana,Pakistan,31.5688,72.6492,373841
Rustenburg,Rustenburg,South Africa,-25.6676,27.2421,373695
Bakersfield,Bakersfield,United States,35.3733,-119.0187,373640
Xuanhua,Xuanhua,China,40.6121,115.0646,373422
Emalahleni,Emalahleni,South Africa,-25.8713,29.2332,373403
Bafoussam,Bafoussam,Cameroon,5.4778,10.4176,373268
Thủ Dầu Một,Thu Dau Mot,Vietnam,10.9804,106.6519,373105
Takasaki,Takasaki,Japan,36.3333,139.0167,372973
Seremban,Seremban,Malaysia,2.7297,101.9381,372917
Miguel Hidalgo,Miguel Hidalgo,Mexico,19.4341,-99.2002,372889
Nagano,Nagano,Japan,36.65,138.1833,372760
Tawau,Tawau,Malaysia,4.2448,117.8911,372615
Cardiff,Cardiff,United Kingdom,51.48,-3.18,372089
Dachang,Dachang,China,31.3087,121.4153,371856
Đống Đa,GJong GJa,Vietnam,21.013,105.825,371606
Chitungwiza,Chitungwiza,Zimbabwe,-18.0127,31.0755,371246
Fenghuang,Fenghuang,China,27.9356,109.5996,370000
Umuahia,Umuahia,Nigeria,5.5249,7.4946,370000
Puerto La Cruz,Puerto La Cruz,Venezuela,10.2138,-64.6328,370000
Uşak,Usak,Turkey,38.6735,29.4058,369433
Bharatpur,Bharatpur,Nepal,27.6803,84.4365,369377
Itaquaquecetuba,Itaquaquecetuba,Brazil,-23.4861,-46.3483,369275
Natore,Natore,Bangladesh,24.4111,88.9867,369138
6th of October City,6th of October City,Egypt,29.8167,31.05,368650
Leicester,Leicester,United Kingdom,52.6386,-1.1317,368600
Desna,Desna,Ukraine,50.5221,30.6823,368500
Cascavel,Cascavel,Brazil,-24.9558,-53.4553,368195
Sector 6,Sector 6,Romania,44.4358,26.0165,367760
Canberra,Canberra,Australia,-35.2835,149.1281,367752
Avellaneda,Avellaneda,Argentina,-34.6602,-58.3674,367554
Praia Grande,Praia Grande,Brazil,-24.0058,-46.4028,367400
Nara-shi,Nara-shi,Japan,34.685,135.8048,367353
Florence,Florence,Italy,43.7792,11.2463,367150
Ahilyanagar,Ahilyanagar,India,19.0946,74.7384,367140
Kollam,Kollam,India,8.8811,76.5847,367107
Huanggang,Huanggang,China,30.4514,114.8704,366769
Bradford,Bradford,United Kingdom,53.7939,-1.7521,366187
Sukabumi,Sukabumi,Indonesia,-6.9181,106.9267,365735
Bilāspur,Bilaspur,India,22.08,82.1554,365579
Malabon,Malabon,Philippines,14.6733,120.9397,365525
Franca,Franca,Brazil,-20.5386,-47.4008,365494
Cleveland,Cleveland,United States,41.4995,-81.6954,365379
Iseyin,Iseyin,Nigeria,7.9702,3.5963,365300
Etobicoke,Etobicoke,Canada,43.6442,-79.5699,365000
Yenagoa,Yenagoa,Nigeria,4.9268,6.2676,365000
Gboko,Gboko,Nigeria,7.3228,9.0011,365000
Samba,Samba,Angola,-8.88,13.1962,364986
Olinda,Olinda,Brazil,-8.0089,-34.8553,364717
Pyeongtaek,Pyeongtaek,South Korea,36.9947,127.0889,364694
Petare,Petare,Venezuela,10.4768,-66.8079,364684
Bến Cát,Ben Cat,Vietnam,11.15,106.6,364578
Anqiu,Anqiu,China,36.4342,119.1925,364208
Alanya,Alanya,Turkey,36.5438,31.9998,364180
Larkana,Larkana,Pakistan,27.559,68.212,364033
Al Qadarif,Al Qadarif,Sudan,14.0349,35.3834,363945
Hrodna,Hrodna,Belarus,53.6758,23.8289,363718
Cibinong,Cibinong,Indonesia,-6.4817,106.8542,363424
Nawabshah,Nawabshah,Pakistan,26.2394,68.4037,363138
New Orleans,New Orleans,United States,29.9547,-90.0751,362701
Keelung,Keelung,Taiwan,25.1309,121.7409,362487
Malmö,Malmoe,Sweden,55.6059,13.0007,362133
Jizhou,Jizhou,China,37.5505,115.5687,362013
Manukau City,Manukau City,New Zealand,-36.9928,174.8799,362000
Maradi,Maradi,Niger,13.5,7.1017,361702
Burewala,Burewala,Pakistan,30.1667,72.65,361664
Ataşehir,Atasehir,Turkey,40.9833,29.1167,361615
Blumenau,Blumenau,Brazil,-26.9194,-49.0661,361261
Nanqiao,Nanqiao,China,30.9161,121.4494,361185
Mingora,Mingora,Pakistan,34.7795,72.3627,361112
Santarém,Santarem,Brazil,-2.4431,-54.7083,360871
Wuppertal,Wuppertal,Germany,51.2563,7.1482,360797
Ulan-Ude,Ulan-Ude,Russia,51.8265,107.5998,360278
Huocheng,Huocheng,China,44.053,80.8717,360000
Ijebu Ode,Ijebu Ode,Nigeria,6.8194,3.9173,360000
Maseru,Maseru,Lesotho,-29.3167,27.4833,359753
Bhilwara,Bhilwara,India,25.3471,74.6408,359483
Aurora,Aurora,United States,39.7294,-104.8319,359407
Vitebsk,Vitebsk,Belarus,55.1904,30.2049,358927
Sultanbeyli,Sultanbeyli,Turkey,40.9607,29.2707,358201
Taraz,Taraz,Kazakhstan,42.898,71.3733,358153
Yangsan,Yangsan,South Korea,35.342,129.0336,358074
Dniprovskyi,Dniprovskyi,Ukraine,50.4537,30.6015,357900
San Jose del Monte,San Jose del Monte,Philippines,14.8139,121.0453,357828
Abū al-Kahṣīb,Abu al-Kahsib,Iraq,30.4431,47.878,357771
Gwangmyeong,Gwangmyeong,South Korea,37.4772,126.8664,357545
Zanjan,Zanjan,Iran,36.6764,48.4963,357471
Neiva,Neiva,Colombia,2.93,-75.2797,357392
Iwaki,Iwaki,Japan,37.05,140.8833,357309
Vladimir,Vladimir,Russia,56.1385,40.3998,357024
Tete,Tete,Mozambique,-16.1564,33.5867,357000
Bacoor,Bacoor,Philippines,14.459,120.9385,356974
Uberaba,Uberaba,Brazil,-19.7483,-47.9319,356781
Wakayama,Wakayama,Japan,34.2333,135.1667,356729
Brahmapur,Brahmapur,India,19.3115,84.7929,356598
Fengshan,Fengshan,Taiwan,22.6266,120.3613,356463
Fatih,Fatih,Turkey,41.0225,28.9408,356025
Misratah,Misratah,Libya,32.3753,15.0925,355657
Cuíto,Cuito,Angola,-12.3833,16.9333,355423
Benito Juarez,Benito Juarez,Mexico,19.3984,-99.1577,355017
Kyzylorda,Kyzylorda,Kazakhstan,44.8528,65.5092,354800
Sinjhoro,Sinjhoro,Pakistan,26.0301,68.8087,354709
Kawagoe,Kawagoe,Japan,35.9086,139.4853,354571
Takatsuki,Takatsuki,Japan,34.8483,135.6168,354468
Muzaffarpur,Muzaffarpur,India,26.1226,85.3906,354462
Tapachula,Tapachula,Mexico,14.9054,-92.2589,353706
Lhoka,Lhoka,China,29.243,91.7724,353700
Villahermosa,Villahermosa,Mexico,17.9862,-92.9393,353577
Setapak,Setapak,Malaysia,3.207,101.727,353268
Mahilyow,Mahilyow,Belarus,53.9088,30.3404,352896
Bandar Abbas,Bandar Abbas,Iran,27.1865,56.2808,352173
Pravyi Bereh,Pravyi Bereh,Ukraine,47.115,37.5852,352088
Yunusobod,Yunusobod,Uzbekistan,41.3714,69.2794,352000
Ras Al Khaimah,Ras Al Khaimah,United Arab Emirates,25.7895,55.9432,351943
Cabimas,Cabimas,Venezuela,10.3991,-71.4521,351736
Kendari,Kendari,Indonesia,-3.9778,122.5151,351085
Honolulu,Honolulu,United States,21.3069,-157.8583,350964
Anaheim,Anaheim,United States,33.8353,-117.9145,350742
Tarsus,Tarsus,Turkey,36.9177,34.8928,350732
Pengze,Pengze,China,29.8988,116.5457,350000
Bahir Dar,Bahir Dar,Ethiopia,11.5936,37.3908,350000
Punāsa,Punasa,India,22.2351,76.3933,350000
Al Maḩmūdīyah,Al Mahmudiyah,Iraq,33.0622,44.3656,350000
Diepsloot,Diepsloot,South Africa,-25.9331,28.0121,350000
Xilinhot,Xilinhot,China,43.9389,116.0702,349953
São José dos Pinhais,Sao Jose dos Pinhais,Brazil,-25.5302,-49.2084,349880
Quelimane,Quelimane,Mozambique,-17.8786,36.8883,349842
Arkhangel’sk,Arkhangel'sk,Russia,64.5461,40.5518,349742
Muzaffarnagar,Muzaffarnagar,India,29.4709,77.7033,349706
Hulunbuir,Hulunbuir,China,49.2114,119.7558,349400
Dumai,Dumai,Indonesia,1.6671,101.4432,349389
Shinjuku,Shinjuku,Japan,35.6912,139.7085,349385
Sikasso,Sikasso,Mali,11.3176,-5.6665,349324
Sanandaj,Sanandaj,Iran,35.315,46.9988,349176
Chita,Chita,Russia,52.0431,113.4917,349005
San Pedro,San Pedro,Philippines,14.3595,121.0473,348968
Alicante,Alicante,Spain,38.3452,-0.4815,348901
Bimbo,Bimbo,Central African Republic,4.2567,18.4158,348802
Kalemyo,Kalemyo,Myanmar,23.1901,94.064,348573
Belfast,Belfast,United Kingdom,54.5968,-5.9254,348005
Long Bien,Long Bien,Vietnam,21.0333,105.9,347829
Camagüey,Camagueey,Cuba,21.3808,-77.9169,347562
Bilbao,Bilbao,Spain,43.2627,-2.9253,347342
Ambon,Ambon,Indonesia,-3.6958,128.1833,347288
Brest,Brest,Belarus,52.1089,23.7175,347138
Ribeirão das Neves,Ribeirao das Neves,Brazil,-19.7669,-44.0867,346971
Chifeng,Chifeng,China,42.2683,118.9636,346654
Central Coast,Central Coast,Australia,-33.4298,151.3714,346596
Corrientes,Corrientes,Argentina,-27.4678,-58.8344,346334
Hŭngnam,Hungnam,North Korea,39.842,127.6321,346082
Avadi,Avadi,India,13.1147,80.1098,345996
Yunlong,Yunlong,China,34.2528,117.2517,345393
Koshigaya,Koshigaya,Japan,35.8903,139.7892,345353
Coventry,Coventry,United Kingdom,52.4066,-1.5122,345324
Belgorod,Belgorod,Russia,50.6034,36.5809,345289
Toamasina,Toamasina,Madagascar,-18.1492,49.4023,345107
Logan City,Logan City,Australia,-27.6392,153.1094,345098
Ōtsu,Otsu,Japan,35.0,135.8667,345070
Kosti,Kosti,Sudan,13.1629,32.6635,345068
Qitaihe,Qitaihe,China,45.768,130.9953,345033
Doha,Doha,Qatar,25.2855,51.531,344939
Kadapa,Kadapa,India,14.48,78.8235,344893
Nakano,Nakano,Japan,35.7045,139.6695,344880
Cirebon,Cirebon,Indonesia,-6.7063,108.557,344851
Turmero,Turmero,Venezuela,10.2286,-67.4742,344700
Tokorozawa,Tokorozawa,Japan,35.7992,139.469,344194
Cabanatuan City,Cabanatuan City,Philippines,15.4859,120.9665,343672
Pizhou,Pizhou,China,34.3114,117.9503,343421
Darnytsya,Darnytsya,Ukraine,50.416,30.6953,343384
Dire Dawa,Dire Dawa,Ethiopia,9.5931,41.8661,343000
Annaba,Annaba,Algeria,36.9,7.7667,342703
Nice,Nice,France,43.7031,7.2661,342669
Iligan,Iligan,Philippines,8.2289,124.2434,342618
Soledad,Soledad,Colombia,10.9184,-74.7646,342556
Temara,Temara,Morocco,33.9287,-6.9066,342345
Paulista,Paulista,Brazil,-7.9408,-34.8731,342167
Obalende,Obalende,Nigeria,6.4469,3.4153,342000
Kukatpally,Kukatpally,India,17.4849,78.4138,341709
Laixi,Laixi,China,36.8592,120.5269,341470
Dihok,Dihok,Iraq,36.8661,42.9879,340900
Kaluga,Kaluga,Russia,54.5306,36.27,340851
Bắc Từ Liêm,Bac Tu Liem,Vietnam,21.0653,105.7466,340605
Celaya,Celaya,Mexico,20.5218,-100.814,340387
Serekunda,Serekunda,Gambia,13.4383,-16.6781,340000
Kafrul,Kafrul,Bangladesh,23.7882,90.3736,339734
Karşıyaka,Karsiyaka,Turkey,38.4577,27.1142,339624
Ḩadā’iq al Qubbah,Hada'iq al Qubbah,Egypt,30.0884,31.2835,339612
Makiyivka,Makiyivka,Ukraine,48.0478,37.9258,338968
West Raleigh,West Raleigh,United States,35.7868,-78.6639,338759
Cuernavaca,Cuernavaca,Mexico,18.9261,-99.2308,338650
Markham,Markham,Canada,43.8668,-79.2663,338503
São Vicente,Sao Vicente,Brazil,-23.9631,-46.3919,338326
Kaesŏng,Kaesong,North Korea,37.9708,126.5544,338155
Tungi,Tungi,Bangladesh,23.8915,90.4023,337579
Krasnogvargeisky,Krasnogvargeisky,Russia,59.9731,30.4761,337091
Randburg,Randburg,South Africa,-26.0941,28.0012,337053
Safi,Safi,Morocco,32.2994,-9.2372,336883
Simferopol,Simferopol,Ukraine,44.9572,34.1108,336460
Lublin,Lublin,Poland,51.2506,22.5701,336339
Pelotas,Pelotas,Brazil,-31.77,-52.341,336150
San José,San Jose,Costa Rica,9.9339,-84.0849,335007
Orlando,Orlando,United States,28.5383,-81.3792,334854
Viña del Mar,Vina del Mar,Chile,-33.0246,-71.5518,334248
Qazvin,Qazvin,Iran,36.2688,50.0041,333635
Asahikawa,Asahikawa,Japan,43.7706,142.3649,333530
Kāmārhāti,Kamarhati,India,22.6711,88.3747,332965
Tepic,Tepic,Mexico,21.5073,-104.8933,332863
Wŏnju,Wonju,South Korea,37.3514,127.9453,332849
Wad Medani,Wad Medani,Sudan,14.4012,33.5199,332714
Quận Mười Một,Quan Muoi Mot,Vietnam,10.7638,106.6436,332536
Nukus,Nukus,Uzbekistan,42.4586,59.6058,332500
Konak,Konak,Turkey,38.4,27.1,332277
Maebashi,Maebashi,Japan,36.4,139.0833,332149
Kita,Kita,Japan,35.7526,139.7335,332140
Ciudad Victoria,Ciudad Victoria,Mexico,23.7406,-99.1436,332100
Soledad de Graciano Sánchez,Soledad de Graciano Sanchez,Mexico,22.1891,-100.9379,332072
Kochi,Kochi,Japan,33.55,133.5333,332059
Bielefeld,Bielefeld,Germany,52.0333,8.5333,331906
Blida,Blida,Algeria,36.47,2.8277,331779
Kwai Chung,Kwai Chung,Hong Kong,22.3683,114.1388,331600
Mandaue City,Mandaue City,Philippines,10.3236,123.9222,331320
Ganja,Ganja,Azerbaijan,40.6816,46.3613,330663
Khorramshahr,Khorramshahr,Iran,30.4408,48.1843,330606
Bonn,Bonn,Germany,50.7344,7.0955,330579
Mathura,Mathura,India,27.5035,77.6722,330511
Hechi,Hechi,China,24.6928,108.0838,330131
Bydgoszcz,Bydgoszcz,Poland,53.1235,18.0076,330038
Smolensk,Smolensk,Russia,54.7783,32.0509,330025
Oral,Oral,Kazakhstan,51.246,51.4256,330000
Khorramabad,Khorramabad,Iran,33.4878,48.3558,329825
Soyapango,Soyapango,El Salvador,13.7102,-89.1399,329708
Tongshan,Tongshan,China,34.1805,117.1571,329661
Guédiawaye,Guediawaye,Senegal,14.7745,-17.4021,329659
Plovdiv,Plovdiv,Bulgaria,42.1539,24.75,329489
Ciudad Obregón,Ciudad Obregon,Mexico,27.4864,-109.9408,329404
Wŏnsan,Wonsan,North Korea,39.1528,127.4436,329207
Brent,Brent,United Kingdom,51.5531,-0.3023,329100
Pavlodar,Pavlodar,Kazakhstan,52.276,76.9688,329002
Chānda,Chanda,India,19.9508,79.2952,328351
Canoas,Canoas,Brazil,-29.9178,-51.1836,328291
Kōriyama,Koriyama,Japan,37.4,140.3833,327692
Sochi,Sochi,Russia,43.597,39.7248,327608
Aksaray,Aksaray,Turkey,38.3725,34.0254,327575
Vijayapura,Vijayapura,India,16.8244,75.7154,327427
Chipata,Chipata,Zambia,-13.6333,32.65,327059
Chongjin,Chongjin,North Korea,41.7956,129.7758,327000
Yanji,Yanji,China,42.8882,129.5024,326957
Roodepoort,Roodepoort,South Africa,-26.1625,27.8725,326416
Pucallpa,Pucallpa,Peru,-8.3791,-74.5539,326040
Mogi das Cruzes,Mogi das Cruzes,Brazil,-23.5228,-46.1883,325746
Córdoba,Cordoba,Spain,37.8916,-4.7728,325708
Birkenhead,Birkenhead,United Kingdom,53.3934,-3.0148,325264
Nantes,Nantes,France,47.2172,-1.5534,325070
Ilesa,Ilesa,Nigeria,7.6279,4.7416,325000
Pekalongan,Pekalongan,Indonesia,-6.8886,109.6753,324564
Bhatara,Bhatara,Bangladesh,23.8,90.45,324300
Espoo,Espoo,Finland,60.2052,24.6522,323910
Kikuyu,Kikuyu,Kenya,-1.2463,36.6629,323881
Kluang,Kluang,Malaysia,2.0305,103.3169,323762
Lincang,Lincang,China,23.8797,100.0945,323708
Nottingham,Nottingham,United Kingdom,52.9536,-1.1505,323632
Ramiros,Ramiros,Angola,-9.0626,13.0456,323576
Al ‘Amārah,Al 'Amarah,Iraq,31.8356,47.1448,323302
Volzhsky,Volzhsky,Russia,48.7858,44.7797,323293
Vaughan,Vaughan,Canada,43.8361,-79.4983,323103
Xingyi,Xingyi,China,25.0962,104.9064,322890
Shivamogga,Shivamogga,India,13.9316,75.5679,322650
Alwar,Alwar,India,27.5625,76.625,322568
Uíge,Uige,Angola,-7.6087,15.0613,322531
Taubaté,Taubate,Brazil,-23.0264,-45.5553,322397
Ixtapaluca,Ixtapaluca,Mexico,19.3156,-98.8828,322271
Osh,Osh,Kyrgyzstan,40.5283,72.7985,322164
Portoviejo,Portoviejo,Ecuador,-1.0576,-80.4514,321800
Villavicencio,Villavicencio,Colombia,4.1324,-73.6256,321717
Man’gyŏngdae-ri,Man'gyongdae-ri,North Korea,38.9918,125.6587,321690
Camaçari,Camacari,Brazil,-12.6975,-38.3242,321636
San Miguelito,San Miguelito,Panama,9.0503,-79.4707,321501
Shāhjānpur,Shahjanpur,India,27.8817,79.9092,320434
Lexington,Lexington,United States,37.9887,-84.4777,320347
Tantou,Tantou,China,22.7512,113.835,320304
Suzano,Suzano,Brazil,-23.5425,-46.3108,320261
Anápolis,Anapolis,Brazil,-16.3267,-48.9528,319587
Kaech’ŏn,Kaech'on,North Korea,39.7006,125.8933,319554
Jūnāgadh,Junagadh,India,21.5197,70.4598,319462
Islington,Islington,United Kingdom,51.5362,-0.103,319143
Hoa Lư,Hoa Lu,Vietnam,20.2581,105.9797,319125
Holguín,Holguin,Cuba,20.8872,-76.2631,319102
Ust-Kamenogorsk,Ust-Kamenogorsk,Kazakhstan,49.9714,82.6059,319067
Tsuen Wan,Tsuen Wan,Hong Kong,22.3714,114.1133,318916
Zinder,Zinder,Niger,13.8072,8.9881,318874
Saransk,Saransk,Russia,54.1848,45.1717,318841
Al Diwaniyah,Al Diwaniyah,Iraq,31.9929,44.9255,318801
Varna,Varna,Bulgaria,43.2191,27.9102,318737
Hafizabad,Hafizabad,Pakistan,32.071,73.688,318621
Marne La Vallée,Marne La Vallee,France,48.8358,2.6424,318325
Palangkaraya,Palangkaraya,Indonesia,-2.2083,113.9167,318247
Damanhur,Damanhur,Egypt,31.0341,30.4682,318207
Chiniot,Chiniot,Pakistan,31.7209,72.9784,318165
Popayán,Popayan,Colombia,2.4382,-76.6132,318059
Reading,Reading,United Kingdom,51.4562,-0.9711,318014
Geita,Geita,Tanzania,-2.8725,32.2325,318006
Constanţa,Constanta,Romania,44.1807,28.6343,317832
New Delhi,New Delhi,India,28.6214,77.2148,317797
Thessaloníki,Thessaloniki,Greece,40.6407,22.9349,317778
Thiès,Thies,Senegal,14.7894,-16.926,317763
Naha,Naha,Japan,26.213,127.6785,317625
Riverside,Riverside,United States,33.9534,-117.3962,317261
Baicheng,Baicheng,China,45.6175,122.833,316970
Chimbote,Chimbote,Peru,-9.0751,-78.5937,316966
Bari,Bari,Italy,41.1207,16.8698,316491
Barueri,Barueri,Brazil,-23.5106,-46.8761,316473
Corpus Christi,Corpus Christi,United States,27.8006,-97.3964,316239
Thrissur,Thrissur,India,10.5167,76.2167,315957
Cherepovets,Cherepovets,Russia,59.1333,37.9,315738
Eloy Alfaro,Eloy Alfaro,Ecuador,-2.1692,-79.8399,315724
Hamburg-Nord,Hamburg-Nord,Germany,53.5894,9.984,315514
Al-Kut,Al-Kut,Iraq,32.5128,45.8182,315162
Muar,Muar,Malaysia,2.0442,102.5689,314776
Şişli,Sisli,Turkey,41.0605,28.9872,314684
Lexington-Fayette,Lexington-Fayette,United States,38.0498,-84.4586,314488
Maroua,Maroua,Cameroon,10.5909,14.3159,314122
Kingston upon Hull,Kingston upon Hull,United Kingdom,53.7446,-0.3352,314018
Preston,Preston,United Kingdom,53.7628,-2.7045,313332
Lianshan,Lianshan,China,40.7643,120.8533,313247
Denizli,Denizli,Turkey,37.7742,29.0875,313238
Ikeja,Ikeja,Nigeria,6.5965,3.342,313196
New Cairo,New Cairo,Egypt,30.03,31.47,313139
Al Qāhirah al Jadīdah,Al Qahirah al Jadidah,Egypt,30.0421,31.4445,313139
Vitória,Vitoria,Brazil,-20.3194,-40.3378,312656
Palmira,Palmira,Colombia,3.5348,-76.2977,312519
Vologda,Vologda,Russia,59.2239,39.884,312420
Iligan City,Iligan City,Philippines,8.25,124.4,312323
Catania,Catania,Italy,37.4922,15.0704,311584
Jardim Angela,Jardim Angela,Brazil,-23.7164,-46.7687,311432
Nizāmābād,Nizamabad,India,18.6715,78.0988,311152
Cincinnati,Cincinnati,United States,39.1271,-84.5144,311097
Percut,Percut,Indonesia,3.6253,98.864,311063
Coatzacoalcos,Coatzacoalcos,Mexico,18.149,-94.4447,310698
Santa Ana,Santa Ana,United States,33.7456,-117.8678,310227
Sariwŏn-si,Sariwon-si,North Korea,38.5072,125.7558,310100
Botshabelo,Botshabelo,South Africa,-29.2674,26.726,309714
Butuan,Butuan,Philippines,8.9492,125.5436,309709
Shahrīār,Shahriar,Iran,35.6588,51.0577,309607
Qods,Qods,Iran,35.7214,51.109,309605
Gia Lâm,Gia Lam,Vietnam,21.02,105.939,309353
Kurgan,Kurgan,Russia,55.449,65.3434,309285
Tampico,Tampico,Mexico,22.2852,-97.8778,309003
Akowonjo,Akowonjo,Nigeria,6.6101,3.3097,308900
Cabuyao,Cabuyao,Philippines,14.2726,121.1262,308745
Tabora,Tabora,Tanzania,-5.0162,32.8266,308741
Kasugai,Kasugai,Japan,35.2476,136.9723,308681
An Nhơn,An Nhon,Vietnam,13.8858,109.1082,308396
Alimosho,Alimosho,Nigeria,6.6066,3.3024,308290
Ciudad Benito Juárez,Ciudad Benito Juarez,Mexico,25.6466,-100.0914,308285
Münster,Muenster,Germany,51.9624,7.6257,308258
Mannheim,Mannheim,Germany,49.4891,8.4669,307960
Karawang,Karawang,Indonesia,-6.3053,107.3197,307880
Akita,Akita,Japan,39.7167,140.1167,307672
Tumkūr,Tumkur,India,13.3414,77.1022,307359
Chinju,Chinju,South Korea,35.1928,128.0847,307242
Parbhani,Parbhani,India,19.2686,76.7708,307170
Hisar,Hisar,India,29.1539,75.7229,307024
Iksan,Iksan,South Korea,35.9439,126.9544,307000
Fīrozābād,Firozabad,India,27.1509,78.3978,306409
Palmas,Palmas,Brazil,-10.1675,-48.3277,306296
Vladikavkaz,Vladikavkaz,Russia,43.041,44.6699,306258
Port-de-Paix,Port-de-Paix,Haiti,19.9398,-72.8304,306217
Damietta,Damietta,Egypt,31.4165,31.8133,305920
Posadas,Posadas,Argentina,-27.3918,-55.9238,305874
Parauapebas,Parauapebas,Brazil,-6.0675,-49.9022,305771
Brakpan,Brakpan,South Africa,-26.2366,28.3694,305692
Stockton,Stockton,United States,37.9577,-121.2908,305658
Juazeiro do Norte,Juazeiro do Norte,Brazil,-7.2131,-39.3153,305531
Yokkaichi,Yokkaichi,Japan,34.9667,136.6167,305424
Kulti,Kulti,India,23.7317,86.8437,305405
Tláhuac,Tlahuac,Mexico,19.2869,-99.0051,305076
Sapele,Sapele,Nigeria,5.8941,5.6767,305000
Kashan,Kashan,Iran,33.9824,51.4277,304487
Kāshān,Kashan,Iran,34.0023,51.4388,304487
Pittsburgh,Pittsburgh,United States,40.4406,-79.9959,304391
Armenia,Armenia,Colombia,4.5366,-75.6726,304314
Santa Catarina,Santa Catarina,Mexico,25.6732,-100.4581,304052
Sumbawanga,Sumbawanga,Tanzania,-7.9667,31.6167,303986
Orël,Orel,Russia,52.9688,36.0791,303696
Akashi,Akashi,Japan,34.6552,135.0069,303601
Hai Bà Trưng,Hai Ba Trung,Vietnam,21.0134,105.8477,303586
Kurume,Kurume,Japan,33.3167,130.5167,303579
Graz,Graz,Austria,47.0673,15.442,303270
Saint Paul,Saint Paul,United States,44.9444,-93.0933,303176
Saltivskyi,Saltivskyi,Ukraine,49.999,36.316,302600
Nghi Sơn,Nghi Son,Vietnam,19.3275,105.8214,302210
Karnāl,Karnal,India,29.692,76.9845,302140
Changyi,Changyi,China,36.8536,119.3908,302072
Ciudad del Este,Ciudad del Este,Paraguay,-25.5036,-54.6507,301815
Rosetta,Rosetta,Egypt,31.3995,30.4172,301795
Barddhamān,Barddhaman,India,23.2557,87.8569,301725
Toshima,Toshima,Japan,35.7613,139.7449,301599
Kediri,Kediri,Indonesia,-7.8167,112.0167,301424
Solwezi,Solwezi,Zambia,-12.1688,26.3894,301370
Hamburg-Mitte,Hamburg-Mitte,Germany,53.55,10.0167,301231
Augsburg,Augsburg,Germany,48.3715,10.8985,301105
South Dublin,South Dublin,Ireland,53.2903,-6.3415,301075
Valladolid,Valladolid,Spain,41.6554,-4.7235,300618
Miri,Miri,Malaysia,4.3993,113.9916,300543
Xinyi,Xinyi,China,34.3842,118.3462,300511
Mardan,Mardan,Pakistan,34.1979,72.0496,300424
Surgut,Surgut,Russia,61.2576,73.4177,300367
Swansea,Swansea,United Kingdom,51.6208,-3.9432,300352
San Pablo,San Pablo,Philippines,14.0683,121.3256,300166
Newcastle upon Tyne,Newcastle upon Tyne,United Kingdom,54.9733,-1.614,300125
Gundupālaiyam,Gundupalaiyam,India,11.941,79.8029,300104
Várzea Grande,Varzea Grande,Brazil,-15.6467,-56.1325,300078
Gatineau,Gatineau,Canada,45.4772,-75.7016,300045
Yangshuo,Yangshuo,China,24.7808,110.4897,300000
Biñan,Binan,Philippines,14.3427,121.0807,300000
Malir Cantonment,Malir Cantonment,Pakistan,24.9434,67.2059,300000
Winejok,Winejok,South Sudan,9.0122,27.5708,300000
Batikent,Batikent,Turkey,39.9683,32.7308,300000
Mérida,Merida,Venezuela,8.579,-71.1692,300000
Linqu,Linqu,China,36.5156,118.5397,299646
Uruapan,Uruapan,Mexico,19.4168,-102.0584,299523
Pātan,Patan,Nepal,27.6766,85.3142,299283
Fergana,Fergana,Uzbekistan,40.3842,71.7843,299200
Bahía Blanca,Bahia Blanca,Argentina,-38.7176,-62.2655,299101
Santol,Santol,Philippines,15.1622,120.5675,298976
Kaolack,Kaolack,Senegal,14.152,-16.0726,298904
Jember,Jember,Indonesia,-8.1721,113.6995,298585
Aomori,Aomori,Japan,40.8167,140.7333,298394
Bārāsat,Barasat,India,22.7215,88.482,298127
Mulugu,Mulugu,India,18.191,79.943,297671
Foz do Iguaçu,Foz do Iguacu,Brazil,-25.5478,-54.5881,297352
Bihār Sharīf,Bihar Sharif,India,25.2008,85.5239,297268
Tegal,Tegal,Indonesia,-6.8694,109.1402,297173
Grozny,Grozny,Russia,43.312,45.6889,297137
Boma,Boma,Democratic Republic of the Congo,-5.851,13.0536,297009
Bāli,Bali,India,22.6486,88.3411,296973
Pu'er,Pu'er,China,22.7886,100.9748,296565
Rāmpur,Rampur,India,28.8101,79.027,296418
Darbhanga,Darbhanga,India,26.1522,85.8971,296039
Panipat,Panipat,India,29.3875,76.9682,295970
Mwene,Mwene,Democratic Republic of the Congo,-9.817,22.8702,295683
Białystok,Bialystok,Poland,53.1333,23.1643,295683
São José,Sao Jose,Brazil,-27.6153,-48.6275,295658
Rufisque,Rufisque,Senegal,14.7154,-17.2733,295459
Murmansk,Murmansk,Russia,68.9678,33.0992,295374
Tirupati,Tirupati,India,13.6355,79.4199,295323
Southend-on-Sea,Southend-on-Sea,United Kingdom,51.5378,0.7143,295310
Petrópolis,Petropolis,Brazil,-22.505,-43.1786,294926
Guarujá,Guaruja,Brazil,-23.9931,-46.2564,294871
Itajaí,Itajai,Brazil,-26.9078,-48.6619,294850
Lincoln,Lincoln,United States,40.8,-96.667,294757
Phu Quoc,Phu Quoc,Vietnam,10.2241,103.9716,294419
Baiyin,Baiyin,China,36.547,104.1702,294400
Fukushima,Fukushima,Japan,37.75,140.4667,294237
Bergen,Bergen,Norway,60.393,5.3242,294029
Greater Noida,Greater Noida,India,28.4962,77.536,293908
Noida,Noida,India,28.58,77.33,293908
Tambov,Tambov,Russia,52.7363,41.441,293661
Vigo,Vigo,Spain,42.2328,-8.7226,293642
Aizawl,Aizawl,India,23.7289,92.7179,293416
Banjarbaru,Banjarbaru,Indonesia,-3.4406,114.8365,293332
Thanh Xuân,Thanh Xuan,Vietnam,20.9947,105.7998,293292
Al Hufūf,Al Hufuf,Saudi Arabia,25.3647,49.5876,293179
Cholula,Cholula,Mexico,19.0641,-98.3035,292881
Gandhinagar,Gandhinagar,India,23.2167,72.6833,292797
Semey,Semey,Kazakhstan,50.4206,80.2502,292780
Cầu Giấy,Cau Giay,Vietnam,21.0323,105.8007,292536
Dindigul,Dindigul,India,10.369,77.9804,292512
Ponta Grossa,Ponta Grossa,Brazil,-25.095,-50.1619,292177
Gaozhou,Gaozhou,China,21.9197,110.8568,292164
Kamoke,Kamoke,Pakistan,31.9753,74.223,292023
Limeira,Limeira,Brazil,-22.5647,-47.4017,291869
Thanjavur,Thanjavur,India,10.7852,79.1391,291067
Kariega,Kariega,South Africa,-33.7556,25.4007,291052
Adıyaman,Adiyaman,Turkey,37.7644,38.2763,290883
Al Mubarraz,Al Mubarraz,Saudi Arabia,25.4077,49.5903,290802
Resistencia,Resistencia,Argentina,-27.4636,-58.9866,290793
Morioka,Morioka,Japan,39.7,141.15,290700
Atyrau,Atyrau,Kazakhstan,47.1048,51.8843,290700
Sector 2,Sector 2,Romania,44.4528,26.1332,290507
Xiuying,Xiuying,China,20.0007,110.2936,290000
San Cristóbal,San Cristobal,Venezuela,7.7659,-72.2358,289852
Cileungsir,Cileungsir,Indonesia,-6.3947,106.9592,289833
Karīmnagar,Karimnagar,India,18.4392,79.1286,289821
Victoria,Victoria,Canada,48.4359,-123.3516,289625
Anchorage,Anchorage,United States,61.2181,-149.9003,289600
Dewas,Dewas,India,22.9658,76.0553,289550
Batna,Batna,Algeria,35.556,6.1741,289504
Kaunas,Kaunas,Lithuania,54.9016,23.9091,289380
Sonīpat,Sonipat,India,28.9948,77.0194,289333
Machala,Machala,Ecuador,-3.2589,-79.9588,289141
Wiesbaden,Wiesbaden,Germany,50.086,8.2444,288850
Meads,Meads,United States,38.4126,-82.7091,288649
Kabwe,Kabwe,Zambia,-14.4469,28.4464,288598
Sinŭiju,Sinuiju,North Korea,40.1006,124.3981,288112
Meguro,Meguro,Japan,35.6322,139.7017,288088
Sector 4,Sector 4,Romania,44.3757,26.1209,287828
Sumida,Sumida,Japan,35.7329,139.8209,287766
Ibaraki,Ibaraki,Japan,34.8164,135.5683,287730
Bắc Ninh,Bac Ninh,Vietnam,21.1861,106.0763,287658
Ichalkaranji,Ichalkaranji,India,16.6912,74.4605,287353
Marienthal,Marienthal,Germany,53.5667,10.0833,287101
Phú Mỹ,Phu My,Vietnam,10.6333,107.0667,287055
Ceilândia,Ceilandia,Brazil,-15.8091,-48.131,287023
Katowice,Katowice,Poland,50.2597,19.0217,286960
Adapazarı,Adapazari,Turkey,40.7806,30.4033,286787
Cluj-Napoca,Cluj-Napoca,Romania,46.7667,23.6,286598
Gunpo,Gunpo,South Korea,37.3675,126.9469,286485
Songea,Songea,Tanzania,-10.6833,35.65,286285
Butembo,Butembo,Democratic Republic of the Congo,0.1416,29.2912,286242
Tacna,Tacna,Peru,-18.0146,-70.2536,286240
Tin Shui Wai,Tin Shui Wai,Hong Kong,22.4568,114.0023,286232
Long Xuyên,Long Xuyen,Vietnam,10.3864,105.4352,286140
Savar,Savar,Bangladesh,23.8486,90.25,286008
Bathinda,Bathinda,India,30.2075,74.9389,285788
Henderson,Henderson,United States,36.0397,-114.9819,285667
Jālna,Jalna,India,19.841,75.8864,285577
Sekondi,Sekondi,Ghana,4.9342,-1.7145,285506
São Gonçalo,Sao Goncalo,Brazil,-22.8269,-43.0539,285439
Kyengera,Kyengera,Uganda,0.2952,32.5016,285400
Greensboro,Greensboro,United States,36.0726,-79.792,285342
Haifa,Haifa,Israel,32.813,34.9993,285316
Århus,Arhus,Denmark,56.1567,10.2108,285273
Dengzhou,Dengzhou,China,32.6827,112.0887,285032
Artux,Artux,China,39.7084,76.1797,285000
Chuncheon,Chuncheon,South Korea,37.8747,127.7342,284855
Alto Barinas,Alto Barinas,Venezuela,8.5931,-70.2261,284289
Mbour,Mbour,Senegal,14.422,-16.9638,284189
Brighton,Brighton,United Kingdom,50.8284,-0.1395,283870
Karlsruhe,Karlsruhe,Germany,49.0094,8.4044,283799
Port Moresby,Port Moresby,Papua New Guinea,-9.4772,147.1509,283733
Minya,Minya,Egypt,28.0919,30.7581,283605
Plano,Plano,United States,33.0198,-96.6989,283558
Marabá,Maraba,Brazil,-5.3815,-49.1323,283542
Ichihara,Ichihara,Japan,35.5167,140.0833,283531
Qibao,Qibao,China,31.1527,121.3569,283352
Kirāri Sulemānnagar,Kirari Sulemannagar,India,28.6974,77.0648,283211
Cainta,Cainta,Philippines,14.5786,121.1222,283172
Satna,Satna,India,24.5773,80.8272,282977
Geelong,Geelong,Australia,-38.1471,144.3607,282809
Chernihiv,Chernihiv,Ukraine,51.5054,31.2866,282747
Xinyuan,Xinyuan,China,43.4265,83.2496,282718
Chapecó,Chapeco,Brazil,-27.0964,-52.6183,282648
Ba Vì,Ba Vi,Vietnam,21.0833,105.3833,282600
Valparaíso,Valparaiso,Chile,-33.036,-71.6296,282448
Ica,Ica,Peru,-14.0754,-75.7342,282407
Purnia,Purnia,India,25.7789,87.4742,282248
Newark,Newark,United States,40.7357,-74.1724,281944
Itagüí,Itaguei,Colombia,6.1846,-75.5991,281853
Nicolás Romero,Nicolas Romero,Mexico,19.6418,-99.3068,281799
Gebze,Gebze,Turkey,40.8028,29.4307,281436
Lichinga,Lichinga,Mozambique,-13.3128,35.2406,281341
Narsingdi,Narsingdi,Bangladesh,23.923,90.7177,281080
Zeytinburnu,Zeytinburnu,Turkey,40.9944,28.9042,280896
Ostrava,Ostrava,Czechia,49.8347,18.282,280853
Sfax,Sfax,Tunisia,34.7406,10.7603,280566
Zumpango,Zumpango,Mexico,19.7967,-99.0995,280455
Merkezefendi,Merkezefendi,Turkey,37.8054,29.0424,280341
Madison,Madison,United States,43.0731,-89.4012,280305
Bukhara,Bukhara,Uzbekistan,39.7703,64.4307,280187
Wollongong,Wollongong,Australia,-34.424,150.8935,280153
Volta Redonda,Volta Redonda,Brazil,-22.5231,-44.1042,279971
St. Louis,St. Louis,United States,38.6273,-90.1979,279695
Poltava,Poltava,Ukraine,49.5892,34.5537,279593
Sumaré,Sumare,Brazil,-22.8219,-47.2669,279545
Efon-Alaaye,Efon-Alaaye,Nigeria,7.6565,4.9223,279319
Binjai,Binjai,Indonesia,3.6001,98.4854,279302
Pematangsiantar,Pematangsiantar,Indonesia,2.9595,99.0687,279198
Petrozavodsk,Petrozavodsk,Russia,61.7849,34.3469,279190
Enshi,Enshi,China,30.3,109.4833,279185
Taganrog,Taganrog,Russia,47.2363,38.9053,279056
Santa Teresa del Tuy,Santa Teresa del Tuy,Venezuela,10.2329,-66.6647,278890
Quảng Ngãi,Quang Ngai,Vietnam,15.1205,108.7923,278496
Qarshi,Qarshi,Uzbekistan,38.8606,65.7891,278300
Tanghe,Tanghe,China,32.6855,112.8323,278055
Coacalco,Coacalco,Mexico,19.6292,-99.1069,277959
Sincelejo,Sincelejo,Colombia,9.3045,-75.3905,277773
Khomeynī Shahr,Khomeyni Shahr,Iran,32.6856,51.5361,277334
Kostroma,Kostroma,Russia,57.7664,40.9283,277280
Imphal,Imphal,India,24.8081,93.9442,277196
Gagnoa,Gagnoa,Ivory Coast,6.1319,-5.9506,277044
Ulu Bedok,Ulu Bedok,Singapore,1.3333,103.9333,276990
Bedok New Town,Bedok New Town,Singapore,1.3264,103.9417,276990
Owo,Owo,Nigeria,7.1962,5.5868,276574
Suncheon,Suncheon,South Korea,34.9505,127.4878,276375
Fangchenggang,Fangchenggang,China,21.7694,108.3566,276315
Komsomolsk-on-Amur,Komsomolsk-on-Amur,Russia,50.5503,137.01,275908
Abbottabad,Abbottabad,Pakistan,34.1463,73.2117,275890
Kaili,Kaili,China,26.5858,107.9797,275745
Hakodate,Hakodate,Japan,41.7758,140.7367,275730
Yamoussoukro,Yamoussoukro,Ivory Coast,6.8205,-5.2767,275686
Bab Ezzouar,Bab Ezzouar,Algeria,36.7261,3.1829,275630
Strasbourg,Strasbourg,France,48.5839,7.7455,274845
Saugor,Saugor,India,23.8388,78.7387,274556
Neihu,Neihu,Taiwan,25.0815,121.5881,274538
Tsu,Tsu,Japan,34.7333,136.5167,274537
Xingning,Xingning,China,24.1483,115.7227,274499
Linxia Chengguanzhen,Linxia Chengguanzhen,China,35.6003,103.2064,274466
Khmelnytskyi,Khmelnytskyi,Ukraine,49.4183,26.9794,274452
Kushinagar,Kushinagar,India,26.7413,83.8869,274403
Saddiqabad,Saddiqabad,Pakistan,28.3091,70.1265,274210
Loja,Loja,Ecuador,-3.9931,-79.2042,274112
Tai Po,Tai Po,Hong Kong,22.4501,114.1688,274100
Isfara,Isfara,Tajikistan,40.1265,70.6253,274000
Luena,Luena,Angola,-11.7833,19.9167,273675
Taboão da Serra,Taboao da Serra,Brazil,-23.6261,-46.7917,273542
Istaravshan,Istaravshan,Tajikistan,39.9142,69.0033,273500
Turpan,Turpan,China,42.9477,89.1789,273385
Rourkela,Rourkela,India,22.225,84.8641,273317
Yao,Yao,Japan,34.6167,135.6,273213
Banī Suwayf,Bani Suwayf,Egypt,29.0744,31.0979,273151
Imperatriz,Imperatriz,Brazil,-5.5264,-47.4917,273110
Nagar Naluākot,Nagar Naluakot,Bangladesh,24.1561,90.7728,273000
Guantánamo,Guantanamo,Cuba,20.1444,-75.2092,272801
Baguio,Baguio,Philippines,16.4164,120.5931,272714
Ar Rayyān,Ar Rayyan,Qatar,25.2919,51.4244,272465
Polokwane,Polokwane,South Africa,-23.9045,29.4688,272461
Ljubljana,Ljubljana,Slovenia,46.0511,14.5051,272220
Jalālābād,Jalalabad,Afghanistan,34.4265,70.4515,271900
Deir ez-Zor,Deir ez-Zor,Syria,35.3359,40.1408,271800
Gijón,Gijon,Spain,43.5357,-5.6615,271780
Santa Maria,Santa Maria,Brazil,-29.6842,-53.8069,271735
Parnamirim,Parnamirim,Brazil,-5.9156,-35.2628,271713
Hafar Al-Batin,Hafar Al-Batin,Saudi Arabia,28.4328,45.9708,271642
Kakogawachō-honmachi,Kakogawacho-honmachi,Japan,34.7694,134.829,271634
Sector 5,Sector 5,Romania,44.3881,26.0714,271575
Quận Sáu,Quan Sau,Vietnam,10.7468,106.649,271050
Capao Redondo,Capao Redondo,Brazil,-23.6688,-46.7805,270767
Mỹ Tho,My Tho,Vietnam,10.36,106.36,270700
Mito,Mito,Japan,36.35,140.45,270685
Derby,Derby,United Kingdom,52.9228,-1.4766,270468
Dessie,Dessie,Ethiopia,11.1333,39.6333,270400
Hạ Long,Ha Long,Vietnam,20.9505,107.0734,270054
Gelsenkirchen,Gelsenkirchen,Germany,51.5051,7.0965,270028
Longling County,Longling County,China,24.5866,98.6893,270000
Cherkasy,Cherkasy,Ukraine,49.4445,32.0574,269836
Malolos,Malolos,Philippines,14.8443,120.8104,269809
Southampton,Southampton,United Kingdom,50.904,-1.4043,269781
Kapar,Kapar,Malaysia,3.1333,101.3833,269627
Çorum,Corum,Turkey,40.5489,34.9533,269595
Ghulja,Ghulja,China,43.9151,81.3215,269158
Eimsbüttel,Eimsbuettel,Germany,53.5742,9.9568,269118
Merlo,Merlo,Argentina,-34.6654,-58.7274,268961
Yeosu,Yeosu,South Korea,34.7606,127.6621,268823
Durg,Durg,India,21.1915,81.2762,268806
Fuling,Fuling,China,29.71,107.3939,268658
Mokpo,Mokpo,South Korea,34.8128,126.3918,268402
Birgañj,Birganj,Nepal,27.0174,84.8805,268273
Yoshkar-Ola,Yoshkar-Ola,Russia,56.6388,47.8908,268272
Russeifa,Russeifa,Jordan,32.0178,36.0464,268237
Banda Aceh,Banda Aceh,Indonesia,5.5417,95.3333,267962
Shibīn al Kawm,Shibin al Kawm,Egypt,30.5526,31.009,267945
Mirpur Khas,Mirpur Khas,Pakistan,25.5276,69.0126,267833
Sengkang New Town,Sengkang New Town,Singapore,1.3917,103.8944,267600
Floridablanca,Floridablanca,Colombia,7.0622,-73.0864,267591
Tokushima,Tokushima,Japan,34.0667,134.5667,267345
Sterlitamak,Sterlitamak,Russia,53.6379,55.9533,267231
Anantapur,Anantapur,India,14.6778,77.6081,267161
Gyeongsan-si,Gyeongsan-si,South Korea,35.8233,128.7378,266951
Sohag,Sohag,Egypt,26.557,31.6948,266944
Nagaoka,Nagaoka,Japan,37.45,138.85,266936
Sapopemba,Sapopemba,Brazil,-23.5956,-46.5247,266715
Saint-Marc,Saint-Marc,Haiti,19.1114,-72.7008,266642
Governador Valadares,Governador Valadares,Brazil,-18.8511,-41.9494,266561
Eixample,Eixample,Spain,41.389,2.1618,266477
São Carlos,Sao Carlos,Brazil,-22.0175,-47.8908,266427
Bagerhat,Bagerhat,Bangladesh,22.6566,89.7912,266388
Az-Zuhūr,Az-Zuhur,Egypt,31.265,32.264,266381
Hà Tĩnh,Ha Tinh,Vietnam,18.3428,105.9057,266321
Saskatoon,Saskatoon,Canada,52.1324,-106.6689,266141
Chengzhong,Chengzhong,China,30.9445,113.5528,265886
Djelfa,Djelfa,Algeria,34.6728,3.263,265833
Chula Vista,Chula Vista,United States,32.6401,-117.0842,265757
Shimonoseki,Shimonoseki,Japan,33.9555,130.9371,265684
Toledo,Toledo,United States,41.6639,-83.5552,265638
Ulanhot,Ulanhot,China,46.0833,122.0833,265600
Kibaha,Kibaha,Tanzania,-6.7667,38.9167,265360
Hulan Ergi,Hulan Ergi,China,47.2042,123.6333,265344
Tampines Estate,Tampines Estate,Singapore,1.3581,103.9403,265340
Bordeaux,Bordeaux,France,44.8412,-0.5805,265328
Aachen,Aachen,Germany,50.7766,6.0834,265208
Gent,Gent,Belgium,51.05,3.7167,265086
Gravataí,Gravatai,Brazil,-29.9422,-50.9928,265074
Cité Soleil,Cite Soleil,Haiti,18.5803,-72.3381,265072
Mantampay,Mantampay,Philippines,8.1667,124.2167,265032
Ratlām,Ratlam,India,23.3303,75.0403,264914
Nogales,Nogales,Mexico,31.3086,-110.9422,264782
El Daein,El Daein,Sudan,11.4619,26.1258,264734
Donghai,Donghai,China,22.9459,115.642,264709
Dezful,Dezful,Iran,32.3811,48.4058,264709
Gunsan,Gunsan,South Korea,35.9786,126.7114,264656
Mossoró,Mossoro,Brazil,-5.1875,-37.3442,264577
Macaé,Macae,Brazil,-22.3848,-41.7832,264439
Rānipet,Ranipet,India,12.9247,79.3333,264330
Brāhmanbāria,Brahmanbaria,Bangladesh,23.9746,91.1123,264326
Porto-Novo,Porto-Novo,Benin,6.4965,2.6036,264320
Chernivtsi,Chernivtsi,Ukraine,48.2904,25.9324,264298
Jersey City,Jersey City,United States,40.7282,-74.0776,264290
Manta,Manta,Ecuador,-0.9494,-80.7314,264281
Reno,Reno,United States,39.5296,-119.8138,264165
Bégoua,Begoua,Central African Republic,4.4544,18.5347,264067
Riobamba,Riobamba,Ecuador,-1.6651,-78.6589,264048
Sivas,Sivas,Turkey,39.7483,37.0161,264022
Dourados,Dourados,Brazil,-22.2211,-54.8056,264017
Rondonópolis,Rondonopolis,Brazil,-16.4708,-54.6356,263708
Wolverhampton,Wolverhampton,United Kingdom,52.5855,-2.123,263700
Huayin,Huayin,China,34.5653,110.0664,263352
Pasarkemis,Pasarkemis,Indonesia,-6.1703,106.5303,263289
Fanling,Fanling,Hong Kong,22.4949,114.1395,263200
Chiayi City,Chiayi City,Taiwan,23.4792,120.4489,263188
Dongtai,Dongtai,China,32.8523,120.3095,262873
Fuchū,Fuchu,Japan,35.6745,139.4822,262790
Jurong Town,Jurong Town,Singapore,1.3342,103.7228,262730
Marāgheh,Maragheh,Iran,37.3921,46.2391,262604
Marāgheh,Maragheh,Iran,35.8292,59.6332,262604
Quilmes,Quilmes,Argentina,-34.7206,-58.2545,262379
Fukui-shi,Fukui-shi,Japan,36.0644,136.2226,262328
Lal Bahadur Nagar,Lal Bahadur Nagar,India,17.3477,78.5576,261987
Mönchengladbach,Moenchengladbach,Germany,51.1854,6.4417,261742
Bagong Silang,Bagong Silang,Philippines,14.7783,121.0449,261729
Zhytomyr,Zhytomyr,Ukraine,50.2623,28.6791,261624
Karamay,Karamay,China,45.5847,84.8872,261445
Sacomã,Sacoma,Brazil,-23.6308,-46.5982,261436
Arrah,Arrah,India,25.5563,84.6633,261430
Tongliao,Tongliao,China,43.6125,122.2653,261110
Bariadi,Bariadi,Tanzania,-2.8,33.9833,260927
Antsirabe,Antsirabe,Madagascar,-19.8659,47.0333,260907
Chandler,Chandler,United States,33.3062,-111.8413,260828
Yei,Yei,South Sudan,4.0944,30.6764,260720
Chilanzar,Chilanzar,Uzbekistan,41.2819,69.1811,260700
Tampere,Tampere,Finland,61.4991,23.7871,260646
Mahajanga,Mahajanga,Madagascar,-15.7167,46.3167,260556
Minato City,Minato City,Japan,35.6581,139.7515,260486
Fort Wayne,Fort Wayne,United States,41.1306,-85.1289,260326
Plymouth,Plymouth,United Kingdom,50.3715,-4.143,260203
Nianbo,Nianbo,China,36.48,102.4164,260184
Baranagar,Baranagar,India,22.6413,88.3773,260072
Skardu,Skardu,Pakistan,35.2979,75.6337,260000
Marawi City,Marawi City,Philippines,8.0034,124.284,259993
Tampines New Town,Tampines New Town,Singapore,1.3492,103.9497,259900
Embu das Artes,Embu das Artes,Brazil,-23.6489,-46.8522,259788
Qo‘qon,Qo'qon,Uzbekistan,40.5286,70.9425,259700
Jardim Sao Luis,Jardim Sao Luis,Brazil,-23.6807,-46.7394,259377
Tacloban,Tacloban,Philippines,11.2433,125.0047,259353
São José de Ribamar,Sao Jose de Ribamar,Brazil,-2.5557,-44.0599,259164
Changle,Changle,China,36.7058,118.8275,259161
Gajuwaka,Gajuwaka,India,17.7,83.2167,258944
Jining,Jining,China,41.0275,113.1058,258757
North Shore,North Shore,New Zealand,-36.8,174.75,258697
Rishon LeTsiyyon,Rishon LeTsiyyon,Israel,31.971,34.7894,258535
Hiratsuka,Hiratsuka,Japan,35.3278,139.3373,258422
Stoke-on-Trent,Stoke-on-Trent,United Kingdom,53.0042,-2.1854,258366
Buffalo,Buffalo,United States,42.8865,-78.8784,258071
Verona,Verona,Italy,45.4385,10.9938,258031
Ðà Lạt,Da Lat,Vietnam,11.9465,108.4419,258014
San Salvador de Jujuy,San Salvador de Jujuy,Argentina,-24.1928,-65.2934,257970
Durham,Durham,United States,35.994,-78.8986,257636
Shiqi,Shiqi,China,22.5168,113.3852,257472
Etāwah,Etawah,India,26.7762,79.0213,257448
Gasteiz / Vitoria,Gasteiz / Vitoria,Spain,42.85,-2.6727,257407
Rugao,Rugao,China,32.3704,120.5765,257400
Gómez Palacio,Gomez Palacio,Mexico,25.5687,-103.4996,257352
St. Petersburg,St. Petersburg,United States,27.7709,-82.6793,257083
L'Hospitalet de Llobregat,L'Hospitalet de Llobregat,Spain,41.3597,2.1003,257038
Gdynia,Gdynia,Poland,54.5189,18.5319,257000
Cilacap,Cilacap,Indonesia,-7.7264,109.0094,256996
Irvine,Irvine,United States,33.6695,-117.8231,256927
Kitchener,Kitchener,Canada,43.4254,-80.5112,256885
Suicheng,Suicheng,China,33.8963,117.9331,256665
Nada,Nada,China,19.5213,109.579,256652
Latina,Latina,Spain,40.389,-3.7457,256644
Los Mochis,Los Mochis,Mexico,25.791,-108.9982,256613
Bratsk,Bratsk,Russia,56.1325,101.6142,256600
Pachuca de Soto,Pachuca de Soto,Mexico,20.117,-98.7333,256584
Chingola,Chingola,Zambia,-12.529,27.8838,256560
Sumy,Sumy,Ukraine,50.9174,34.7991,256474
Milton Keynes,Milton Keynes,United Kingdom,52.0417,-0.7558,256385
Indaiatuba,Indaiatuba,Brazil,-23.0884,-47.2119,256223
Laredo,Laredo,United States,27.5064,-99.5075,256153
Juazeiro,Juazeiro,Brazil,-9.4117,-40.4986,256122
Vila Flor,Vila Flor,Angola,-8.9801,13.3078,256066
Germiston,Germiston,South Africa,-26.215,28.164,255863
Ñuñoa,Nunoa,Chile,-33.4474,-70.5828,255823
Parakou,Parakou,Benin,9.3372,2.6303,255478
Isiro,Isiro,Democratic Republic of the Congo,2.7739,27.616,255409
Sari,Sari,Iran,36.5633,53.0601,255396
Tarakan,Tarakan,Indonesia,3.3133,117.5915,255310
Kenema,Kenema,Sierra Leone,7.8769,-11.1903,255110
Oaxaca,Oaxaca,Mexico,17.0602,-96.7254,255029
Mossamedes,Mossamedes,Angola,-15.1961,12.1522,255000
Al Madīnah,Al Madinah,Iraq,30.9632,47.27,255000
Hobart,Hobart,Australia,-42.8794,147.3294,254930
Ikot Ekpene,Ikot Ekpene,Nigeria,5.1819,7.7148,254806
Woodlands,Woodlands,Singapore,1.438,103.7888,254440
Hanam,Hanam,South Korea,37.54,127.2056,254415
Mueang Nonthaburi,Mueang Nonthaburi,Thailand,13.8607,100.5148,254375
Muridke,Muridke,Pakistan,31.8026,74.2577,254291
Saint-Louis,Saint-Louis,Senegal,16.0179,-16.4896,254171
Batu Caves,Batu Caves,Malaysia,3.238,101.682,254083
Novo Hamburgo,Novo Hamburgo,Brazil,-29.6783,-51.1306,253841
Jurong West,Jurong West,Singapore,1.3503,103.7228,253840
Singkawang,Singkawang,Indonesia,0.9093,108.9846,253812
Cox’s Bāzār,Cox's Bazar,Bangladesh,21.4397,92.0096,253788
Carabanchel,Carabanchel,Spain,40.3909,-3.7242,253678
Cotia,Cotia,Brazil,-23.6039,-46.9192,253608
Petaẖ Tiqva,Petah Tiqva,Israel,32.0888,34.8867,253529
Marg‘ilon,Marg'ilon,Uzbekistan,40.4724,71.7246,253500
Ambarnath,Ambarnath,India,19.2,73.1667,253475
Godomè,Godome,Benin,6.3895,2.3458,253262
Naihāti,Naihati,India,22.894,88.4152,253221
Braşov,Brasov,Romania,45.6486,25.6061,253200
Xuân Lộc,Xuan Loc,Vietnam,10.9333,107.2333,253140
Richards Bay,Richards Bay,South Africa,-28.783,32.0377,252968
Qina,Qina,Egypt,26.1642,32.7267,252883
Bharatpur,Bharatpur,India,27.2173,77.4901,252838
Vantaa,Vantaa,Finland,60.2941,25.041,252724
Porto,Porto,Portugal,41.1485,-8.611,252687
Kiel,Kiel,Germany,54.3213,10.1349,252668
El Fasher,El Fasher,Sudan,13.6279,25.3494,252609
Thiès Nones,Thies Nones,Senegal,14.7833,-16.9667,252320
Suihua,Suihua,China,46.6481,126.9666,252245
Los Teques,Los Teques,Venezuela,10.3495,-67.0427,252242
Santiago del Estero,Santiago del Estero,Argentina,-27.8005,-64.2629,252192
Sétif,Setif,Algeria,36.1911,5.4137,252127
Begusarai,Begusarai,India,25.4185,86.1339,252008
Borūjerd,Borujerd,Iran,33.8973,48.7516,251958
Qarchak,Qarchak,Iran,35.4287,51.5776,251834
Afyonkarahisar,Afyonkarahisar,Turkey,38.7567,30.5433,251799
İskenderun,Iskenderun,Turkey,36.5872,36.1735,251682
Santiago de Surco,Santiago de Surco,Peru,-12.1359,-77.0074,251648
Maracanaú,Maracanau,Brazil,-3.8767,-38.6256,251613
Ota,Ota,Nigeria,6.6887,3.232,251546
Thika,Thika,Kenya,-1.0333,37.0693,251407
San Fernando,San Fernando,Philippines,15.0343,120.6844,251248
Menongue,Menongue,Angola,-14.6585,17.691,251178
Ḩayy Khildā,Hayy Khilda,Jordan,31.992,35.84,251000
Jacareí,Jacarei,Brazil,-23.3053,-45.9658,250952
Jimma,Jimma,Ethiopia,7.6734,36.8344,250900
Timişoara,Timisoara,Romania,45.7537,21.2257,250849
Santa Clara,Santa Clara,Cuba,22.4071,-79.9658,250512
Iwo,Iwo,Nigeria,7.6353,4.1816,250443
A Coruña,A Coruna,Spain,43.3713,-8.396,250438
Libertad,Libertad,Philippines,8.9442,125.5019,250353
Altona,Altona,Germany,53.55,9.9333,250192
La Paz,La Paz,Mexico,24.1423,-110.3132,250141
Kelar,Kelar,Iraq,34.6281,45.3185,250000
Colonia del Valle,Colonia del Valle,Mexico,19.3861,-99.162,250000
Niš,Nis,Serbia,43.3247,21.9033,250000
Singa,Singa,Sudan,13.1483,33.9312,250000
San Bernardo,San Bernardo,Chile,-33.5922,-70.6996,249858
Sōka,Soka,Japan,35.8364,139.7996,249645
Mzuzu,Mzuzu,Malawi,-11.4656,34.0207,249564
Navotas,Navotas,Philippines,14.6667,120.95,249463
Tiruvottiyūr,Tiruvottiyur,India,13.1582,80.3018,249446
Cidade Ademar,Cidade Ademar,Brazil,-23.6738,-46.6568,249218
Burnaby,Burnaby,Canada,49.2664,-122.9526,249125
Lubbock,Lubbock,United States,33.5779,-101.8552,249042
Palermo,Palermo,Argentina,-34.5886,-58.4305,249016
Thị Trấn Đông Triều,Thi Tran GJong Trieu,Vietnam,21.0824,106.5138,248896
Thuqbah,Thuqbah,Saudi Arabia,26.2602,50.2049,248888
Yamagata,Yamagata,Japan,38.2333,140.3667,248772
Tehuacán,Tehuacan,Mexico,18.4642,-97.3974,248716
Guarenas,Guarenas,Venezuela,10.4703,-66.6193,248588
Laferrere,Laferrere,Argentina,-34.7505,-58.5846,248362
Montpellier,Montpellier,France,43.6109,3.8763,248252
Jimeta,Jimeta,Nigeria,9.2795,12.4582,248148
Częstochowa,Czestochowa,Poland,50.7965,19.1241,248125
Gāndhīdhām,Gandhidham,India,23.0833,70.1333,247992
Beibei,Beibei,China,29.8274,106.4364,247702
Insein,Insein,Myanmar,16.8887,96.1026,247675
City of Westminster,City of Westminster,United Kingdom,51.4975,-0.1357,247614
Gilbert,Gilbert,United States,33.3528,-111.789,247542
Chemnitz,Chemnitz,Germany,50.8357,12.9292,247220
Paraná,Parana,Argentina,-31.7327,-60.529,247139
San Miguel,San Miguel,El Salvador,13.4826,-88.1821,247126
Shijie,Shijie,China,23.0955,113.7919,246960
Chitato,Chitato,Angola,-7.3,20.7333,246880
Orsk,Orsk,Russia,51.2321,58.488,246836
Vanderbijlpark,Vanderbijlpark,South Africa,-26.7117,27.8379,246754
Coro,Coro,Venezuela,11.4077,-69.6782,246657
Americana,Americana,Brazil,-22.7392,-47.3314,246655
Hami,Hami,China,42.8339,93.506,246373
Gaborone,Gaborone,Botswana,-24.6545,25.9086,246325
Al ‘Āshir min Ramaḑān,Al 'Ashir min Ramadan,Egypt,30.2964,31.7463,246148
Mau,Mau,India,25.9417,83.5611,246050
Puerto Montt,Puerto Montt,Chile,-41.4693,-72.9424,245902
Northampton,Northampton,United Kingdom,52.25,-0.8833,245899
Juliaca,Juliaca,Peru,-15.5,-70.1333,245675
Fuji,Fuji,Japan,35.1667,138.6833,245392
Gyeongju,Gyeongju,South Korea,35.8428,129.2117,245365
Águas Lindas de Goiás,Aguas Lindas de Goias,Brazil,-15.7619,-48.2817,245352
Sinfra,Sinfra,Ivory Coast,6.621,-5.9114,245226
Syktyvkar,Syktyvkar,Russia,61.6639,50.8163,245083
Gorgān,Gorgan,Iran,36.8427,54.4439,244937
Nizhnevartovsk,Nizhnevartovsk,Russia,60.9344,76.5531,244937
Shahkot,Shahkot,Pakistan,31.5709,73.4853,244868
Groningen,Groningen,The Netherlands,53.2192,6.5667,244807
Biratnagar,Biratnagar,Nepal,26.455,87.2701,244750
Braunschweig,Braunschweig,Germany,52.2659,10.5267,244715
Valera,Valera,Venezuela,9.3178,-70.6036,244708
Sīkar,Sikar,India,27.6121,75.14,244497
Bago,Bago,Myanmar,17.3352,96.4814,244376
Magdeburg,Magdeburg,Germany,52.1313,11.6319,244329
Baruta,Baruta,Venezuela,10.4342,-66.8756,244216
Puente de Vallecas,Puente de Vallecas,Spain,40.3935,-3.662,244151
Magé,Mage,Brazil,-22.6528,-43.0406,244142
Trabzon,Trabzon,Turkey,41.005,39.7269,244083
Tri-Cities,Tri-Cities,United States,46.2454,-119.1962,244036
Jessore,Jessore,Bangladesh,23.1697,89.2137,243987
Manisa,Manisa,Turkey,38.612,27.4265,243971
Arapiraca,Arapiraca,Brazil,-9.7525,-36.6611,243906
Rivne,Rivne,Ukraine,50.6204,26.237,243873
Padangsidempuan,Padangsidempuan,Indonesia,1.3795,99.2715,243843
Probolinggo,Probolinggo,Indonesia,-7.7543,113.2159,243746
Sabzevar,Sabzevar,Iran,36.2126,57.6819,243700
Musaffah,Musaffah,United Arab Emirates,24.3589,54.4827,243341
Brasilandia,Brasilandia,Brazil,-23.4486,-46.6884,243273
Sasebo,Sasebo,Japan,33.1683,129.725,243223
Angarsk,Angarsk,Russia,52.5597,103.9141,243158
Mar’ino,Mar'ino,Russia,55.65,37.7167,243000
Ramagundam,Ramagundam,India,18.755,79.474,242979
Hāpur,Hapur,India,28.7298,77.7807,242920
Chigasaki,Chigasaki,Japan,35.3364,139.4043,242798
Toli-Toli,Toli-Toli,Indonesia,1.0402,120.8176,242783
Chōfu,Chofu,Japan,35.6592,139.5484,242614
Berbera,Berbera,Somalia,10.4396,45.0143,242344
Jiyuan,Jiyuan,China,35.0891,112.5881,242143
Yamato,Yamato,Japan,35.4728,139.451,242065
Man,Man,Ivory Coast,7.4125,-7.5538,241969
Bahawalnagar,Bahawalnagar,Pakistan,29.9983,73.2527,241873
Bahawalnagar,Bahawalnagar,Pakistan,30.5508,73.3908,241873
Novorossiysk,Novorossiysk,Russia,44.7319,37.7618,241856
Tsukuba,Tsukuba,Japan,36.0833,140.1167,241656
Arica,Arica,Chile,-18.4755,-70.3006,241653
Peñalolén,Penalolen,Chile,-33.4684,-70.5341,241599
Rio Verde,Rio Verde,Brazil,-17.7981,-50.9281,241494
Laohekou,Laohekou,China,32.3858,111.6678,241431
Hải Dương,Hai Duong,Vietnam,20.941,106.333,241373
Winston-Salem,Winston-Salem,United States,36.0999,-80.2442,241218
Farrukhābād,Farrukhabad,India,27.3913,79.5793,241152
Matsumoto,Matsumoto,Japan,36.2333,137.9667,241145
Alappuzha,Alappuzha,India,9.49,76.3264,240991
Itapevi,Itapevi,Brazil,-23.5489,-46.9342,240961
Katihar,Katihar,India,25.5385,87.5704,240838
Buenaventura,Buenaventura,Colombia,3.8796,-77.031,240387
Ciudad Ojeda,Ciudad Ojeda,Venezuela,10.2016,-71.3148,240283
Gucun,Gucun,China,31.3493,121.3934,240185
Glendale,Glendale,United States,33.5386,-112.186,240126
Xiulin,Xiulin,China,29.7167,112.4,240082
Navegantes,Navegantes,Angola,-12.59,13.3912,240075
Bunkyo,Bunkyo,Japan,35.5331,139.4217,240069
Itaboraí,Itaborai,Brazil,-22.7444,-42.8594,240040
Klang,Klang,Malaysia,3.0367,101.4433,240016
Almendares,Almendares,Cuba,23.1101,-82.4232,240000
Golestān,Golestan,Iran,35.5183,51.1819,240000
Vyhurivshchyna-Troyeshchyna,Vyhurivshchyna-Troyeshchyna,Ukraine,50.5114,30.6025,240000
Khimki,Khimki,Russia,55.9001,37.4285,239967
Horlivka,Horlivka,Ukraine,48.2999,38.0171,239828
Nacala,Nacala,Mozambique,-14.5626,40.6854,239808
Obolon,Obolon,Ukraine,50.5132,30.5055,239500
Xiantao,Xiantao,China,30.3708,113.4429,239406
Nalchik,Nalchik,Russia,43.4981,43.6189,239300
Hachinohe,Hachinohe,Japan,40.5,141.5,239046
Sete Lagoas,Sete Lagoas,Brazil,-19.4658,-44.2467,238909
Osan,Osan,South Korea,37.1522,127.0706,238788
Fuencarral,Fuencarral,Spain,40.5,-3.6833,238765
Lille,Lille,France,50.6339,3.0551,238695
Neyagawa,Neyagawa,Japan,34.7662,135.6276,238549
Ormoc,Ormoc,Philippines,11.0064,124.6075,238545
Cabo Frio,Cabo Frio,Brazil,-22.8872,-42.0262,238438
Magdalena Contreras,Magdalena Contreras,Mexico,19.3321,-99.2112,238431
Nāgarpur,Nagarpur,Bangladesh,24.0578,89.877,238422
Kasulu,Kasulu,Tanzania,-4.5767,30.1025,238321
Ngaoundéré,Ngaoundere,Cameroon,7.3277,13.5847,238196
Ivano-Frankivsk,Ivano-Frankivsk,Ukraine,48.9231,24.7125,238196
Balıkesir,Balikesir,Turkey,39.6492,27.8861,238151
Temuco,Temuco,Chile,-38.7363,-72.5974,238129
Norfolk,Norfolk,United States,36.8468,-76.2852,238005
Krefeld,Krefeld,Germany,51.3364,6.5538,237984
Halle (Saale),Halle (Saale),Germany,51.4816,11.9795,237865
Sri Ganganagar,Sri Ganganagar,India,29.9201,73.875,237780
Marília,Marilia,Brazil,-22.2139,-49.9458,237627
Amarapura,Amarapura,Myanmar,21.9071,96.0489,237618
Kilamba,Kilamba,Angola,-8.8486,13.275,237528
Āmol,Amol,Iran,36.4696,52.3507,237528
Freiburg,Freiburg,Germany,47.9959,7.8522,237460
Athlone,Athlone,South Africa,-33.9672,18.5021,237414
Batangas,Batangas,Philippines,13.7567,121.0584,237370
Al Jubayl,Al Jubayl,Saudi Arabia,27.0174,49.6225,237274
Tŏkch’ŏn,Tokch'on,North Korea,39.7526,126.258,237133
Oldham,Oldham,United Kingdom,53.5405,-2.1183,237110
Pathein,Pathein,Myanmar,16.7792,94.7321,237089
Hialeah,Hialeah,United States,25.8576,-80.2781,237069
Kunri,Kunri,Pakistan,25.1787,69.5657,237063
Sylhet,Sylhet,Bangladesh,24.899,91.872,237000
Paarl,Paarl,South Africa,-33.7338,18.9752,236910
Garland,Garland,United States,32.9126,-96.6389,236897
Podgorica,Podgorica,Montenegro,42.4412,19.2631,236852
Scottsdale,Scottsdale,United States,33.5092,-111.899,236839
Hortolândia,Hortolandia,Brazil,-22.8583,-47.22,236641
Irving,Irving,United States,32.814,-96.9489,236607
Centurion,Centurion,South Africa,-25.8589,28.1858,236580
Qingzhou,Qingzhou,China,36.6967,118.4797,236406
Pākdasht,Pakdasht,Iran,35.4785,51.6834,236319
Kajang,Kajang,Malaysia,2.9942,101.7887,236240
Campo Limpo,Campo Limpo,Brazil,-23.6363,-46.7657,236162
Yuci,Yuci,China,37.6803,112.7319,235929
Sant Martí,Sant Marti,Spain,41.4181,2.1993,235719
Eindhoven,Eindhoven,The Netherlands,51.4408,5.4778,235691
Boise,Boise,United States,43.6135,-116.2035,235684
Rewa,Rewa,India,24.5326,81.2923,235654
Yakutsk,Yakutsk,Russia,62.0311,129.7229,235600
Bole,Bole,China,44.8933,82.0699,235585
Muzaffargarh,Muzaffargarh,Pakistan,30.0726,71.1938,235541
Chesapeake,Chesapeake,United States,36.819,-76.2749,235429
Uluberiya,Uluberiya,India,22.4756,88.099,235345
Ipatinga,Ipatinga,Brazil,-19.4683,-42.5367,235311
Dali,Dali,China,25.5847,100.2123,235305
Najafābād,Najafabad,Iran,32.6346,51.3653,235281
Thành Phố Bà Rịa,Thanh Pho Ba Ria,Vietnam,10.4963,107.1685,235192
Georgetown,Georgetown,Guyana,6.8045,-58.1553,235017
Xiangxiang,Xiangxiang,China,27.7333,112.5333,235000
Kismayo,Kismayo,Somalia,-0.3582,42.5454,234852
North Las Vegas,North Las Vegas,United States,36.1989,-115.1175,234807
Elche,Elche,Spain,38.2622,-0.7011,234765
Presidente Prudente,Presidente Prudente,Brazil,-22.1256,-51.3889,234706
Sivakasi,Sivakasi,India,9.45,77.798,234704
Kindu,Kindu,Democratic Republic of the Congo,-2.9437,25.9224,234651
Digri,Digri,Pakistan,25.1566,69.111,234578
Nizhnekamsk,Nizhnekamsk,Russia,55.6379,51.815,234297
Karur,Karur,India,10.9577,78.081,234191
Lubuklinggau,Lubuklinggau,Indonesia,-3.2945,102.8614,234166
Craiova,Craiova,Romania,44.3167,23.8,234140
Rāichūr,Raichur,India,16.2055,77.3557,234073
Pallāvaram,Pallavaram,India,12.968,80.1502,233984
Danlí,Danli,Honduras,14.0333,-86.5833,233789
Yongkang,Yongkang,Taiwan,23.0244,120.2556,233730
Bo,Bo,Sierra Leone,7.9647,-11.7383,233684
Granada,Granada,Spain,37.1882,-3.6067,233532
Ooty,Ooty,India,11.4134,76.6952,233426
Saga,Saga,Japan,33.2333,130.3,233301
Magugpo Poblacion,Magugpo Poblacion,Philippines,7.4475,125.8046,233254
Dzerzhinsk,Dzerzhinsk,Russia,56.2442,43.4554,233126
Pemba,Pemba,Mozambique,-12.974,40.5177,232932
Geoje,Geoje,South Korea,34.8138,128.7056,232921
Teluk Intan,Teluk Intan,Malaysia,4.0222,101.0208,232800
Singida,Singida,Tanzania,-4.8163,34.7436,232459
Kigoma,Kigoma,Tanzania,-4.8769,29.6267,232388
Colombo,Colombo,Brazil,-25.2917,-49.2242,232212
Fremont,Fremont,United States,37.5483,-121.9886,232206
Kampong Baharu Cheras Batu Sebelas,Kampong Baharu Cheras Batu Sebelas,Malaysia,3.05,101.7667,232100
Viamão,Viamao,Brazil,-30.0811,-51.0233,231996
Jiayuguan,Jiayuguan,China,39.8112,98.2862,231853
Abadan,Abadan,Iran,30.3392,48.3043,231476
Taytay,Taytay,Philippines,14.5588,121.1329,231460
Phổ Yên,Pho Yen,Vietnam,21.4198,105.8899,231363
Neuquén,Neuquen,Argentina,-38.9508,-68.0592,231198
Divinópolis,Divinopolis,Brazil,-20.1436,-44.8907,231091
Türkmenabat,Tuerkmenabat,Turkmenistan,39.0733,63.5786,230861
Shibuya,Shibuya,Japan,35.6589,139.7066,230609
Sơn Tây,Son Tay,Vietnam,21.1405,105.5069,230577
Ninh Hòa,Ninh Hoa,Vietnam,12.4919,109.1249,230566
Pasir Mas,Pasir Mas,Malaysia,6.0493,102.1399,230424
Purwokerto,Purwokerto,Indonesia,-7.4214,109.2344,230235
José C. Paz,Jose C. Paz,Argentina,-34.5154,-58.7681,230208
Marka,Marka,Somalia,1.7159,44.7717,230100
Pāli,Pali,India,25.7728,73.3234,230075
Ḩalwān,Halwan,Egypt,29.8414,31.3008,230000
Atani,Atani,Nigeria,6.0128,6.7477,230000
Mariupol,Mariupol,Ukraine,47.0951,37.5413,230000
Huanren,Huanren,China,41.2647,125.3667,229953
Changzheng,Changzheng,China,31.2391,121.3678,229925
Kasukabe,Kasukabe,Japan,35.9831,139.7497,229792
Paris 15 Vaugirard,Paris 15 Vaugirard,France,48.8412,2.3003,229713
Windsor,Windsor,Canada,42.3001,-83.0165,229660
Hosūr,Hosur,India,12.7365,77.8326,229528
Spokane,Spokane,United States,47.6597,-117.4291,229447
Tripoli,Tripoli,Lebanon,34.4335,35.8441,229398
Longueuil,Longueuil,Canada,45.5152,-73.4682,229330
Ordu,Ordu,Turkey,40.9778,37.8905,229214
San Fernando de Apure,San Fernando de Apure,Venezuela,7.8896,-67.4718,229197
Croix-des-Bouquets,Croix-des-Bouquets,Haiti,18.5768,-72.2262,229127
Lucena,Lucena,Philippines,13.9314,121.6172,228758
Yishun New Town,Yishun New Town,Singapore,1.4333,103.8311,228730
Vizianagaram,Vizianagaram,India,18.1169,83.4115,228720
Jinchang,Jinchang,China,38.5006,102.1938,228561
Phan Thiết,Phan Thiet,Vietnam,10.9289,108.1021,228536
Şabyā,Sabya,Saudi Arabia,17.1495,42.6254,228375
Netanya,Netanya,Israel,32.3329,34.8592,228204
Ciudad Lineal,Ciudad Lineal,Spain,40.4451,-3.6513,228171
Meycauayan,Meycauayan,Philippines,14.7369,120.9608,228023
Bexley,Bexley,United Kingdom,51.4416,0.1487,228000
Aliayabiagba,Aliayabiagba,Nigeria,6.45,3.3333,228000
Nassau,Nassau,Bahamas,25.0582,-77.3431,227940
San Lorenzo,San Lorenzo,Paraguay,-25.3397,-57.5088,227876
Rennes,Rennes,France,48.1111,-1.6743,227830
Mohammedia,Mohammedia,Morocco,33.6861,-7.383,227799
Guatire,Guatire,Venezuela,10.474,-66.5424,227666
Tanjung Pinang,Tanjung Pinang,Indonesia,0.9167,104.4583,227663
Hougang New Town,Hougang New Town,Singapore,1.3567,103.8908,227560
Baton Rouge,Baton Rouge,United States,30.4433,-91.1875,227470
Criciúma,Criciuma,Brazil,-28.6775,-49.3697,227438
Sosnowiec,Sosnowiec,Poland,50.2868,19.1039,227295
Diez de Octubre,Diez de Octubre,Cuba,23.0881,-82.3597,227293
Turkistan,Turkistan,Kazakhstan,43.2946,68.2569,227098
Klerksdorp,Klerksdorp,South Africa,-26.8521,26.6667,227039
Upper West Side,Upper West Side,United States,40.7871,-73.9754,226989
Staryy Oskol,Staryy Oskol,Russia,51.3025,37.8461,226977
Ageo,Ageo,Japan,35.9714,139.6138,226940
Gusau,Gusau,Nigeria,12.1702,6.6641,226857
Neue Neustadt,Neue Neustadt,Germany,52.15,11.6333,226851
Kamyanske,Kamyanske,Ukraine,48.5172,34.6062,226845
Ashdod,Ashdod,Israel,31.7921,34.6497,226838
Radom,Radom,Poland,51.4025,21.1471,226794
Paya Terubong,Paya Terubong,Malaysia,5.3728,100.2797,226712
Richmond,Richmond,United States,37.5538,-77.4603,226610
Chang-hua,Chang-hua,Taiwan,24.0733,120.5628,226564
Changhua,Changhua,Taiwan,24.0692,120.5512,226564
Điện Bàn,GJien Ban,Vietnam,15.8885,108.2545,226564
Takarazuka,Takarazuka,Japan,34.7994,135.357,226432
Nzérékoré,Nzerekore,Guinea,7.7562,-8.8179,226426
Regina,Regina,Canada,50.4501,-104.6178,226404
Cà Mau,Ca Mau,Vietnam,9.1768,105.1524,226372
Shrīrāmpur,Shrirampur,India,22.7528,88.3422,226317
Fendou,Fendou,China,46.6414,124.8628,226298
Pangkalpinang,Pangkalpinang,Indonesia,-2.1291,106.1138,226297
Huanggang,Huanggang,China,23.677,116.9996,225956
Quthbullapur,Quthbullapur,India,17.5011,78.4582,225816
Mubi,Mubi,Nigeria,10.2686,13.267,225705
Varāmīn,Varamin,Iran,35.3242,51.6457,225628
Sector 1,Sector 1,Romania,44.4924,26.0483,225453
Batu,Batu,Indonesia,-7.87,112.5283,225408
Somerset West,Somerset West,South Africa,-34.084,18.8211,225289
Luton,Luton,United Kingdom,51.8797,-0.4175,225262
Ternopil,Ternopil,Ukraine,49.554,25.5907,225238
Bitung,Bitung,Indonesia,1.4406,125.1282,225134
Mymensingh,Mymensingh,Bangladesh,24.7564,90.4065,225126
Blagoveshchensk,Blagoveshchensk,Russia,50.2759,127.5264,225091
Nadiād,Nadiad,India,22.6939,72.8616,225071
Kumba,Kumba,Cameroon,4.6363,9.4469,225046
Košice,Kosice,Slovakia,48.7144,21.258,225044
Kremenchuk,Kremenchuk,Ukraine,49.0625,33.4048,224997
Jingling,Jingling,China,30.65,113.1,224871
Nāgercoil,Nagercoil,India,8.179,77.4323,224849
Sucre,Sucre,Bolivia,-19.0333,-65.2627,224838
Mutare,Mutare,Zimbabwe,-18.9707,32.6709,224802
Ōta,Ota,Japan,36.3,139.3667,224358
Karāwalnagar,Karawalnagar,India,28.7271,77.2705,224281
Puerto Vallarta,Puerto Vallarta,Mexico,20.617,-105.2302,224166
Minamirinkan,Minamirinkan,Japan,35.4953,139.4428,224015
Cork,Cork,Ireland,51.898,-8.4706,224004
Atsugi,Atsugi,Japan,35.4427,139.3693,223960
Heihe,Heihe,China,50.2441,127.4902,223832
Mango,Mango,India,22.8275,86.2164,223805
Sinop,Sinop,Brazil,-11.8642,-55.5025,223780
Paramaribo,Paramaribo,Suriname,5.8664,-55.1668,223757
Klungkung,Klungkung,Indonesia,-8.5333,115.4,223720
Narayanganj,Narayanganj,Bangladesh,23.6135,90.503,223622
NIA Valencia,NIA Valencia,Philippines,7.9064,125.0942,223620
Tongchuanshi,Tongchuanshi,China,35.0747,109.085,223603
Concepción,Concepcion,Chile,-36.827,-73.0498,223574
Ramadi,Ramadi,Iraq,33.4206,43.3078,223500
Paradise,Paradise,United States,36.0972,-115.1467,223167
Tacoma,Tacoma,United States,47.2529,-122.4443,222906
Mainz,Mainz,Germany,49.9819,8.2801,222889
Velikiy Novgorod,Velikiy Novgorod,Russia,58.5213,31.271,222868
Sungai Buloh,Sungai Buloh,Malaysia,3.21,101.561,222858
Puerto Princesa,Puerto Princesa,Philippines,9.7392,118.7353,222673
Palhoça,Palhoca,Brazil,-27.6453,-48.6678,222598
Xintai,Xintai,China,35.9006,117.7519,222459
El Tigre,El Tigre,Venezuela,8.889,-64.2527,222450
Haeju,Haeju,North Korea,38.0406,125.7147,222396
Formosa,Formosa,Argentina,-26.1849,-58.1731,222226
Ikire,Ikire,Nigeria,7.3698,4.1863,222160
Jiexiu,Jiexiu,China,37.0244,111.9125,222100
La Ceiba,La Ceiba,Honduras,15.7597,-86.7822,222055
Tilburg,Tilburg,The Netherlands,51.5555,5.0913,221947
Ba Dinh,Ba Dinh,Vietnam,21.0365,105.8268,221893
Murwāra,Murwara,India,23.8378,80.394,221883
Moshi,Moshi,Tanzania,-3.35,37.3333,221733
Kanchipuram,Kanchipuram,India,12.8352,79.7001,221715
Sousse,Sousse,Tunisia,35.8254,10.637,221715
Tuluá,Tulua,Colombia,4.0848,-76.1955,221684
Soyo,Soyo,Angola,-6.1349,12.3689,221555
Sóc Trăng,Soc Trang,Vietnam,9.5999,105.9719,221430
Kankan,Kankan,Guinea,10.3854,-9.3057,221428
Shakhty,Shakhty,Russia,47.7192,40.216,221312
Mbarara,Mbarara,Uganda,-0.6047,30.6485,221300
Luziânia,Luziania,Brazil,-16.2525,-47.9503,221262
Olongapo,Olongapo,Philippines,14.8292,120.2828,221178
Ibarra,Ibarra,Ecuador,0.3488,-78.1246,221149
Banja Luka,Banja Luka,Bosnia and Herzegovina,44.7788,17.2063,221106
Rufisque est,Rufisque est,Senegal,14.7162,-17.2728,221066
Neyshābūr,Neyshabur,Iran,36.2133,58.7957,220929
Sāveh,Saveh,Iran,35.0213,50.3566,220762
Wuxue,Wuxue,China,29.8506,115.5525,220661
Shevchenkivskyi,Shevchenkivskyi,Ukraine,50.0202,36.2247,220660
Chí Linh,Chi Linh,Vietnam,21.0667,106.3167,220421
Campeche,Campeche,Mexico,19.8407,-90.5168,220389
Quận Ba,Quan Ba,Vietnam,10.7749,106.6863,220375
Singrauli,Singrauli,India,24.1997,82.6753,220257
Fuencarral-El Pardo,Fuencarral-El Pardo,Spain,40.4984,-3.7314,220085
Shevchenkivskyi,Shevchenkivskyi,Ukraine,50.4641,30.4658,220077
Mirzāpur,Mirzapur,India,25.1449,82.5653,220029
Oviedo,Oviedo,Spain,43.3603,-5.8448,220027
Bandar Seri Alam,Bandar Seri Alam,Malaysia,1.5043,103.8752,220000
Sorong,Sorong,Indonesia,-0.8796,131.261,219958
Messina,Messina,Italy,38.1939,15.5526,219948
Dehiwala-Mount Lavinia,Dehiwala-Mount Lavinia,Sri Lanka,6.8402,79.8712,219827
Kropyvnytskyi,Kropyvnytskyi,Ukraine,48.5083,32.2662,219676
Kharagpur,Kharagpur,India,22.3397,87.325,219665
Kabinda,Kabinda,Democratic Republic of the Congo,-6.1379,24.4818,219396
Jacobabad,Jacobabad,Pakistan,28.2819,68.4376,219315
Tunduma,Tunduma,Tanzania,-9.3,32.7667,219309
Binangonan,Binangonan,Philippines,14.4646,121.1929,219204
Oberhausen,Oberhausen,Germany,51.4781,6.8625,219176
Chon Buri,Chon Buri,Thailand,13.3622,100.9835,219164
Santa Luzia,Santa Luzia,Brazil,-19.7697,-43.8514,219132
Prokop’yevsk,Prokop'yevsk,Russia,53.9152,86.7189,219000
Samambaia,Samambaia,Brazil,-15.8823,-48.1043,218840
Erfurt,Erfurt,Germany,50.9773,11.0354,218793
Esmeraldas,Esmeraldas,Ecuador,0.9592,-79.654,218727
Terrassa,Terrassa,Spain,41.5667,2.0167,218535
Barking,Barking,United Kingdom,51.5333,0.0833,218534
Wuhai,Wuhai,China,39.6844,106.8158,218427
Valparaíso de Goiás,Valparaiso de Goias,Brazil,-16.0658,-47.9786,218416
Khuzdar,Khuzdar,Pakistan,27.8119,66.611,218112
Koutiala,Koutiala,Mali,12.3872,-5.4651,218031
Eluru,Eluru,India,16.7131,81.1044,218020
Rāniganj,Raniganj,India,17.4284,78.4936,217910
San Pedro de Macorís,San Pedro de Macoris,Dominican Republic,18.4539,-69.3086,217899
Galaţi,Galati,Romania,45.4369,28.0503,217851
Badalona,Badalona,Spain,41.45,2.2474,217741
Mokotów,Mokotow,Poland,52.1934,21.0349,217683
Taiping,Taiping,Malaysia,4.85,100.7333,217647
Yintai,Yintai,China,35.1152,109.097,217509
Yamuna Nagar,Yamuna Nagar,India,30.128,77.2837,217071
Cabo de Santo Agostinho,Cabo de Santo Agostinho,Brazil,-8.2877,-35.0292,216969
Arakawa,Arakawa,Japan,35.7383,139.7805,216900
Jamaica,Jamaica,United States,40.6915,-73.8057,216866
Buenavista,Buenavista,Mexico,19.6083,-99.1694,216776
Gilgit,Gilgit,Pakistan,35.9187,74.3124,216760
Rybinsk,Rybinsk,Russia,58.0456,38.8381,216724
Santa Rosa,Santa Rosa,Philippines,14.3122,121.1114,216650
Sobral,Sobral,Brazil,-3.6861,-40.3497,216519
Trondheim,Trondheim,Norway,63.4305,10.3951,216518
Raurkela Industrial Township,Raurkela Industrial Township,India,22.1999,84.8618,216410
Porlamar,Porlamar,Venezuela,10.9577,-63.8697,216234
San Bernardino,San Bernardino,United States,34.1083,-117.2898,216108
Ciudad Acuña,Ciudad Acuna,Mexico,29.3232,-100.9522,216099
Oulu,Oulu,Finland,65.0124,25.4682,216066
Bidar,Bidar,India,17.908,77.5152,216020
Vykhino-Zhulebino,Vykhino-Zhulebino,Russia,55.702,37.8118,216000
Lutsk,Lutsk,Ukraine,50.7578,25.3502,215986
La Ceiba,La Ceiba,Honduras,15.7667,-86.8333,215973
San Cristóbal de las Casas,San Cristobal de las Casas,Mexico,16.7301,-92.6382,215874
Zelenograd,Zelenograd,Russia,55.9825,37.1814,215727
Archway,Archway,United Kingdom,51.5673,-0.1341,215667
Wangsa Maju,Wangsa Maju,Malaysia,3.2006,101.7397,215600
Salt Lake City,Salt Lake City,United States,40.7608,-111.8911,215548
Biysk,Biysk,Russia,52.5342,85.1966,215430
Novi Sad,Novi Sad,Serbia,45.2517,19.8369,215400
Jinzhou,Jinzhou,China,39.1,121.7167,215386
Jiutepec,Jiutepec,Mexico,18.8814,-99.1778,215357
Longgang,Longgang,China,22.7229,114.2633,215273
Monclova,Monclova,Mexico,26.9069,-101.4206,215271
Tân An,Tan An,Vietnam,10.5359,106.4137,215250
Ma On Shan,Ma On Shan,Hong Kong,22.4061,114.2408,215200
Commonwealth,Commonwealth,Philippines,14.6969,121.0801,215034
Huntsville,Huntsville,United States,34.7304,-86.5859,215006
Jabaquara,Jabaquara,Brazil,-23.6505,-46.6459,214958
Ziguinchor,Ziguinchor,Senegal,12.568,-16.2733,214874
Passo Fundo,Passo Fundo,Brazil,-28.2628,-52.4067,214811
Kŭlob,Kulob,Tajikistan,37.9146,69.7845,214700
Citeureup,Citeureup,Indonesia,-6.4856,106.8819,214668
Centralniy,Centralniy,Russia,59.9311,30.3607,214625
Sa Dec,Sa Dec,Vietnam,10.2909,105.7563,214610
Kure,Kure,Japan,34.2322,132.5666,214592
Shagamu,Shagamu,Nigeria,6.8485,3.6463,214558
Bnei Brak,Bnei Brak,Israel,32.0807,34.8338,214444
Khouribga,Khouribga,Morocco,32.8811,-6.9063,214241
Yingtan,Yingtan,China,28.2333,117.0,214229
Des Moines,Des Moines,United States,41.6005,-93.6091,214133
Çiğli,Cigli,Turkey,38.4965,27.0703,214065
Marcory,Marcory,Ivory Coast,5.312,-3.9936,214061
Gojra,Gojra,Pakistan,31.1493,72.6832,214000
Cartagena,Cartagena,Spain,37.602,-0.984,213943
Quevedo,Quevedo,Ecuador,-1.0288,-79.4626,213842
Oakville,Oakville,Canada,43.4501,-79.6829,213759
Pasuruan,Pasuruan,Indonesia,-7.6453,112.9075,213469
Naz̧arābād,Nazarabad,Iran,35.9541,50.6061,213388
Munger,Munger,India,25.3746,86.4745,213303
Xilin Hot,Xilin Hot,China,43.9667,116.0333,213000
Jerez de la Frontera,Jerez de la Frontera,Spain,36.6865,-6.1361,212879
El Jadida,El Jadida,Morocco,33.2568,-8.5088,212863
Zitong,Zitong,China,30.1782,105.8299,212819
Loa Janan,Loa Janan,Indonesia,-0.5829,117.095,212816
Târgu Mureş,Targu Mures,Romania,46.5425,24.5575,212752
Fontana,Fontana,United States,34.0922,-117.4351,212704
Rancagua,Rancagua,Chile,-34.1691,-70.7405,212695
Zhubei,Zhubei,Taiwan,24.8383,121.0078,212695
Mallawī,Mallawi,Egypt,27.7326,30.8413,212628
Cape Coast,Cape Coast,Ghana,5.1053,-1.2466,212426
Bukit Mertajam,Bukit Mertajam,Malaysia,5.363,100.4667,212329
Lipa City,Lipa City,Philippines,13.9411,121.1631,212287
Lanús,Lanus,Argentina,-34.7076,-58.3913,212252
Lübeck,Luebeck,Germany,53.8689,10.6873,212207
Luojiang,Luojiang,China,31.305,104.5048,212186
Sepang,Sepang,Malaysia,2.6931,101.7498,212050
Cobán,Coban,Guatemala,15.4703,-90.3745,212047
Maricá,Marica,Brazil,-22.9194,-42.8186,211986
Cao Lãnh,Cao Lanh,Vietnam,10.4602,105.6329,211912
Isesaki,Isesaki,Japan,36.3167,139.2,211850
Sabadell,Sabadell,Spain,41.5433,2.1094,211734
Jaraguá,Jaragua,Brazil,-23.4408,-46.7377,211610
Taito,Taito,Japan,35.7075,139.7788,211444
Nandyāl,Nandyal,India,15.478,78.4836,211424
Santa Cruz de Tenerife,Santa Cruz de Tenerife,Spain,28.4682,-16.2546,211359
Panchkula,Panchkula,India,30.6946,76.8504,211355
Modesto,Modesto,United States,37.6391,-120.9969,211266
Panabo,Panabo,Philippines,7.3081,125.6842,211242
Lijiang,Lijiang,China,26.8688,100.2207,211151
Konibodom,Konibodom,Tajikistan,40.2941,70.4312,211100
Hailar,Hailar,China,49.2,119.7,211066
Itaquera,Itaquera,Brazil,-23.5319,-46.4442,210960
Kabankalan,Kabankalan,Philippines,9.9839,122.8142,210893
Burhānpur,Burhanpur,India,21.3087,76.2303,210886
Abha,Abha,Saudi Arabia,18.2164,42.5053,210886
Ternate,Ternate,Indonesia,0.7906,127.3842,210836
Burgas,Burgas,Bulgaria,42.5065,27.4689,210646
Pskov,Pskov,Russia,57.8192,28.3318,210501
Morvi,Morvi,India,22.8173,70.8377,210451
Daliang,Daliang,China,22.8407,113.2503,210411
Quilicura,Quilicura,Chile,-33.368,-70.7139,210410
Beni Mellal,Beni Mellal,Morocco,32.3372,-6.3498,210397
Ashuganj City,Ashuganj City,Bangladesh,24.0402,91.0117,210356
Sidi Bel Abbes,Sidi Bel Abbes,Algeria,35.1899,-0.6309,210146
Arroyo Naranjo,Arroyo Naranjo,Cuba,23.0381,-82.377,210053
Jebel Ali,Jebel Ali,United Arab Emirates,25.0025,55.1081,210000
Bogra,Bogra,Bangladesh,24.851,89.3711,210000
Kostanay,Kostanay,Kazakhstan,53.2144,63.6246,210000
Richmond,Richmond,Canada,49.17,-123.1368,209937
Rochester,Rochester,United States,43.1548,-77.6156,209802
Banjar,Banjar,Indonesia,-7.1955,107.4313,209791
Novi Beograd,Novi Beograd,Serbia,44.8056,20.4242,209763
Kanggye,Kanggye,North Korea,40.9695,126.5852,209530
Chungju,Chungju,South Korea,36.9767,127.9287,209483
Anand,Anand,India,22.5525,72.9552,209410
São Leopoldo,Sao Leopoldo,Brazil,-29.7603,-51.1472,209229
Bade,Bade,Taiwan,24.9298,121.2837,209148
Oruro,Oruro,Bolivia,-17.9715,-67.0932,208684
Bachuan,Bachuan,China,29.8486,106.0505,208520
La Romana,La Romana,Dominican Republic,18.4233,-68.9664,208437
Araçatuba,Aracatuba,Brazil,-21.2089,-50.4328,208415
Shashamane,Shashamane,Ethiopia,7.2,38.6,208400
Hangu,Hangu,China,39.2489,117.7892,208369
Ongole,Ongole,India,15.5036,80.0445,208344
Pamplona,Pamplona,Spain,42.8169,-1.6432,208243
Maryvale,Maryvale,United States,33.502,-112.1776,208189
Gangneung,Gangneung,South Korea,37.7527,128.8724,208161
Portsmouth,Portsmouth,United Kingdom,50.799,-1.0913,208100
Gandajika,Gandajika,Democratic Republic of the Congo,-6.745,23.9533,208051
Gunan,Gunan,China,29.0231,106.648,208010
Phan Rang-Tháp Chàm,Phan Rang-Thap Cham,Vietnam,11.5643,108.9886,207998
Ciputat,Ciputat,Indonesia,-6.2375,106.6956,207858
Kasangati,Kasangati,Uganda,0.438,32.6025,207800
Arlington,Arlington,United States,38.881,-77.1043,207627
Bishoftu,Bishoftu,Ethiopia,8.7523,38.9785,207400
Nishi-Tokyo-shi,Nishi-Tokyo-shi,Japan,35.7253,139.5383,207388
Changam-ch’on,Changam-ch'on,North Korea,40.6061,128.7819,207299
Bila Tserkva,Bila Tserkva,Ukraine,49.7994,30.1165,207273
Oxnard,Oxnard,United States,34.1975,-119.177,207254
Ciampea,Ciampea,Indonesia,-6.5547,106.7008,207212
Hurghada,Hurghada,Egypt,27.2574,33.8129,207132
Móstoles,Mostoles,Spain,40.3223,-3.865,207095
Columbus,Columbus,United States,32.461,-84.9877,206922
Mantilla,Mantilla,Cuba,23.0679,-82.3414,206918
Dosquebradas,Dosquebradas,Colombia,4.8366,-75.6693,206693
Toledo,Toledo,Philippines,10.3773,123.6386,206692
Turku,Turku,Finland,60.4515,22.2687,206655
Worcester,Worcester,United States,42.2626,-71.8023,206518
Pagadian,Pagadian,Philippines,7.8257,123.437,206483
Epworth,Epworth,Zimbabwe,-17.89,31.1475,206365
San Felipe,San Felipe,Venezuela,10.3401,-68.743,206270
Dinajpur,Dinajpur,Bangladesh,25.6274,88.6378,206234
Hosapete,Hosapete,India,15.2695,76.3871,206167
Việt Yên,Viet Yen,Vietnam,21.2667,106.1333,205900
Ifakara,Ifakara,Tanzania,-8.1333,36.6833,205843
Sumbe,Sumbe,Angola,-11.206,13.8437,205832
Ségou,Segou,Mali,13.4403,-6.2595,205787
Kon Tum,Kon Tum,Vietnam,14.3545,108.0076,205762
Latacunga,Latacunga,Ecuador,-0.9342,-78.6152,205624
Nāngloi Jāt,Nangloi Jat,India,28.6796,77.068,205596
Kishiwada,Kishiwada,Japan,34.4667,135.3667,205561
Yunjinghong,Yunjinghong,China,22.0148,100.7984,205523
Mdantsane,Mdantsane,South Africa,-32.9332,27.7766,205504
Bobruysk,Bobruysk,Belarus,53.1468,29.2055,205502
Gorontalo,Gorontalo,Indonesia,0.5375,123.0625,205390
Itaim Paulista,Itaim Paulista,Brazil,-23.5031,-46.3857,205295
Qā’em Shahr,Qa'em Shahr,Iran,36.4667,52.8676,204953
Shikarpur,Shikarpur,Pakistan,27.9556,68.6382,204938
Gongheyong,Gongheyong,China,22.7592,113.7945,204881
Linz,Linz,Austria,48.3064,14.2861,204846
Dhangaḍhi̇̄,Dhangadhi,Nepal,28.7016,80.5899,204788
Nanchuan,Nanchuan,China,29.152,107.1034,204775
Córdoba,Cordoba,Mexico,18.8842,-96.9256,204721
Bishan,Bishan,China,29.5949,106.2248,204702
Biskra,Biskra,Algeria,34.8504,5.728,204661
Xizhi,Xizhi,Taiwan,25.0662,121.6599,204619
Yanghang,Yanghang,China,31.3702,121.4374,204564
Gaoping,Gaoping,China,30.7758,106.1029,204368
Trieste,Trieste,Italy,45.6495,13.7768,204338
Mpanda,Mpanda,Tanzania,-6.3438,31.0695,204338
Moreno Valley,Moreno Valley,United States,33.9375,-117.2306,204198
Secunderabad,Secunderabad,India,17.5043,78.5426,204182
Punggol,Punggol,Singapore,1.4144,103.9069,204150
Sodo,Sodo,Ethiopia,6.86,37.7616,204100
Nossa Senhora do Socorro,Nossa Senhora do Socorro,Brazil,-10.855,-37.1261,204081
Zliten,Zliten,Libya,32.4674,14.5687,203790
Padua,Padua,Italy,45.408,11.8859,203725
Karnaphuli,Karnaphuli,Bangladesh,22.6906,92.2347,203697
Las Tunas,Las Tunas,Cuba,20.9613,-76.9519,203684
Matsue,Matsue,Japan,35.4833,133.05,203616
Bayamón,Bayamon,Puerto Rico,18.3986,-66.1557,203499
Gimpo-si,Gimpo-si,South Korea,37.6236,126.7142,203391
Lauro de Freitas,Lauro de Freitas,Brazil,-12.8944,-38.3272,203331
Deoghar,Deoghar,India,24.4898,86.699,203123
Fianarantsoa,Fianarantsoa,Madagascar,-21.4527,47.0857,203105
Vasyl'evsky Ostrov,Vasyl'evsky Ostrov,Russia,59.9409,30.2538,203058
Chāndpur,Chandpur,Bangladesh,23.2271,90.6543,203000
Atsiaman,Atsiaman,Ghana,5.6978,-0.3282,202932
Bandundu Province,Bandundu Province,Democratic Republic of the Congo,-3.3169,17.3806,202904
Osmaniye,Osmaniye,Turkey,37.0742,36.2478,202837
Bābol,Babol,Iran,36.551,52.6786,202796
Cabo San Lucas,Cabo San Lucas,Mexico,22.8909,-109.9124,202694
Little Rock,Little Rock,United States,34.7465,-92.2896,202591
Çorlu,Corlu,Turkey,41.1607,27.8009,202578
Madiun,Madiun,Indonesia,-7.6298,111.5239,202544
Iringa,Iringa,Tanzania,-7.7667,35.7,202490
Debrecen,Debrecen,Hungary,47.5317,21.6244,202402
Chāpra,Chapra,India,25.7803,84.7471,202352
Motijheel,Motijheel,Bangladesh,23.7277,90.4192,202308
Barishal,Barishal,Bangladesh,22.705,90.3701,202242
Richmond Hill,Richmond Hill,Canada,43.8711,-79.4373,202022
Fayetteville,Fayetteville,United States,35.0527,-78.8784,201963
Al Khums,Al Khums,Libya,32.6486,14.2619,201943
Huntington Beach,Huntington Beach,United States,33.6603,-117.9992,201899
Favoriten,Favoriten,Austria,48.1612,16.3823,201882
Koronadal,Koronadal,Philippines,6.5031,124.8469,201844
Geneva,Geneva,Switzerland,46.2022,6.1457,201741
Tallahassee,Tallahassee,United States,30.4383,-84.2807,201731
Swindon,Swindon,United Kingdom,51.558,-1.7812,201669
Rengasdengklok,Rengasdengklok,Indonesia,-6.1592,107.2981,201463
Rio Claro,Rio Claro,Brazil,-22.4114,-47.5614,201418
Cajamarca,Cajamarca,Peru,-7.1638,-78.5003,201329
Townsville,Townsville,Australia,-19.2664,146.8057,201313
Thanh Khê,Thanh Khe,Vietnam,16.0706,108.191,201240
La Pintana,La Pintana,Chile,-33.5833,-70.6342,201178
Daşoguz,Dasoguz,Turkmenistan,41.8362,59.9666,201142
Yonkers,Yonkers,United States,40.9304,-73.8979,201116
Glendale,Glendale,United States,34.1425,-118.2551,201020
Dadu,Dadu,Pakistan,26.7303,67.7769,201017
Arba Minch,Arba Minch,Ethiopia,6.0333,37.55,201000
Petropavl,Petropavl,Kazakhstan,54.8734,69.1506,200920
Lhokseumawe,Lhokseumawe,Indonesia,5.1801,97.1507,200876
Cypress,Cypress,United States,29.9691,-95.6972,200839
Khandwa,Khandwa,India,21.8243,76.3509,200738
Aurora,Aurora,United States,41.7606,-88.3201,200661
Puri,Puri,India,19.7982,85.8249,200564
Morena,Morena,India,26.4989,77.9953,200482
Nicosia,Nicosia,Cyprus,35.1728,33.354,200452
Brescia,Brescia,Italy,45.5356,10.2147,200423
Nasīm Shahr,Nasim Shahr,Iran,35.565,51.1633,200393
Nasimshahr,Nasimshahr,Iran,35.5653,51.1583,200393
Ugep,Ugep,Nigeria,5.8087,8.081,200276
Kamina,Kamina,Democratic Republic of the Congo,-8.7351,24.998,200184
Yanbu,Yanbu,Saudi Arabia,24.0895,38.0618,200161
Nagareyama,Nagareyama,Japan,35.8563,139.9027,200136
Charleroi,Charleroi,Belgium,50.4114,4.4445,200132
Lạng Sơn,Lang Son,Vietnam,21.8526,106.761,200108
Talhar,Talhar,Pakistan,24.8845,68.8144,200014
São José,Sao Jose,Brazil,-28.2134,-49.1638,200000
Nyingchi,Nyingchi,China,29.6488,94.3551,200000
Yuen Long San Hui,Yuen Long San Hui,Hong Kong,22.4333,114.0333,200000
Yuen Long,Yuen Long,Hong Kong,22.4452,114.0262,200000
Sumedang,Sumedang,Indonesia,-6.8586,107.9164,200000
Gyānpur,Gyanpur,India,25.3327,82.4664,200000
Az Zāwīyah,Az Zawiyah,Libya,32.7571,12.7276,200000
Salé Al Jadida,Sale Al Jadida,Morocco,33.9972,-6.7405,200000
Bandar Sunway,Bandar Sunway,Malaysia,3.0693,101.6074,200000
Bandar Utama,Bandar Utama,Malaysia,3.1482,101.6141,200000
Bukit Jalil,Bukit Jalil,Malaysia,3.0491,101.6804,200000
Chakwama,Chakwama,Nigeria,11.5596,9.6641,200000
Qadirpur Ran,Qadirpur Ran,Pakistan,30.2918,71.6716,200000
Dajal,Dajal,Pakistan,29.5577,70.3761,200000
Severnyy,Severnyy,Russia,55.9358,37.5489,200000
El Dibir,El Dibir,Somalia,11.7667,51.2167,200000
Beiliu,Beiliu,China,22.7072,110.3492,199769
Sirjan,Sirjan,Iran,29.4514,55.6809,199704
Iquique,Iquique,Chile,-20.2133,-70.1503,199587
Thuận Thanh,Thuan Thanh,Vietnam,21.046,106.079,199577
Balakovo,Balakovo,Russia,52.0264,47.7967,199572
Armavir,Armavir,Russia,44.9985,41.1147,199548
Jaraguá do Sul,Jaragua do Sul,Brazil,-26.4861,-49.0667,199519
Yachiyo,Yachiyo,Japan,35.7353,140.1244,199498
Saidpur,Saidpur,Bangladesh,25.7777,88.8917,199422
Quận Bốn,Quan Bon,Vietnam,10.7668,106.7057,199329
Arīsh,Arish,Egypt,31.1316,33.7984,199243
Rawang,Rawang,Malaysia,3.3213,101.5767,199095
Dudley,Dudley,United Kingdom,52.5,-2.0833,199059
Mushin,Mushin,Nigeria,6.528,3.3541,199000
Yuzhno-Sakhalinsk,Yuzhno-Sakhalinsk,Russia,46.9543,142.7356,198973
Hagen,Hagen,Germany,51.3608,7.4717,198972
Salatiga,Salatiga,Indonesia,-7.3319,110.4928,198971
Rio Grande,Rio Grande,Brazil,-32.035,-52.0986,198935
Guacara,Guacara,Venezuela,10.2261,-67.877,198883
Khūy,Khuy,Iran,38.5503,44.9521,198845
Gliwice,Gliwice,Poland,50.2976,18.6766,198835
Changji,Changji,China,44.0078,87.3046,198776
Kodaira,Kodaira,Japan,35.726,139.4851,198739
Plano Piloto,Plano Piloto,Brazil,-15.7941,-47.8825,198697
Amarillo,Amarillo,United States,35.222,-101.8313,198645
Bulandshahr,Bulandshahr,India,28.4039,77.8577,198612
Lusail,Lusail,Qatar,25.4175,51.5075,198600
Aberdeen,Aberdeen,United Kingdom,57.1437,-2.0981,198590
Taranto,Taranto,Italy,40.4644,17.2471,198585
Capiatá,Capiata,Paraguay,-25.3552,-57.4455,198553
Zango,Zango,Angola,-9.0121,13.3844,198538
Duyun,Duyun,China,26.2667,107.5167,198516
Naivasha,Naivasha,Kenya,-0.7138,36.4326,198444
Kaiyuan,Kaiyuan,China,23.6977,103.3037,198423
Cachoeiro de Itapemirim,Cachoeiro de Itapemirim,Brazil,-20.8489,-41.1128,198342
Rzeszów,Rzeszow,Poland,50.0413,21.999,198317
Lengshuijiang,Lengshuijiang,China,27.6881,111.4294,198299
Rostock,Rostock,Germany,54.0887,12.1405,198293
Parma,Parma,Italy,44.7993,10.3262,198292
Sibu,Sibu,Malaysia,2.3,111.8167,198239
Arnavutköy,Arnavutkoey,Turkey,41.1835,28.7402,198165
Itami,Itami,Japan,34.7843,135.4013,198138
Mentougou,Mentougou,China,39.9382,116.0931,197772
Bhind,Bhind,India,26.5667,78.7873,197585
Akron,Akron,United States,41.0814,-81.519,197542
Talca,Talca,Chile,-35.4232,-71.6497,197479
Kassel,Kassel,Germany,51.3167,9.5,197230
Ciudad Madero,Ciudad Madero,Mexico,22.2475,-97.8367,197216
Sawangan,Sawangan,Indonesia,-6.4028,106.7744,197170
Gemena,Gemena,Democratic Republic of the Congo,3.2565,19.7723,197159
Bhālswa Jahangirpur,Bhalswa Jahangirpur,India,28.7356,77.1668,197148
Lushui,Lushui,China,25.8232,98.8585,197000
Bīrjand,Birjand,Iran,32.8663,59.2211,196982
Toruń,Torun,Poland,53.0138,18.5981,196935
Almería,Almeria,Spain,36.8381,-2.4597,196851
Jijiang,Jijiang,China,29.2899,106.25,196787
Ahmadpur East,Ahmadpur East,Pakistan,29.1427,71.2577,196718
Huánuco,Huanuco,Peru,-9.9288,-76.2399,196627
Higashihiroshima,Higashihiroshima,Japan,34.4086,132.7368,196608
İzmit,Izmit,Turkey,40.765,29.9293,196571
Reims,Reims,France,49.2653,4.0285,196565
Hanfeng,Hanfeng,China,31.1695,108.4031,196528
Vancouver,Vancouver,United States,45.6387,-122.6615,196442
Birmingham,Birmingham,United States,33.5207,-86.8025,196357
Itabuna,Itabuna,Brazil,-14.7856,-39.2803,196344
Laayoune,Laayoune,Western Sahara,27.1418,-13.188,196331
Khammam,Khammam,India,17.2477,80.1437,196283
H̱olon,Holon,Israel,32.0103,34.7792,196282
Middelburg,Middelburg,South Africa,-25.7751,29.4648,196263
Icheon-si,Icheon-si,South Korea,37.2792,127.4425,196230
Khirdalan,Khirdalan,Azerbaijan,40.4481,49.755,196200
Phra Pradaeng,Phra Pradaeng,Thailand,13.6585,100.5336,196129
Moundou,Moundou,Chad,8.5744,16.0772,196124
Sambhal,Sambhal,India,28.585,78.5696,196109
Bhiwāni,Bhiwani,India,28.793,76.1397,196057
Engels,Engels,Russia,51.4839,46.1053,196011
Ciudad Lázaro Cárdenas,Ciudad Lazaro Cardenas,Mexico,17.9626,-102.1989,196003
Mocuba,Mocuba,Mozambique,-16.8375,36.9856,196001
Hetauda,Hetauda,Nepal,27.4284,85.0322,195951
Durrës,Durres,Albania,41.3235,19.4547,195920
Fengcheng,Fengcheng,China,40.4536,124.0717,195700
Suzuka,Suzuka,Japan,34.8833,136.5833,195670
Hub,Hub,Pakistan,25.0255,66.8853,195661
La Plata,La Plata,Argentina,-34.9213,-57.9544,195443
Janakpur,Janakpur,Nepal,26.7288,85.9263,195438
Kamirenjaku,Kamirenjaku,Japan,35.6942,139.5549,195391
Panvel,Panvel,India,18.9888,73.1101,195373
Peicheng,Peicheng,China,34.7361,116.9247,195363
Maharagama,Maharagama,Sri Lanka,6.848,79.9265,195355
Montgomery,Montgomery,United States,32.3668,-86.3,195287
Liège,Liege,Belgium,50.6337,5.5675,195278
Kumagaya,Kumagaya,Japan,36.135,139.39,195277
Guri-si,Guri-si,South Korea,37.5986,127.1394,195236
Ambāla,Ambala,India,30.361,76.7978,195153
Grand Rapids,Grand Rapids,United States,42.9634,-85.6681,195097
Prato,Prato,Italy,43.8805,11.097,195089
Kumarapalayam,Kumarapalayam,India,11.445,77.711,195071
Butwāl,Butwal,Nepal,27.6912,83.4525,195054
Dhirkot,Dhirkot,Pakistan,34.0392,73.5769,195000
Kayes,Kayes,Mali,14.4478,-11.4439,194716
Bontang,Bontang,Indonesia,0.1324,117.4854,194606
Kafr ash Shaykh,Kafr ash Shaykh,Egypt,31.1117,30.9399,194569
Tébessa,Tebessa,Algeria,35.4042,8.1242,194461
Kuala Kubu Baharu,Kuala Kubu Baharu,Malaysia,3.5638,101.6581,194387
Karuri,Karuri,Kenya,-1.1764,36.7564,194342
Karuri,Karuri,Kenya,-0.7,37.1833,194342
Manéah,Maneah,Guinea,9.7333,-13.4167,194297
Severodvinsk,Severodvinsk,Russia,64.5583,39.8297,194292
Kowloon City Centre,Kowloon City Centre,Hong Kong,22.3298,114.1889,194290
Matuga,Matuga,Kenya,-4.168,39.5707,194252
Düzce,Duezce,Turkey,40.8389,31.1639,194097
Nnewi,Nnewi,Nigeria,6.0196,6.9173,193987
Yamaguchi,Yamaguchi,Japan,34.1833,131.4667,193966
Alcalá de Henares,Alcala de Henares,Spain,40.4821,-3.36,193751
Başakşehir,Basaksehir,Turkey,41.106,28.791,193750
Ezhou,Ezhou,China,30.4,114.8333,193652
Zhengding,Zhengding,China,38.145,114.5656,193524
Būkān,Bukan,Iran,36.521,46.2089,193501
Taguatinga,Taguatinga,Brazil,-15.8333,-48.0551,193367
Braga,Braga,Portugal,41.5514,-8.4231,193324
Garhi Khairo,Garhi Khairo,Pakistan,28.0572,67.979,193297
Luanshya,Luanshya,Zambia,-13.1367,28.4166,193293
Padalarang,Padalarang,Indonesia,-6.8378,107.4728,193114
Bang Khae,Bang Khae,Thailand,13.693,100.4076,193002
Bago City,Bago City,Philippines,10.5333,122.8333,192993
Yongchuan,Yongchuan,China,29.3538,105.8939,192954
Uji,Uji,Japan,34.8904,135.8032,192925
Machilīpatnam,Machilipatnam,India,16.1875,81.1389,192827
Hepu,Hepu,China,21.6592,109.2001,192813
Aihui,Aihui,China,49.9795,127.4812,192764
Hyesan,Hyesan,North Korea,41.4017,128.1778,192680
Bayamo,Bayamo,Cuba,20.3737,-76.6427,192632
Kielce,Kielce,Poland,50.8703,20.6275,192468
Pār Naogaon,Par Naogaon,Bangladesh,24.8042,88.9488,192464
Fuding,Fuding,China,27.3273,120.214,192352
Castanhal,Castanhal,Brazil,-1.2939,-47.9264,192256
Cidade Tiradentes,Cidade Tiradentes,Brazil,-23.5848,-46.4008,192177
Zabrze,Zabrze,Poland,50.3249,18.7858,192177
Hamilton,Hamilton,New Zealand,-37.7833,175.2833,192100
Bojnūrd,Bojnurd,Iran,37.4747,57.329,192041
Surulere,Surulere,Nigeria,6.5015,3.3581,191920
Humen,Humen,China,22.819,113.6731,191891
Benfica,Benfica,Angola,-8.9443,13.1643,191828
Hat Yai,Hat Yai,Thailand,7.0084,100.4767,191696
Haicheng,Haicheng,China,40.8516,122.7475,191651
Curug,Curug,Indonesia,-6.2658,106.5564,191406
Barrancabermeja,Barrancabermeja,Colombia,7.0653,-73.8547,191403
Zlatoust,Zlatoust,Russia,55.1718,59.6547,191366
Mukono,Mukono,Uganda,0.3533,32.7553,191300
Angren,Angren,Uzbekistan,41.0167,70.1436,191300
Ciudad del Carmen,Ciudad del Carmen,Mexico,18.6459,-91.8299,191238
Khairpur Mir’s,Khairpur Mir's,Pakistan,27.5295,68.7592,191044
Business Bay,Business Bay,United Arab Emirates,25.1854,55.2697,191000
Khujand,Khujand,Tajikistan,40.2826,69.6222,191000
Peoria,Peoria,United States,33.5806,-112.2374,190985
Ashaiman,Ashaiman,Ghana,5.6995,-0.0348,190972
Tanjungbalai,Tanjungbalai,Indonesia,2.9667,99.8,190935
Providence,Providence,United States,41.824,-71.4128,190934
Mahesāna,Mahesana,India,23.5986,72.3847,190753
Knoxville,Knoxville,United States,35.9606,-83.9207,190740
Rangel,Rangel,Angola,-8.8264,13.2629,190569
Fuenlabrada,Fuenlabrada,Spain,40.2842,-3.7942,190496
Hino,Hino,Japan,35.6731,139.4003,190435
Jhelum,Jhelum,Pakistan,32.9345,73.731,190425
Mahbūbnagar,Mahbubnagar,India,16.7438,77.986,190400
Beipiao,Beipiao,China,41.7919,120.7792,190315
Pak Kret,Pak Kret,Thailand,13.9118,100.4977,190272
Cẩm Phả,Cam Pha,Vietnam,21.01,107.2734,190232
Al Fallūjah,Al Fallujah,Iraq,33.3491,43.786,190159
Jinshanlu,Jinshanlu,China,47.8505,88.1329,190064
Ise-Ekiti,Ise-Ekiti,Nigeria,7.4648,5.4233,190063
Nova Friburgo,Nova Friburgo,Brazil,-22.2819,-42.5311,189939
Guarapuava,Guarapuava,Brazil,-25.3905,-51.4654,189630
Kofu,Kofu,Japan,35.6667,138.5667,189591
Numazu,Numazu,Japan,35.1,138.8667,189486
Santa Bárbara d'Oeste,Santa Barbara d'Oeste,Brazil,-22.7536,-47.4136,189456
Jōetsu,Joetsu,Japan,37.1483,138.2364,189430
Planaltina,Planaltina,Brazil,-15.6179,-47.6487,189412
Sunrise Manor,Sunrise Manor,United States,36.2111,-115.0731,189372
Sambalpur,Sambalpur,India,21.4653,83.9757,189366
Syzran,Syzran,Russia,53.1585,48.4681,189338
Danshui,Danshui,Taiwan,25.172,121.4429,189271
Bytom,Bytom,Poland,50.348,18.9328,189186
Mwene-Ditu,Mwene-Ditu,Democratic Republic of the Congo,-7.0091,23.4528,189177
Ilhéus,Ilheus,Brazil,-14.7991,-39.0323,189149
Panalanoy,Panalanoy,Philippines,11.2511,125.0064,189090
Ciudad de Las Heras,Ciudad de Las Heras,Argentina,-32.8509,-68.836,189067
Guixi,Guixi,China,30.3335,107.3454,188980
Odawara,Odawara,Japan,35.2556,139.1597,188856
Labuan Bajo,Labuan Bajo,Indonesia,-8.4964,119.8877,188724
Anjō,Anjo,Japan,34.9583,137.0805,188693
Boyeros,Boyeros,Cuba,23.0072,-82.4017,188593
George,George,South Africa,-33.963,22.4617,188580
Tottori-shi,Tottori-shi,Japan,35.5,134.2333,188465
Leganés,Leganes,Spain,40.3272,-3.7635,188425
Acarigua,Acarigua,Venezuela,9.5545,-69.1956,188278
Hosa’ina,Hosa'ina,Ethiopia,7.5498,37.8537,188200
Sai Mai,Sai Mai,Thailand,13.9207,100.6455,188123
Yawnghwe,Yawnghwe,Myanmar,20.6597,96.9338,188083
Mabalacat City,Mabalacat City,Philippines,15.223,120.5712,188050
Riohacha,Riohacha,Colombia,11.5444,-72.9072,188014
Laizhou,Laizhou,China,37.1807,119.9422,188000
Pilsen,Pilsen,Czechia,49.7475,13.3776,187863
Grand Prairie,Grand Prairie,United States,32.746,-96.9978,187809
Sorsogon,Sorsogon,Philippines,12.9739,123.9933,187670
Ait Melloul,Ait Melloul,Morocco,30.3416,-9.5036,187652
Sutton,Sutton,United Kingdom,51.35,-0.2,187600
Shreveport,Shreveport,United States,32.5251,-93.7502,187593
Choa Chu Kang New Town,Choa Chu Kang New Town,Singapore,1.3825,103.7497,187550
Getafe,Getafe,Spain,40.3057,-3.733,187525
Quận Năm,Quan Nam,Vietnam,10.7557,106.6675,187510
Bhusawal,Bhusawal,India,21.0436,75.7851,187421
Miraflores,Miraflores,Peru,-12.1133,-77.0327,187401
Alvorada,Alvorada,Brazil,-30.0002,-51.0763,187315
Chilpancingo,Chilpancingo,Mexico,17.5523,-99.5012,187251
Donaustadt,Donaustadt,Austria,48.2333,16.46,187007
Pinar del Río,Pinar del Rio,Cuba,22.4165,-83.6966,186990
Huixing,Huixing,China,29.684,106.6149,186972
Kırıkkale,Kirikkale,Turkey,39.8453,33.5064,186960
Batumi,Batumi,Georgia,41.6408,41.6306,186949
Burlington,Burlington,Canada,43.3862,-79.8371,186948
Pābna,Pabna,Bangladesh,24.0064,89.2372,186781
Brownsville,Brownsville,United States,25.9017,-97.4975,186738
Changyuan,Changyuan,China,29.405,105.5883,186653
Cienfuegos,Cienfuegos,Cuba,22.1468,-80.4481,186644
Beersheba,Beersheba,Israel,31.2518,34.7913,186600
Dixinn,Dixinn,Guinea,9.5511,-13.6731,186553
El Oued,El Oued,Algeria,33.3561,6.8632,186525
Overland Park,Overland Park,United States,38.9822,-94.6708,186515
Raebareli,Raebareli,India,26.2309,81.2331,186433
Shangri-La,Shangri-La,China,27.8251,99.7078,186400
Springs,Springs,South Africa,-26.25,28.4,186394
Newport News,Newport News,United States,36.9804,-76.4297,186247
Yangcheng,Yangcheng,China,29.9997,106.256,186242
Mopti,Mopti,Mali,14.4843,-4.183,186187
Khuraybat as Sūq,Khuraybat as Suq,Jordan,31.8791,35.921,186158
Zawiya,Zawiya,Libya,32.7522,12.7278,186123
Zamora de Hidalgo,Zamora de Hidalgo,Mexico,19.984,-102.2863,186102
Haridwar,Haridwar,India,29.9479,78.1603,186079
Ad-Damazin,Ad-Damazin,Sudan,11.7891,34.3592,186051
Dunhuang,Dunhuang,China,40.1667,94.6833,186027
Jing’an,Jing'an,China,22.2107,113.2922,186000
Le Havre,Le Havre,France,49.4935,0.1079,185972
Verhunskyi,Verhunskyi,Ukraine,48.5857,39.3716,185593
Phusro,Phusro,India,23.7564,86.0051,185555
Donostia / San Sebastián,San Sebastian,Spain,43.3128,-1.975,185357
Poza Rica de Hidalgo,Poza Rica de Hidalgo,Mexico,20.5331,-97.4595,185242
Bilbeis,Bilbeis,Egypt,30.4204,31.5622,185237
Roxas City,Roxas City,Philippines,11.5853,122.7511,185236
Paris 20 Ménilmontant,Paris 20 Menilmontant,France,48.8646,2.3984,185140
Kütahya,Kuetahya,Turkey,39.4242,29.9833,185008
Palopo,Palopo,Indonesia,-2.9925,120.1969,184961
Potsdam,Potsdam,Germany,52.3989,13.0657,184754
Modena,Modena,Italy,44.6478,10.9254,184732
Bolu,Bolu,Turkey,40.7358,31.6061,184682
Toyokawa,Toyokawa,Japan,34.8167,137.4,184661
Adoni,Adoni,India,15.6279,77.275,184625
Izumi,Izumi,Japan,34.4833,135.4333,184615
Santa Anita - Los Ficus,Santa Anita - Los Ficus,Peru,-12.0505,-76.9733,184614
Paltan,Paltan,Bangladesh,23.7362,90.4143,184492
Ivory Park,Ivory Park,South Africa,-26.002,28.19,184383
Al Qāmishlī,Al Qamishli,Syria,37.0521,41.2314,184231
Abakan,Abakan,Russia,53.7154,91.4259,184168
Pemalang,Pemalang,Indonesia,-6.8919,109.3826,184149
Breda,Breda,The Netherlands,51.5866,4.776,184126
Langsa,Langsa,Indonesia,4.4683,97.9683,184016
Vĩnh Châu,Vinh Chau,Vietnam,9.3244,105.9801,183918
Baishan,Baishan,China,41.9385,126.4197,183880
Sūjāngarh,Sujangarh,India,27.7,74.4667,183808
Linhares,Linhares,Brazil,-19.3911,-40.0722,183797
Castelló de la Plana,Castello de la Plana,Spain,39.9857,-0.0493,183711
Tachikawa,Tachikawa,Japan,35.7091,139.4189,183581
Cergy-Pontoise,Cergy-Pontoise,France,49.0389,2.0781,183430
Unaizah,Unaizah,Saudi Arabia,26.1,44.0,183319
Mobile,Mobile,United States,30.6944,-88.043,183289
St Helens,St Helens,United Kingdom,53.45,-2.7333,183200
Fort Lauderdale,Fort Lauderdale,United States,26.1223,-80.1434,183146
Lembang,Lembang,Indonesia,-6.8117,107.6175,183130
Paris 18 Buttes-Montmartre,Paris 18 Buttes-Montmartre,France,48.8925,2.3444,183127
Sants-Montjuïc,Sants-Montjuic,Spain,41.3726,2.1546,183120
Oradea,Oradea,Romania,47.0458,21.9183,183105
Araguaína,Araguaina,Brazil,-7.1911,-48.2072,183024
Saarbrücken,Saarbruecken,Germany,49.2326,7.0098,182971
Bunda,Bunda,Tanzania,-2.0215,33.8711,182970
Skikda,Skikda,Algeria,36.8762,6.9092,182903
Kyivskyi,Kyivskyi,Ukraine,50.0448,36.2888,182900
Tirmiz,Tirmiz,Uzbekistan,37.2242,67.2783,182800
Singosari,Singosari,Indonesia,-7.8924,112.6658,182656
Porto Seguro,Porto Seguro,Brazil,-16.4497,-39.0647,182630
Cúa,Cua,Venezuela,10.1624,-66.8825,182558
Sirsa,Sirsa,India,29.5349,75.029,182534
Kamensk-Ural’skiy,Kamensk-Ural'skiy,Russia,56.4063,61.9335,182500
Cidade Dutra,Cidade Dutra,Brazil,-23.7258,-46.7024,182459
Reggio Calabria,Reggio Calabria,Italy,38.1105,15.6613,182455
Dinapur Nizamat,Dinapur Nizamat,India,25.6385,85.0512,182429
Santa Clarita,Santa Clarita,United States,34.3917,-118.5426,182371
Carletonville,Carletonville,South Africa,-26.3609,27.3977,182304
Dubréka,Dubreka,Guinea,9.7911,-13.5233,182296
Metro,Metro,Indonesia,-5.1131,105.3067,182293
Banhā,Banha,Egypt,30.4598,31.1842,182254
Bahraigh,Bahraigh,India,27.5743,81.5947,182218
Ash Shaţrah,Ash Shatrah,Iraq,31.4091,46.1727,182175
Quarto Oggiaro,Quarto Oggiaro,Italy,45.5131,9.1434,182118
Tsing Yi Town,Tsing Yi Town,Hong Kong,22.35,114.1,182100
Monywa,Monywa,Myanmar,22.1086,95.1358,182011
Dessalines,Dessalines,Haiti,19.2618,-72.5161,181903
Mwala,Mwala,Kenya,-1.3525,37.4548,181896
Kāraikkudi,Karaikkudi,India,10.0662,78.7678,181851
Araure,Araure,Venezuela,9.5814,-69.2385,181820
Barra Mansa,Barra Mansa,Brazil,-22.5442,-44.1714,181679
Sultan Pur Majra,Sultan Pur Majra,India,28.6897,77.0765,181554
Zhenping,Zhenping,China,33.0346,112.2276,181528
Anda,Anda,China,46.4487,125.3016,181271
Paris 13 Gobelins,Paris 13 Gobelins,France,48.8322,2.3561,181271
Petropavlovsk-Kamchatsky,Petropavlovsk-Kamchatsky,Russia,53.0639,158.6275,181216
Wādī as Sīr,Wadi as Sir,Jordan,31.9545,35.8183,181212
Fardīs,Fardis,Iran,35.7555,50.9967,181174
Chattanooga,Chattanooga,United States,35.0456,-85.3097,181099
Guna,Guna,India,24.6469,77.3113,180935
Odense,Odense,Denmark,55.3959,10.3883,180863
Sacaba,Sacaba,Bolivia,-17.398,-66.0383,180726
Quetzaltenango,Quetzaltenango,Guatemala,14.8446,-91.5232,180706
Gongzhuling,Gongzhuling,China,43.5007,124.8198,180700
Chandannagar,Chandannagar,India,22.8622,88.368,180623
Baharampur,Baharampur,India,24.1047,88.2515,180547
Ploieşti,Ploiesti,Romania,44.95,26.0167,180540
Berazategui,Berazategui,Argentina,-34.7653,-58.2128,180523
Shahuwadi,Shahuwadi,India,16.9099,73.9465,180322
Madanapalle,Madanapalle,India,13.5503,78.5029,180180
Tangail,Tangail,Bangladesh,24.2498,89.9166,180144
Shulin,Shulin,Taiwan,24.9908,121.422,180044
Edirne,Edirne,Turkey,41.6772,26.556,180002
Nepean,Nepean,Canada,45.3362,-75.7225,180000
Pingwu County,Pingwu County,China,32.4073,104.5274,180000
Kyaukpyu,Kyaukpyu,Myanmar,19.4279,93.5513,180000
Yasenevo,Yasenevo,Russia,55.6069,37.5199,180000
Phúc Yên,Phuc Yen,Vietnam,21.237,105.7048,180000
Shivpuri,Shivpuri,India,25.4238,77.6622,179977
Yangju,Yangju,South Korea,37.8331,127.0617,179923
Borshchahivka,Borshchahivka,Ukraine,50.4316,30.3899,179900
Praga Południe,Praga Poludnie,Poland,52.2442,21.0855,179836
Pirituba,Pirituba,Brazil,-23.4898,-46.7322,179724
Kasama,Kasama,Zambia,-10.2129,31.1808,179636
Surendranagar,Surendranagar,India,22.7271,71.6486,179628
Alexandra,Alexandra,South Africa,-26.1053,28.0988,179624
Obuase,Obuase,Ghana,6.2023,-1.668,179604
Desnyanskyi,Desnyanskyi,Ukraine,51.5063,31.3168,179600
Novozavodskyi,Novozavodskyi,Ukraine,51.4893,31.2563,179600
Ibirité,Ibirite,Brazil,-20.0219,-44.0589,179582
Tsentralnyi,Tsentralnyi,Ukraine,47.0983,37.5484,179582
Legaspi,Legaspi,Philippines,13.1412,123.7407,179481
Phú Quốc,Phu Quoc,Vietnam,10.2872,104.0105,179480
Podolsk,Podolsk,Russia,55.4242,37.5547,179400
Purwakarta,Purwakarta,Indonesia,-6.5569,107.4433,179233
Jizzax,Jizzax,Uzbekistan,40.1335,67.8296,179200
Ferraz de Vasconcelos,Ferraz de Vasconcelos,Brazil,-23.5408,-46.3686,179198
Ila Orangun,Ila Orangun,Nigeria,8.0171,4.9042,179192
Thị Trấn Đại Từ,Thi Tran GJai Tu,Vietnam,21.6338,105.6377,179192
Neyveli,Neyveli,India,11.6088,79.4994,179150
Angra dos Reis,Angra dos Reis,Brazil,-23.0067,-44.3181,179120
Qianjiang,Qianjiang,China,30.421,112.8919,179079
Hamm,Hamm,Germany,51.6803,7.8209,178967
Si Racha,Si Racha,Thailand,13.1728,100.9316,178916
Tiaret,Tiaret,Algeria,35.371,1.317,178915
La Rioja,La Rioja,Argentina,-29.4133,-66.8564,178872
Silchar,Silchar,India,24.8273,92.7979,178865
Amadora,Amadora,Portugal,38.7538,-9.2308,178858
Cuautitlán,Cuautitlan,Mexico,19.6705,-99.1799,178847
Ipswich,Ipswich,United Kingdom,52.0592,1.1555,178835
Njeru,Njeru,Uganda,0.4417,33.1792,178800
Toliara,Toliara,Madagascar,-23.35,43.6667,178725
Paris 19 Buttes-Chaumont,Paris 19 Buttes-Chaumont,France,48.8817,2.3822,178691
Saki,Saki,Nigeria,8.6676,3.3939,178677
Chlef,Chlef,Algeria,36.1653,1.3345,178616
Fontanar,Fontanar,Cuba,23.0239,-82.408,178601
Seogwipo,Seogwipo,South Korea,33.2533,126.5618,178552
Concepcion,Concepcion,Philippines,15.3255,120.6572,178549
East Flatbush,East Flatbush,United States,40.6537,-73.9304,178464
Spring Valley,Spring Valley,United States,36.108,-115.245,178395
Livingstone,Livingstone,Zambia,-17.8419,25.8543,178361
Potchefstroom,Potchefstroom,South Africa,-26.7167,27.1,178285
Santa Rosa,Santa Rosa,United States,38.4405,-122.7144,178127
Ciudad Camilo Cienfuegos,Ciudad Camilo Cienfuegos,Cuba,23.1608,-82.328,178041
Paris 13e Arrondissement,Paris 13e Arrondissement,France,48.8262,2.3599,177833
Sambizanga,Sambizanga,Angola,-8.7888,13.2751,177808
Proddatūr,Proddatur,India,14.7502,78.5481,177797
Sittwe,Sittwe,Myanmar,20.1462,92.8983,177743
Dundo,Dundo,Angola,-7.3664,20.8156,177604
Basel,Basel,Switzerland,47.5584,7.5733,177595
Meiktila,Meiktila,Myanmar,20.8778,95.8584,177442
Gulu,Gulu,Uganda,2.7746,32.299,177400
Nijmegen,Nijmegen,The Netherlands,51.8425,5.8528,177359
Idkū,Idku,Egypt,31.3073,30.2981,177152
Uppsala,Uppsala,Sweden,59.8588,17.6389,177074
Hugli,Hugli,India,22.9088,88.3967,177005
Hashtsāl,Hashtsal,India,28.6341,77.0577,176877
Bragança Paulista,Braganca Paulista,Brazil,-22.9527,-46.5442,176811
Teresópolis,Teresopolis,Brazil,-22.4167,-42.9782,176735
San Luis Río Colorado,San Luis Rio Colorado,Mexico,32.4555,-114.7704,176685
Santa Ana,Santa Ana,El Salvador,13.9883,-89.5568,176661
Eugene,Eugene,United States,44.0521,-123.0867,176654
Nador,Nador,Morocco,35.1681,-2.9335,176600
Al Muharraq,Al Muharraq,Bahrain,26.2572,50.6119,176583
Bielsko-Biala,Bielsko-Biala,Poland,49.8225,19.0469,176515
Marsá Maţrūḩ,Marsa Matruh,Egypt,31.3529,27.2372,176498
Almere Stad,Almere Stad,The Netherlands,52.3702,5.2141,176432
Burgos,Burgos,Spain,42.3411,-3.7018,176418
Gijang,Gijang,South Korea,35.2442,129.2139,176388
Lander,Lander,Venezuela,10.1833,-66.7,176346
Saint-Étienne,Saint-Etienne,France,45.4339,4.39,176280
Amroha,Amroha,India,28.9031,78.4698,176253
Narashino,Narashino,Japan,35.6818,140.0415,176197
Béjaïa,Bejaia,Algeria,36.7559,5.0843,176139
Zhenzhou,Zhenzhou,China,32.2803,119.17,176006
Tempe,Tempe,United States,33.4148,-111.9093,175826
Xindi,Xindi,China,29.8167,113.4667,175761
Oceanside,Oceanside,United States,33.1959,-117.3795,175691
Bella Vista,Bella Vista,Dominican Republic,18.4554,-69.9454,175683
Fengcheng,Fengcheng,China,29.8259,107.0602,175576
Salem,Salem,United States,44.9429,-123.0351,175535
Wigan,Wigan,United Kingdom,53.543,-2.6371,175405
Garden Grove,Garden Grove,United States,33.7739,-117.9415,175393
Karaman,Karaman,Turkey,37.1811,33.215,175390
Oshawa,Oshawa,Canada,43.9001,-78.8496,175383
Siverek,Siverek,Turkey,37.755,39.3167,175341
Rancho Cucamonga,Rancho Cucamonga,United States,34.1064,-117.5931,175236
Cape Coral,Cape Coral,United States,26.5629,-81.9495,175229
Tân Châu,Tan Chau,Vietnam,10.7983,105.2389,175211
Teluknaga,Teluknaga,Indonesia,-6.0989,106.6381,175155
Jiutai,Jiutai,China,44.1513,125.8298,175115
Chhindwāra,Chhindwara,India,22.057,78.9396,175052
Itu,Itu,Brazil,-23.2642,-47.2992,175047
Senador Canedo,Senador Canedo,Brazil,-16.7081,-49.0931,175042
Khānaqīn,Khanaqin,Iraq,34.3482,45.3907,175000
Naga,Naga,Philippines,13.6192,123.1814,174931
Tomakomai,Tomakomai,Japan,42.6369,141.6033,174806
Tambaram,Tambaram,India,12.9246,80.1271,174787
San Miguel de Allende,San Miguel de Allende,Mexico,20.9153,-100.7439,174615
Cianjur,Cianjur,Indonesia,-6.8222,107.1394,174587
Pamulang,Pamulang,Indonesia,-6.3428,106.7383,174557
Hitachi,Hitachi,Japan,36.6,140.65,174508
Timon,Timon,Brazil,-5.0942,-42.8367,174465
Bhetia,Bhetia,India,22.7932,86.141,174355
Pathānkot,Pathankot,India,32.2748,75.6529,174306
Tando Adam,Tando Adam,Pakistan,25.7682,68.662,174291
Badlapur,Badlapur,India,19.1552,73.2655,174226
Cikupa,Cikupa,Indonesia,-6.2364,106.5083,174041
Puerto Cabello,Puerto Cabello,Venezuela,10.4731,-68.0125,174000
Latkrabang,Latkrabang,Thailand,13.7278,100.7461,173987
Sakura,Sakura,Japan,35.7167,140.2333,173740
Ube,Ube,Japan,33.9431,131.2511,173733
Daule,Daule,Ecuador,-1.8603,-79.9768,173684
Bayjī,Bayji,Iraq,34.9291,43.4888,173677
Cuddalore,Cuddalore,India,11.7562,79.7669,173636
Santander,Santander,Spain,43.4659,-3.8049,173635
Tlemcen,Tlemcen,Algeria,34.8783,-1.315,173531
Shimla,Shimla,India,31.1044,77.1666,173503
Shāhīn Shahr,Shahin Shahr,Iran,32.8579,51.5529,173329
Croydon,Croydon,United Kingdom,51.3833,-0.1,173314
Myeik,Myeik,Myanmar,12.4395,98.6003,173298
East New York,East New York,United States,40.6668,-73.8824,173198
Khān Yūnis,Khan Yunis,Palestinian Territory,31.3402,34.3063,173183
Dharān,Dharan,Nepal,26.8144,87.2797,173096
Mülheim,Muelheim,Germany,51.4322,6.8797,173050
Albacete,Albacete,Spain,38.9942,-1.8564,173050
Bata,Bata,Equatorial Guinea,1.8639,9.7658,173046
Kamakura,Kamakura,Japan,35.3109,139.547,172929
Chicoloapan,Chicoloapan,Mexico,19.4169,-98.902,172919
Gadag-Betageri,Gadag-Betageri,India,15.4167,75.6167,172813
Licheng,Licheng,China,23.2955,113.8247,172775
Izumo,Izumo,Japan,35.3667,132.7667,172775
São Caetano do Sul,Sao Caetano do Sul,Brazil,-23.6231,-46.5511,172693
Pindamonhangaba,Pindamonhangaba,Brazil,-22.9239,-45.4617,172681
Gadag,Gadag,India,15.4298,75.6297,172612
Ongata Rongai,Ongata Rongai,Kenya,-1.3953,36.764,172569
Lang'ata,Lang'ata,Kenya,-1.3666,36.7332,172569
Tunja,Tunja,Colombia,5.5448,-73.3576,172548
Lages,Lages,Brazil,-27.8161,-50.3261,172458
Quillacollo,Quillacollo,Bolivia,-17.3923,-66.2784,172405
Alcorcón,Alcorcon,Spain,40.3458,-3.8249,172384
Gisenyi,Gisenyi,Rwanda,-1.7028,29.2564,172357
Poços de Caldas,Pocos de Caldas,Brazil,-21.7878,-46.5614,172339
Isparta,Isparta,Turkey,37.7644,30.5522,172334
Warrington,Warrington,United Kingdom,53.3925,-2.5802,172330
Klaipėda,Klaipeda,Lithuania,55.7068,21.1391,172292
Walsall,Walsall,United Kingdom,52.5853,-1.984,172141
Herne,Herne,Germany,51.5388,7.2257,172108
Lyublino,Lyublino,Russia,55.6774,37.76,172000
Mansfield,Mansfield,United Kingdom,53.1333,-1.2,171958
Reggio nell'Emilia,Reggio nell'Emilia,Italy,44.6983,10.6312,171944
Barreiras,Barreiras,Brazil,-12.1528,-44.99,171634
Kēng Tung,Keng Tung,Myanmar,21.6309,99.9268,171620
Sioux Falls,Sioux Falls,United States,43.5437,-96.728,171544
Prizren,Prizren,Kosovo,42.2139,20.7397,171464
Dongling,Dongling,China,41.8144,123.5758,171454
Ungaran,Ungaran,Indonesia,-7.1397,110.405,171378
Urayasu,Urayasu,Japan,35.6588,139.9006,171362
Long Khánh,Long Khanh,Vietnam,10.9266,107.2478,171276
Dagupan,Dagupan,Philippines,16.0431,120.3333,171271
Ontario,Ontario,United States,34.0633,-117.6509,171214
Watthana,Watthana,Thailand,13.7298,100.5854,171150
Verāval,Veraval,India,20.9077,70.3679,171121
Navsari,Navsari,India,20.9424,72.9247,171109
Imabari,Imabari,Japan,34.07,133.0002,170986
Mansa,Mansa,Zambia,-11.1998,28.8943,170965
Fort Collins,Fort Collins,United States,40.5853,-105.0844,170924
Bảo Lộc,Bao Loc,Vietnam,11.548,107.8077,170920
Kulim,Kulim,Malaysia,5.365,100.5618,170889
Oshodi,Oshodi,Nigeria,6.555,3.3436,170870
Ramat Gan,Ramat Gan,Israel,32.0823,34.8107,170822
Bahadurgarh,Bahadurgarh,India,28.6929,76.9356,170767
Haldia,Haldia,India,22.0605,88.1098,170695
Temirtau,Temirtau,Kazakhstan,50.052,72.955,170600
East Helsinki,East Helsinki,Finland,60.2104,25.0829,170557
Parnaíba,Parnaiba,Brazil,-2.9047,-41.7767,170491
Carolina,Carolina,Puerto Rico,18.3808,-65.9574,170404
Rāiganj,Raiganj,India,25.6128,88.1245,170252
Malāyer,Malayer,Iran,34.3016,48.8217,170237
Springfield,Springfield,United States,37.2153,-93.2982,170188
Sunderland,Sunderland,United Kingdom,54.9046,-1.3822,170134
Takaoka,Takaoka,Japan,36.75,137.0167,170077
Baranovichi,Baranovichi,Belarus,53.1326,26.0078,170039
Malda,Malda,India,25.0045,88.1457,170039
Guadalupe,Guadalupe,Mexico,22.7468,-102.5188,170029
Nishio,Nishio,Japan,34.8667,137.05,169984
San Luis,San Luis,Argentina,-33.2914,-66.3247,169947
Ouargla,Ouargla,Algeria,31.9493,5.325,169928
Olsztyn,Olsztyn,Poland,53.7838,20.4927,169793
Kipushi,Kipushi,Democratic Republic of the Congo,-11.761,27.2513,169635
Yuen Long Kau Hui,Yuen Long Kau Hui,Hong Kong,22.4483,114.032,169600
Jaunpur,Jaunpur,India,25.7536,82.6869,169572
Khlong Sam Wa,Khlong Sam Wa,Thailand,13.8714,100.7372,169489
Harburg,Harburg,Germany,53.4606,9.9839,169221
Chūō,Chuo,Japan,35.67,139.7754,169179
Mufulira,Mufulira,Zambia,-12.5498,28.2407,169136
Deoli,Deoli,India,28.5025,77.2312,169122
Jaffna,Jaffna,Sri Lanka,9.6684,80.0074,169102
Arad,Arad,Romania,46.1833,21.3167,169065
Chetumal,Chetumal,Mexico,18.5196,-88.304,169028
Bharūch,Bharuch,India,21.6948,72.9805,169007
Gurúè,Gurue,Mozambique,-15.4669,36.9778,168971
San Miguel,San Miguel,Argentina,-34.5433,-58.7123,168762
Hirosaki,Hirosaki,Japan,40.5931,140.4725,168739
Chalco,Chalco,Mexico,19.2617,-98.8978,168720
Toulon,Toulon,France,43.1244,5.9284,168701
Vila Andrade,Vila Andrade,Brazil,-23.6262,-46.7283,168669
Hoshiārpur,Hoshiarpur,India,31.5372,75.9127,168653
Calabozo,Calabozo,Venezuela,8.9242,-67.4293,168605
Jabālyā,Jabalya,Palestinian Territory,31.5272,34.4835,168568
Cuauhtémoc,Cuauhtemoc,Mexico,28.4063,-106.8667,168482
Araraquara,Araraquara,Brazil,-21.7944,-48.1756,168468
Yopal,Yopal,Colombia,5.3357,-72.3939,168433
Ituzaingó,Ituzaingo,Argentina,-27.585,-56.6871,168419
Piranshahr,Piranshahr,Iran,36.701,45.1413,168393
Mahābād,Mahabad,Iran,36.7631,45.7222,168393
Florencia,Florencia,Colombia,1.6155,-75.6041,168346
Tây Hồ,Tay Ho,Vietnam,21.069,105.8105,168300
Moratuwa,Moratuwa,Sri Lanka,6.773,79.8816,168280
Angers,Angers,France,47.4716,-0.552,168279
Ilford,Ilford,United Kingdom,51.5577,0.0728,168168
Hasilpur,Hasilpur,Pakistan,29.6922,72.5457,168146
Rio das Ostras,Rio das Ostras,Brazil,-22.5269,-41.945,168099
Horta-Guinardó,Horta-Guinardo,Spain,41.4185,2.1677,168092
Pátra,Patra,Greece,38.2462,21.7351,168034
Rutchenkivskyi,Rutchenkivskyi,Ukraine,47.976,37.6968,168029
Đồng Xoài,GJong Xoai,Vietnam,11.535,106.8832,168000
Jamālpur,Jamalpur,Bangladesh,24.9197,89.9481,167900
Kushiro,Kushiro,Japan,42.975,144.3747,167875
Berezniki,Berezniki,Russia,59.4091,56.8204,167748
Awka,Awka,Nigeria,6.2127,7.072,167738
Volgodonsk,Volgodonsk,Russia,47.5114,42.1527,167731
Hollywood,Hollywood,United States,34.0983,-118.3267,167664
Oyama,Oyama,Japan,36.3,139.8,167647
Ijero-Ekiti,Ijero-Ekiti,Nigeria,7.8151,5.0672,167632
Jīnd,Jind,India,29.3158,76.315,167592
Miass,Miass,Russia,55.0455,60.1076,167500
Fortechnyi,Fortechnyi,Ukraine,48.4986,32.2537,167451
Tuguegarao,Tuguegarao,Philippines,17.6158,121.7228,167297
Carúpano,Carupano,Venezuela,10.6652,-63.2539,167187
Kumbakonam,Kumbakonam,India,10.9621,79.3912,167155
Plumbon,Plumbon,Indonesia,-6.705,108.4728,167105
Darmstadt,Darmstadt,Germany,49.8717,8.6503,167029
Mary,Mary,Turkmenistan,37.5938,61.8303,167027
Novocherkassk,Novocherkassk,Russia,47.4222,40.0937,166974
Elk Grove,Elk Grove,United States,38.4088,-121.3716,166913
Mohali,Mohali,India,30.68,76.7221,166864
Sampit,Sampit,Indonesia,-2.5315,112.9496,166773
Clarksville,Clarksville,United States,36.5298,-87.3594,166722
Wan Chai,Wan Chai,Hong Kong,22.2814,114.1726,166695
Linköping,Linkoeping,Sweden,58.4109,15.6216,166673
Iwata,Iwata,Japan,34.7,137.85,166672
Kamalia,Kamalia,Pakistan,30.7271,72.6461,166617
Pembroke Pines,Pembroke Pines,United States,26.0032,-80.2239,166611
Maicao,Maicao,Colombia,11.3784,-72.2395,166603
Obihiro,Obihiro,Japan,42.9172,143.2044,166536
Fatehpur,Fatehpur,India,25.9277,80.8127,166480
Osnabrück,Osnabrueck,Germany,52.2726,8.0498,166462
Calama,Calama,Chile,-22.4567,-68.9237,166334
Nou Barris,Nou Barris,Spain,41.4416,2.1773,166310
Nepalgunj,Nepalgunj,Nepal,28.05,81.6167,166258
Comitán,Comitan,Mexico,16.24,-92.1367,166178
Ocumare del Tuy,Ocumare del Tuy,Venezuela,10.1182,-66.7751,166072
Niiza,Niiza,Japan,35.8209,139.5579,166017
Greater Sudbury,Greater Sudbury,Canada,46.49,-80.99,166004
Khobar,Khobar,Saudi Arabia,26.2794,50.2083,165799
Songcheng,Songcheng,China,26.8819,120.0011,165730
Deer Valley,Deer Valley,United States,33.6839,-112.1349,165656
Bang Khun Thian,Bang Khun Thian,Thailand,13.663,100.4342,165491
Murfreesboro,Murfreesboro,United States,35.8456,-86.3903,165430
Bushehr,Bushehr,Iran,28.9689,50.8366,165377
Dar Bouazza,Dar Bouazza,Morocco,33.5153,-7.8168,165295
Tonk,Tonk,India,26.1664,75.7882,165294
Saqqez,Saqqez,Iran,36.2499,46.2735,165258
Béchar,Bechar,Algeria,31.6167,-2.2167,165241
Tam Kỳ,Tam Ky,Vietnam,15.5736,108.474,165240
Gölbaşı,Goelbasi,Turkey,39.7904,32.809,165201
Francisco Morato,Francisco Morato,Brazil,-23.2817,-46.7453,165139
Bima,Bima,Indonesia,-8.4601,118.7267,165113
Mu-se,Mu-se,Myanmar,23.9974,97.9011,165022
Udupi,Udupi,India,13.3347,74.7462,165000
Shahrud,Shahrud,Iran,36.4182,54.9763,165000
Banjaran,Banjaran,Indonesia,-7.0453,107.5878,164952
Thenali,Thenali,India,16.2425,80.6398,164937
Mthatha,Mthatha,South Africa,-31.5889,28.7844,164848
Hengshan,Hengshan,China,45.2084,130.8981,164844
Slough,Slough,United Kingdom,51.5095,-0.5954,164793
Bocoio,Bocoio,Angola,-12.4702,14.1369,164685
Neukölln,Neukoelln,Germany,52.4772,13.4313,164636
Port Saint Lucie,Port Saint Lucie,United States,27.2939,-80.3503,164603
Sītāpur,Sitapur,India,27.5619,80.6826,164435
Alandur,Alandur,India,13.0025,80.2061,164430
Zenica,Zenica,Bosnia and Herzegovina,44.2017,17.904,164423
Lajeado,Lajeado,Brazil,-23.5336,-46.4087,164391
Solingen,Solingen,Germany,51.1734,7.0845,164359
Itapetininga,Itapetininga,Brazil,-23.5917,-48.0531,164256
Ðông Hà,Dong Ha,Vietnam,16.8163,107.1003,164228
Corona,Corona,United States,33.8753,-117.5664,164226
Ḩawallī,Hawalli,Kuwait,29.3328,48.0286,164212
Musoma,Musoma,Tanzania,-1.5,33.8,164172
Inisa,Inisa,Nigeria,7.8486,4.3298,164161
Nazran,Nazran,Russia,43.226,44.7732,164131
Ilagan,Ilagan,Philippines,17.1485,121.8892,164020
Port-Gentil,Port-Gentil,Gabon,-0.7193,8.7815,164018
Bhadrāvati,Bhadravati,India,13.8485,75.705,163903
Santana de Parnaíba,Santana de Parnaiba,Brazil,-23.4442,-46.9178,163787
Hadano,Hadano,Japan,35.3711,139.2236,163787
Piraeus,Piraeus,Greece,37.942,23.6462,163688
Vapi,Vapi,India,20.3717,72.9049,163630
Bournemouth,Bournemouth,United Kingdom,50.7205,-1.8795,163600
Pedreira,Pedreira,Brazil,-23.7067,-46.6498,163586
Sidon,Sidon,Lebanon,33.5575,35.3715,163554
Caxias,Caxias,Brazil,-4.8589,-43.3561,163546
‘Ibrī,'Ibri,Oman,23.2257,56.5157,163473
Jomvu,Jomvu,Kenya,-3.9862,39.6082,163415
Garissa,Garissa,Kenya,-0.4527,39.646,163399
Moga,Moga,India,30.8138,75.1688,163397
Peterborough,Peterborough,United Kingdom,52.5736,-0.2478,163379
Piedecuesta,Piedecuesta,Colombia,6.9879,-73.0495,163362
Tongzhou,Tongzhou,China,39.904,116.6618,163326
Ludwigshafen am Rhein,Ludwigshafen am Rhein,Germany,49.4812,8.4464,163196
Lat Krabang,Lat Krabang,Thailand,13.722,100.7847,163175
Şalālah,Salalah,Oman,17.015,54.0924,163140
Büyükçekmece,Bueyuekcekmece,Turkey,41.0207,28.585,163140
Rāj-Nāndgaon,Raj-Nandgaon,India,21.0969,81.0289,163114
Aydın,Aydin,Turkey,37.845,27.8396,163022
Envigado,Envigado,Colombia,6.1759,-75.5917,163007
Itapecerica da Serra,Itapecerica da Serra,Brazil,-23.7169,-46.8492,163003
Al-Junaynah,Al-Junaynah,Sudan,13.4526,22.4473,162981
Anbu,Anbu,China,23.4489,116.6809,162964
McKinney,McKinney,United States,33.1976,-96.6153,162898
Mostaganem,Mostaganem,Algeria,35.9312,0.0892,162885
Chirchiq,Chirchiq,Uzbekistan,41.4689,69.5822,162800
Bandar-e Māhshahr,Bandar-e Mahshahr,Iran,30.5566,49.1885,162797
Floridsdorf,Floridsdorf,Austria,48.25,16.4,162779
Leverkusen,Leverkusen,Germany,51.0303,6.9843,162738
Pandi,Pandi,Philippines,14.865,120.9572,162725
Capas,Capas,Philippines,15.3312,120.5898,162724
Ning’er,Ning'er,China,23.0405,101.0368,162711
Haarlem,Haarlem,The Netherlands,52.3808,4.6368,162543
Arnhem,Arnhem,The Netherlands,51.98,5.9111,162424
Nkongsamba,Nkongsamba,Cameroon,4.9547,9.9404,162309
El Vigía,El Vigia,Venezuela,8.6135,-71.657,162289
Araucária,Araucaria,Brazil,-25.5931,-49.4103,162247
Robertsonpet,Robertsonpet,India,12.9563,78.2754,162230
Kitale,Kitale,Kenya,1.0157,35.0062,162174
Suleja,Suleja,Nigeria,9.1806,7.1794,162135
Pouso Alegre,Pouso Alegre,Brazil,-22.23,-45.9364,162133
Taza,Taza,Morocco,34.21,-4.01,162110
Oxford,Oxford,United Kingdom,51.7522,-1.256,162100
Al Maţarīyah,Al Matariyah,Egypt,31.1829,32.0311,162045
Kunduz,Kunduz,Afghanistan,36.7289,68.857,161902
Fengcheng,Fengcheng,China,34.7039,116.5872,161850
Trảng Bàng,Trang Bang,Vietnam,11.0299,106.3575,161831
Unnāo,Unnao,India,26.5471,80.4878,161671
Hortaleza,Hortaleza,Spain,40.4744,-3.6411,161661
N'dalatando,N'dalatando,Angola,-9.2978,14.9116,161584
Budaun,Budaun,India,28.0381,79.1267,161555
Ōgaki,Ogaki,Japan,35.35,136.6167,161539
Newport,Newport,United Kingdom,51.5877,-2.9983,161506
Coquimbo,Coquimbo,Chile,-29.9533,-71.3395,161317
Baubau,Baubau,Indonesia,-5.4633,122.6024,161280
Đưc Trọng,GJuc Trong,Vietnam,11.7356,108.3733,161232
Blitar,Blitar,Indonesia,-8.0983,112.1681,161204
Alagoinhas,Alagoinhas,Brazil,-12.1356,-38.4192,161196
KwaDukuza,KwaDukuza,South Africa,-29.3282,31.2895,161177
Miyakonojō,Miyakonojo,Japan,31.7333,131.0667,161137
Madhyamgram,Madhyamgram,India,22.6894,88.4459,161126
Lancaster,Lancaster,United States,34.698,-118.1367,161103
Rubtsovsk,Rubtsovsk,Russia,51.5147,81.2061,161065
Tacheng,Tacheng,China,46.7454,82.9585,161037
Kindia,Kindia,Guinea,10.0569,-12.8658,161024
Tauranga,Tauranga,New Zealand,-37.6861,176.1667,161000
Kalemie,Kalemie,Democratic Republic of the Congo,-5.9475,29.1947,160961
Chatuchak,Chatuchak,Thailand,13.829,100.5593,160906
San Juan de los Morros,San Juan de los Morros,Venezuela,9.9125,-67.354,160868
Sayama,Sayama,Japan,35.8529,139.4121,160843
Sullana,Sullana,Peru,-4.9039,-80.6853,160789
's-Hertogenbosch,'s-Hertogenbosch,The Netherlands,51.6992,5.3042,160783
Szeged,Szeged,Hungary,46.253,20.1482,160766
Malakal,Malakal,South Sudan,9.5334,31.6605,160765
Chittoor,Chittoor,India,13.2105,79.0956,160722
Toledo,Toledo,Brazil,-24.7136,-53.7431,160701
Salamanca,Salamanca,Mexico,20.5698,-101.1977,160682
Ban Khlong Prawet,Ban Khlong Prawet,Thailand,13.719,100.6815,160671
La Gi,La Gi,Vietnam,10.6599,107.7721,160652
Anderlecht,Anderlecht,Belgium,50.8362,4.3145,160553
Mytishchi,Mytishchi,Russia,55.911,37.7296,160542
Delegación Cuajimalpa de Morelos,Delegacion Cuajimalpa de Morelos,Mexico,19.3692,-99.2909,160491
Hebron,Hebron,Palestinian Territory,31.5294,35.0938,160470
Camaragibe,Camaragibe,Brazil,-8.0217,-34.9811,160318
Mogi Guaçu,Mogi Guacu,Brazil,-22.3677,-46.9455,160318
Mejicanos,Mejicanos,El Salvador,13.724,-89.188,160317
Trà Vinh,Tra Vinh,Vietnam,9.9472,106.3423,160310
Parepare,Parepare,Indonesia,-4.0135,119.6255,160309
Jāmuria,Jamuria,India,23.7047,87.0787,160242
Koudougou,Koudougou,Burkina Faso,12.2519,-2.3669,160239
Nyzhnodniprovsk,Nyzhnodniprovsk,Ukraine,48.4755,35.1167,160123
Taunggyi,Taunggyi,Myanmar,20.7892,97.0378,160115
Dhamār,Dhamar,Yemen,14.5427,44.4051,160114
Dubai Investments Park,Dubai Investments Park,United Arab Emirates,25.0083,55.1568,160000
Ash Sharqāt,Ash Sharqat,Iraq,35.5172,43.2281,160000
Dijon,Dijon,France,47.3134,5.0139,159941
Salavat,Salavat,Russia,53.3828,55.9109,159893
Ede,Ede,Nigeria,7.7363,4.4354,159866
Sukrah,Sukrah,Tunisia,36.8774,10.2468,159862
Manzanillo,Manzanillo,Mexico,19.1169,-104.3421,159853
Jalapa,Jalapa,Guatemala,14.6354,-89.9911,159840
Paech’ŏn-ŭp,Paech'on-up,North Korea,37.9931,126.3014,159825
Cary,Cary,United States,35.7915,-78.7811,159769
Skudai,Skudai,Malaysia,1.5374,103.6578,159733
Tahoua,Tahoua,Niger,14.8888,5.2692,159468
Alexandria,Alexandria,United States,38.8048,-77.0469,159467
Tuxtepec,Tuxtepec,Mexico,18.0883,-96.1253,159452
Puthia,Puthia,Bangladesh,24.3654,88.8343,159406
Newton,Newton,Canada,49.1333,-122.85,159390
Paris 16 Passy,Paris 16 Passy,France,48.8637,2.2769,159386
Zhicheng,Zhicheng,China,30.2956,111.5047,159383
Ang Mo Kio New Town,Ang Mo Kio New Town,Singapore,1.3803,103.8397,159340
Limuru,Limuru,Kenya,-1.1136,36.642,159314
San Miguel del Padrón,San Miguel del Padron,Cuba,23.0954,-82.3267,159273
Tarija,Tarija,Bolivia,-21.5355,-64.7296,159269
Patos de Minas,Patos de Minas,Brazil,-18.5789,-46.5181,159235
Oldenburg,Oldenburg,Germany,53.1404,8.2148,159218
Paris 17 Batignolles-Monceau,Paris 17 Batignolles-Monceau,France,48.8835,2.3219,159212
Matsusaka,Matsusaka,Japan,34.5789,136.5371,159145
Catamarca,Catamarca,Argentina,-28.4696,-65.7852,159139
Tochigi,Tochigi,Japan,36.3833,139.7333,159056
Khoroshëvo-Mnevniki,Khoroshevo-Mnevniki,Russia,55.7836,37.4714,159000
Bibirevo,Bibirevo,Russia,55.8833,37.6,159000
Bordj Bou Arreridj,Bordj Bou Arreridj,Algeria,36.0739,4.7614,158812
Dīla,Dila,Ethiopia,6.4167,38.3167,158800
Jaigaon,Jaigaon,India,26.8477,89.3756,158664
Atibaia,Atibaia,Brazil,-23.1169,-46.5503,158647
Batāla,Batala,India,31.8092,75.2029,158621
Grenoble,Grenoble,France,45.1787,5.7148,158552
Sāmarrā’,Samarra',Iraq,34.1959,43.8857,158508
Tempe Junction,Tempe Junction,United States,33.4142,-111.9435,158368
Palmdale,Palmdale,United States,34.5794,-118.1165,158351
George Town,George Town,Malaysia,5.4112,100.3354,158336
El Achir,El Achir,Algeria,36.0639,4.6274,158333
Hayward,Hayward,United States,37.6688,-122.0808,158289
Orai,Orai,India,25.9902,79.4533,158265
Thốt Nốt,Thot Not,Vietnam,10.2721,105.5338,158225
Gweru,Gweru,Zimbabwe,-19.45,29.8167,158200
Abaetetuba,Abaetetuba,Brazil,-1.7181,-48.8825,158188
Centro Habana,Centro Habana,Cuba,23.1349,-82.3689,158151
Panguíla,Panguila,Angola,-8.6934,13.4491,158068
Bukit Batok New Town,Bukit Batok New Town,Singapore,1.359,103.7637,158030
Chom Thong,Chom Thong,Thailand,13.6772,100.4841,158005
Gol’yanovo,Gol'yanovo,Russia,55.823,37.8131,158000
Sunggal,Sunggal,Indonesia,3.5765,98.6151,157914
Industrialnyi,Industrialnyi,Ukraine,49.9546,36.3691,157900
Admiralteisky,Admiralteisky,Russia,59.923,30.3,157897
Diourbel,Diourbel,Senegal,14.6479,-16.2436,157554
Ueda,Ueda,Japan,36.4027,138.2816,157480
Aberdeen,Aberdeen,Hong Kong,22.248,114.1529,157400
Avtozavodskyi,Avtozavodskyi,Ukraine,49.0975,33.4321,157382
Salinas,Salinas,United States,36.6777,-121.6555,157380
San Blas-Canillejas,San Blas-Canillejas,Spain,40.4389,-3.6154,157367
Cuautla,Cuautla,Mexico,18.813,-98.9551,157336
Salzburg,Salzburg,Austria,47.7994,13.044,157245
Perbaungan,Perbaungan,Indonesia,3.5679,98.956,157174
Nong Chok,Nong Chok,Thailand,13.8559,100.8622,157138
Ussuriysk,Ussuriysk,Russia,43.8047,131.9573,157068
Arif Wala,Arif Wala,Pakistan,26.3248,66.2959,157063
Nanpiao,Nanpiao,China,41.0982,120.7479,157044
Livorno,Livorno,Italy,43.5443,10.3262,157017
Río Cuarto,Rio Cuarto,Argentina,-33.1304,-64.3527,157010
Harar,Harar,Ethiopia,9.3139,42.1181,157000
Tiraspol,Tiraspol,Moldova,46.8428,29.6284,157000
Enfield Town,Enfield Town,United Kingdom,51.6515,-0.085,156858
Westonaria,Westonaria,South Africa,-26.3191,27.6486,156831
Lizhi,Lizhi,China,29.7032,107.3952,156753
Hitachi-Naka,Hitachi-Naka,Japan,36.3966,140.5348,156581
Saharsa,Saharsa,India,25.875,86.5961,156540
Qalyub,Qalyub,Egypt,30.1792,31.2056,156363
Escuintla,Escuintla,Guatemala,14.301,-90.7882,156313
Marbella,Marbella,Spain,36.5154,-4.8858,156295
Ereğli,Eregli,Turkey,37.5133,34.0467,156253
Batu Pahat,Batu Pahat,Malaysia,1.8548,102.9325,156236
Sitiawan,Sitiawan,Malaysia,4.2168,100.6996,156234
Mariveles,Mariveles,Philippines,14.4338,120.4857,156200
San Pablo de las Salinas,San Pablo de las Salinas,Mexico,19.6666,-99.0948,156191
Lampang,Lampang,Thailand,18.2923,99.4928,156139
York,York,United Kingdom,53.9576,-1.0827,156135
Bạc Liêu,Bac Lieu,Vietnam,9.2941,105.7278,156110
Juja,Juja,Kenya,-1.1015,37.0132,156041
Nek’emtē,Nek'emte,Ethiopia,9.0833,36.55,156000
Fès al Bali,Fes al Bali,Morocco,34.0701,-4.9547,156000
Örebro,OErebro,Sweden,59.2741,15.2066,155989
Al Miqdādīyah,Al Miqdadiyah,Iraq,33.9786,44.9369,155968
Katsuta,Katsuta,Japan,36.3833,140.5333,155968
Malabo,Malabo,Equatorial Guinea,3.7558,8.7817,155963
Vidisha,Vidisha,India,23.526,77.8109,155951
Tuy Hòa,Tuy Hoa,Vietnam,13.0955,109.3209,155921
Yizhou,Yizhou,China,24.5,108.6667,155872
Xinqiao,Xinqiao,China,31.065,121.3075,155856
Sunnyvale,Sunnyvale,United States,37.3688,-122.0363,155805
Tema,Tema,Ghana,5.6698,-0.0166,155782
Yichun,Yichun,China,47.7214,128.8753,155762
Đức Phổ,GJuc Pho,Vietnam,14.8135,108.9593,155743
San Martin Texmelucan de Labastida,San Martin Texmelucan de Labastida,Mexico,19.2843,-98.4389,155738
Ar Ramthā,Ar Ramtha,Jordan,32.5587,36.0082,155693
Hanumāngarh,Hanumangarh,India,29.5818,74.3294,155687
São Mateus,Sao Mateus,Brazil,-23.6058,-46.4789,155682
Zemun,Zemun,Serbia,44.8458,20.4012,155591
Telford,Telford,United Kingdom,52.6766,-2.4493,155570
Kisi,Kisi,Nigeria,9.083,3.852,155510
Nilópolis,Nilopolis,Brazil,-22.8075,-43.4139,155500
Villa Canales,Villa Canales,Guatemala,14.4828,-90.5343,155423
Guyong,Guyong,Philippines,14.8361,120.9784,155391
Settat,Settat,Morocco,33.001,-7.6166,155333
Brusque,Brusque,Brazil,-27.098,-48.9128,155307
Paço do Lumiar,Paco do Lumiar,Brazil,-2.5322,-44.1075,155307
Jampur,Jampur,Pakistan,29.6424,70.5952,155243
Port Louis,Port Louis,Mauritius,-20.1619,57.4989,155226
Kawanishi,Kawanishi,Japan,34.8167,135.4167,155165
Thānesar,Thanesar,India,29.9732,76.8321,155152
Al Ḩawāmidīyah,Al Hawamidiyah,Egypt,29.9,31.25,155055
Hassan,Hassan,India,13.0071,76.0962,155006
Lianghu,Lianghu,China,29.9915,120.8984,155000
Tetuán de las Victorias,Tetuan de las Victorias,Spain,40.4597,-3.6975,155000
Kishangarh,Kishangarh,India,26.5901,74.854,154886
Birendranagar,Birendranagar,Nepal,28.5967,81.6166,154886
Dalūpura,Dalupura,India,28.6057,77.319,154791
Guangshui,Guangshui,China,31.6199,113.9978,154771
Saint-Denis,Saint-Denis,Reunion,-20.8823,55.4504,154765
Brăila,Braila,Romania,45.2715,27.9743,154686
Lyubertsy,Lyubertsy,Russia,55.6772,37.8932,154650
Bumba,Bumba,Democratic Republic of the Congo,2.1877,22.4683,154586
Rudrapur,Rudrapur,India,28.98,79.4,154554
La Serena,La Serena,Chile,-29.9059,-71.2501,154521
Miskolc,Miskolc,Hungary,48.1033,20.7781,154521
Abū Kabīr,Abu Kabir,Egypt,30.7251,31.6715,154466
Fu’an,Fu'an,China,27.0913,119.6445,154439
Kitengela,Kitengela,Kenya,-1.4761,36.9614,154436
Frisco,Frisco,United States,33.1507,-96.8236,154407
Zhaodong,Zhaodong,China,46.0522,125.9552,154406
Wujiaqu,Wujiaqu,China,44.1628,87.5217,154400
Shomolu,Shomolu,Nigeria,6.5389,3.3742,154390
Janzūr,Janzur,Libya,32.8187,13.0173,154389
Xai-Xai,Xai-Xai,Mozambique,-25.0519,33.6442,154356
Springfield,Springfield,United States,42.1015,-72.5898,154341
Nalgonda,Nalgonda,India,17.0544,79.2671,154326
Katabi,Katabi,Uganda,0.0841,32.4697,154300
Gwangyang,Gwangyang,South Korea,34.9414,127.6957,154266
Kovrov,Kovrov,Russia,56.3575,41.3189,154224
Viranşehir,Viransehir,Turkey,37.2235,39.7552,154163
Noda,Noda,Japan,35.949,139.8679,154114
San Cristóbal,San Cristobal,Dominican Republic,18.4171,-70.1068,154040
East Chattanooga,East Chattanooga,United States,35.0654,-85.2491,154024
Limassol,Limassol,Cyprus,34.6841,33.0379,154000
Kariya,Kariya,Japan,34.9833,136.9833,153834
Pasadena,Pasadena,United States,29.6911,-95.2091,153784
Mīt Ghamr,Mit Ghamr,Egypt,30.7152,31.2592,153754
Sanshui,Sanshui,China,23.1549,112.8916,153714
Jackson,Jackson,United States,32.2988,-90.1848,153701
Parelheiros,Parelheiros,Brazil,-23.8275,-46.7269,153695
Enschede,Enschede,The Netherlands,52.2183,6.8958,153655
Boshan,Boshan,China,36.4833,117.8333,153596
Hazāribāgh,Hazaribagh,India,23.9924,85.3616,153595
Yangchun,Yangchun,China,22.1667,111.7833,153547
Souk Ahras,Souk Ahras,Algeria,36.2864,7.9511,153479
Musanze,Musanze,Rwanda,-1.4998,29.635,153368
Medinīpur,Medinipur,India,22.4211,87.3226,153349
Andong,Andong,South Korea,36.5664,128.7227,153348
Bālurghāt,Balurghat,India,25.221,88.7773,153279
Pomona,Pomona,United States,34.0553,-117.7523,153266
Valle de La Pascua,Valle de La Pascua,Venezuela,9.2155,-66.0073,153136
Kreuzberg,Kreuzberg,Germany,52.4997,13.4034,153135
Chincha Alta,Chincha Alta,Peru,-13.4099,-76.1324,153076
Cairns,Cairns,Australia,-16.9237,145.7661,153075
Fyzābād,Fyzabad,India,26.7755,82.1502,153047
Thị Trấn Thuận Châu,Thi Tran Thuan Chau,Vietnam,21.4385,103.69,153000
Dinapore,Dinapore,India,25.637,85.0479,152940
Dingzhou,Dingzhou,China,38.5147,114.9868,152934
Kansas City,Kansas City,United States,39.1142,-94.6275,152933
As Samawah,As Samawah,Iraq,31.332,45.2944,152890
Porbandar,Porbandar,India,21.6422,69.6093,152760
Sinp’o,Sinp'o,North Korea,40.0397,128.1943,152759
Pengpu,Pengpu,China,31.2855,121.4367,152725
Wazirabad,Wazirabad,Pakistan,32.4432,74.12,152624
Washington Heights,Washington Heights,United States,40.8501,-73.9354,152613
Lakewood,Lakewood,United States,39.7047,-105.0814,152597
Baqubah,Baqubah,Iraq,33.754,44.6052,152550
Sumayl,Sumayl,Iraq,36.8582,42.8482,152512
Simele,Simele,Iraq,36.8583,42.8501,152512
Neuss,Neuss,Germany,51.1981,6.685,152457
Chenghua,Chenghua,China,23.4613,116.7701,152453
Songnim-ni,Songnim-ni,North Korea,38.7635,125.641,152425
Bānda,Banda,India,25.4776,80.3349,152218
Cần Giuộc,Can Giuoc,Vietnam,10.6086,106.6714,152200
Balvanera,Balvanera,Argentina,-34.6103,-58.3977,152198
Longfeng,Longfeng,China,46.5317,125.1038,152074
Beining,Beining,China,41.5956,121.7928,152033
Strogino,Strogino,Russia,55.8184,37.4122,152000
Gonbad-e Kāvūs,Gonbad-e Kavus,Iran,37.25,55.1672,151910
Etwatwa,Etwatwa,South Africa,-26.1252,28.4547,151866
Higashimurayama,Higashimurayama,Japan,35.7546,139.4685,151815
Garanhuns,Garanhuns,Brazil,-8.882,-36.5022,151803
Hindupur,Hindupur,India,13.8281,77.4914,151677
Amsterdam Nieuw-West,Amsterdam Nieuw-West,The Netherlands,52.3565,4.8064,151677
Stavanger,Stavanger,Norway,58.9701,5.7333,151669
Bintulu,Bintulu,Malaysia,3.1667,113.0333,151617
Poole,Poole,United Kingdom,50.7143,-1.9846,151500
Akhmīm,Akhmim,Egypt,26.5622,31.7457,151430
Kohat,Kohat,Pakistan,33.582,71.4493,151427
Regensburg,Regensburg,Germany,49.0151,12.1016,151389
Layyah,Layyah,Pakistan,30.9613,70.939,151274
Girga,Girga,Egypt,26.3372,31.8929,151256
Koforidua,Koforidua,Ghana,6.0941,-0.2591,151255
Bukit Merah Estate,Bukit Merah Estate,Singapore,1.2842,103.8231,151250
Logroño,Logrono,Spain,42.4661,-2.4512,151164
Beāwar,Beawar,India,26.1012,74.3203,151152
Sykhiv,Sykhiv,Ukraine,49.7943,24.0628,151131
Shujaabad,Shujaabad,Pakistan,29.8809,71.2934,151115
Escondido,Escondido,United States,33.1192,-117.0864,151038
Ṣuwayliḥ,Suwaylih,Jordan,32.0221,35.8439,151016
Erzincan,Erzincan,Turkey,39.7392,39.4901,150714
Kırşehir,Kirsehir,Turkey,39.1458,34.1639,150700
Zarichnyi,Zarichnyi,Ukraine,50.9038,34.8093,150694
La Laguna,La Laguna,Spain,28.4853,-16.3201,150661
Kokshetau,Kokshetau,Kazakhstan,53.2841,69.3936,150649
Eminabad,Eminabad,Pakistan,32.0424,74.26,150646
Anantnag,Anantnag,India,33.7307,75.1542,150592
Kukichūō,Kukichuo,Japan,36.0674,139.675,150582
Badajoz,Badajoz,Spain,38.8779,-6.9706,150530
Serilingampalle,Serilingampalle,India,17.4931,78.302,150525
Malatia-Sebastia,Malatia-Sebastia,Armenia,40.174,44.4457,150500
Talcahuano,Talcahuano,Chile,-36.7249,-73.1168,150499
Chillán,Chillan,Chile,-36.6066,-72.1034,150396
Jaranwala,Jaranwala,Pakistan,31.3332,73.4187,150380
Kỳ Anh,Ky Anh,Vietnam,18.0624,106.2983,150226
Nong Khaem,Nong Khaem,Thailand,13.7059,100.3492,150218
Piedras Negras,Piedras Negras,Mexico,28.7001,-100.5235,150178
Kızıltepe,Kiziltepe,Turkey,37.1884,40.5772,150174
Astoria,Astoria,United States,40.7721,-73.9301,150165
Musashino,Musashino,Japan,35.7061,139.5594,150149
Paranaguá,Paranagua,Brazil,-25.5163,-48.5254,150104
Balashikha,Balashikha,Russia,55.7948,37.9479,150103
Raigarh,Raigarh,India,21.8976,83.3966,150019
Gloucester,Gloucester,Canada,45.35,-75.6333,150012
Vryheid,Vryheid,South Africa,-27.7695,30.7917,150012
Malkajgiri,Malkajgiri,India,17.4478,78.5263,150000
Gimcheon,Gimcheon,South Korea,36.1218,128.1198,150000
Bercham,Bercham,Malaysia,4.6411,101.1393,150000
Setia Alam,Setia Alam,Malaysia,3.1016,101.4557,150000
Bandar Tasik Puteri,Bandar Tasik Puteri,Malaysia,3.2853,101.4741,150000
Tordher,Tordher,Pakistan,33.9905,72.2863,150000
Zhulebino,Zhulebino,Russia,55.7,37.85,150000
Dili,Dili,Timor Leste,-8.5586,125.5736,150000
Shāntipur,Shantipur,India,23.2472,88.433,149983
Chishtian,Chishtian,Pakistan,29.7971,72.8577,149939
Playa del Carmen,Playa del Carmen,Mexico,20.6274,-87.0799,149923
Santa Rita,Santa Rita,Brazil,-7.1139,-34.9781,149910
Split,Split,Croatia,43.5089,16.4392,149830
Ursynów,Ursynow,Poland,52.1505,21.0504,149775
Hollywood,Hollywood,United States,26.0112,-80.1495,149728
Madrid Centro,Madrid Centro,Spain,40.4183,-3.7027,149718
Iguatemi,Iguatemi,Brazil,-23.6128,-46.4267,149700
Harunabad,Harunabad,Pakistan,29.6121,73.138,149679
Shūnan,Shunan,Japan,34.0805,131.8256,149632
Agadez,Agadez,Niger,16.9733,7.9911,149549
Burnley,Burnley,United Kingdom,53.8,-2.2333,149422
Reẖovot,Rehovot,Israel,31.8942,34.812,149392
Watampone,Watampone,Indonesia,-4.5386,120.3279,149336
Sabha,Sabha,Libya,27.0377,14.4283,149329
Disūq,Disuq,Egypt,31.1326,30.6478,149291
Cagliari,Cagliari,Italy,39.2305,9.1192,149257
Borough Park,Borough Park,United States,40.634,-73.9968,149248
Harrow,Harrow,United Kingdom,51.5784,-0.3321,149246
Berrechid,Berrechid,Morocco,33.2655,-7.5875,149201
Queimados,Queimados,Brazil,-22.7161,-43.5553,149093
Tambacounda,Tambacounda,Senegal,13.7707,-13.6673,149071
Huddersfield,Huddersfield,United Kingdom,53.649,-1.7842,149017
Ārabī,Arabi,Ethiopia,9.9628,42.4928,148933
Kerch,Kerch,Ukraine,45.3567,36.4754,148932
Saguenay,Saguenay,Canada,48.4168,-71.0657,148886
Prenzlauer Berg,Prenzlauer Berg Bezirk,Germany,52.5388,13.4244,148878
Fazenda Rio Grande,Fazenda Rio Grande,Brazil,-25.6575,-49.3081,148873
Komaki,Komaki,Japan,35.2833,136.9167,148872
Marvdasht,Marvdasht,Iran,29.8741,52.8026,148858
Melitopol,Melitopol,Ukraine,46.8473,35.382,148851
Dunhua,Dunhua,China,43.3695,128.2286,148844
Bhuj,Bhuj,India,23.254,69.6693,148834
Arganzuela,Arganzuela,Spain,40.4002,-3.6962,148797
Jyväskylä,Jyvaeskylae,Finland,62.2415,25.7209,148744
Yonago,Yonago,Japan,35.4333,133.3333,148720
Ruqi,Ruqi,Somalia,9.9729,43.4276,148702
Rimini,Rimini,Italy,44.0575,12.5653,148688
Coquitlam,Coquitlam,Canada,49.2846,-122.7822,148625
Aḍ-Ḍawāḥy,Ad-Dawahy,Egypt,31.2441,32.2773,148624
Arar,Arar,Saudi Arabia,30.9753,41.0381,148540
Valencia,Valencia,United States,34.4436,-118.6095,148456
Moreno,Moreno,Argentina,-34.634,-58.7914,148290
Tama,Tama,Japan,35.6436,139.4684,148285
Rockford,Rockford,United States,42.2711,-89.094,148278
Kalaban Koro,Kalaban Koro,Mali,12.5733,-8.0291,148247
El Limón,El Limon,Venezuela,10.3059,-67.6321,148247
Nîmes,Nimes,France,43.8366,4.3579,148236
Dundee,Dundee,United Kingdom,56.4691,-2.9749,148210
Bārākpur,Barakpur,India,22.766,88.3634,148174
Sao Rafael,Sao Rafael,Brazil,-23.6282,-46.4539,148145
Sujiatun,Sujiatun,China,41.6592,123.3392,148113
Astanajapura,Astanajapura,Indonesia,-6.8017,108.6311,148047
Xebat,Xebat,Iraq,36.278,43.6707,148047
Ciudad Delicias,Ciudad Delicias,Mexico,28.1901,-105.4701,148045
Siguiri,Siguiri,Guinea,11.4228,-9.1685,148018
Mbanza Kongo,Mbanza Kongo,Angola,-6.2667,14.2383,148000
Kamsar,Kamsar,Guinea,10.65,-14.6167,148000
East Hampton,East Hampton,United States,37.0374,-76.3316,147993
Honggang,Honggang,China,46.3974,124.8845,147977
Sarrià-Sant Gervasi,Sarria-Sant Gervasi,Spain,41.401,2.1394,147912
Kiambu,Kiambu,Kenya,-1.1714,36.8356,147870
Clermont-Ferrand,Clermont-Ferrand,France,45.7797,3.0868,147865
Joliet,Joliet,United States,41.5252,-88.0834,147861
Barrie,Barrie,Canada,44.4001,-79.6663,147829
Yima,Yima,China,34.7381,111.8839,147800
Bang Kapi,Bang Kapi,Thailand,13.7653,100.647,147800
Savannah,Savannah,United States,32.0835,-81.0998,147780
Paterson,Paterson,United States,40.9168,-74.1718,147754
Salamanca,Salamanca,Spain,40.4297,-3.6797,147707
Kolomna,Kolomna,Russia,55.0711,38.784,147690
Hājīpur,Hajipur,India,25.6854,85.2098,147688
Rafsanjān,Rafsanjan,Iran,30.4067,55.9939,147680
Hòa Thành,Hoa Thanh,Vietnam,11.287,106.1294,147666
Mestre,Mestre,Italy,45.4917,12.2454,147662
As Sālimīyah,As Salimiyah,Kuwait,29.3339,48.0761,147649
Bridgeport,Bridgeport,United States,41.1792,-73.1894,147629
Shevchenko,Shevchenko,Ukraine,49.5645,34.5387,147600
Kuntsevo,Kuntsevo,Russia,55.7422,37.4023,147497
Kragujevac,Kragujevac,Serbia,44.0167,20.9167,147473
Aktau,Aktau,Kazakhstan,43.6611,51.1739,147443
Nusantara,Nusantara,Indonesia,-0.9731,116.7086,147430
Balcón de la Lisa,Balcon de la Lisa,Cuba,23.0535,-82.4476,147415
Sasarām,Sasaram,India,24.9494,84.0165,147408
Bohuniya,Bohuniya,Ukraine,50.2769,28.6096,147324
Iruma,Iruma,Japan,35.818,139.368,147166
Renca,Renca,Chile,-33.4019,-70.7062,147151
Kramatorsk,Kramatorsk,Ukraine,48.7311,37.5678,147145
Naperville,Naperville,United States,41.7859,-88.1473,147100
Manama,Manama,Bahrain,26.2279,50.5857,147074
Colima,Colima,Mexico,19.2447,-103.7127,146965
Bhimavaram,Bhimavaram,India,16.5408,81.5232,146961
Lárisa,Larisa,Greece,39.6285,22.4211,146926
Nakhodka,Nakhodka,Russia,42.8436,132.9183,146920
Debre Birhan,Debre Birhan,Ethiopia,9.6795,39.5326,146900
Cacuaco,Cacuaco,Angola,-8.7798,13.3748,146867
Slobidskyi,Slobidskyi,Ukraine,49.9448,36.2813,146850
Aix-en-Provence,Aix-en-Provence,France,43.5283,5.4497,146821
Cam Ranh,Cam Ranh,Vietnam,11.9214,109.1591,146771
Jalalpur Jattan,Jalalpur Jattan,Pakistan,32.6412,74.2056,146743
Matanzas,Matanzas,Cuba,23.0439,-81.5828,146733
Beed,Beed,India,18.9892,75.7563,146709
Khasnahzān,Khasnahzan,Iraq,36.2009,44.1424,146639
Taozhou,Taozhou,China,30.9064,119.4086,146610
Saint-Quentin-en-Yvelines,Saint-Quentin-en-Yvelines,France,48.7719,2.0189,146598
Bandar Bukit Raja,Bandar Bukit Raja,Malaysia,3.0874,101.4334,146534
Blackburn,Blackburn,United Kingdom,53.75,-2.4833,146521
Rosemont–La Petite-Patrie,Rosemont-La Petite-Patrie,Canada,45.5366,-73.6069,146501
Colina,Colina,Chile,-33.2044,-70.6747,146207
Burāri,Burari,India,28.7557,77.1994,146190
Ruda Śląska,Ruda Slaska,Poland,50.2584,18.8563,146189
Nouadhibou,Nouadhibou,Mauritania,20.9419,-17.0384,146048
Puerto Plata,Puerto Plata,Dominican Republic,19.7934,-70.6884,146000
Urdaneta,Urdaneta,Philippines,15.9761,120.5711,145935
Chamberí,Chamberi,Spain,40.434,-3.7038,145934
Krishnanagar,Krishnanagar,India,23.4058,88.4907,145926
Xinji,Xinji,China,37.926,115.2191,145911
Jutiapa,Jutiapa,Guatemala,14.2849,-89.888,145880
Chitradurga,Chitradurga,India,14.2226,76.4004,145853
Bueng Kum,Bueng Kum,Thailand,13.7853,100.6696,145830
Cambridge,Cambridge,United Kingdom,52.2,0.1167,145674
Kampung Pasir Gudang Baru,Kampung Pasir Gudang Baru,Malaysia,1.4726,103.878,145639
Kampung Sungai Glugur,Kampung Sungai Glugur,Malaysia,5.3697,100.3135,145600
Dibrugarh,Dibrugarh,India,27.4799,94.9084,145488
Médéa,Medea,Algeria,36.2642,2.7539,145441
Taishan,Taishan,China,22.2513,112.7799,145440
El Eulma,El Eulma,Algeria,36.1528,5.6902,145380
Pécs,Pecs,Hungary,46.0762,18.2281,145347
Giá Rai,Gia Rai,Vietnam,9.2344,105.4583,145340
Abohar,Abohar,India,30.1445,74.1955,145302
Tiruvannamalai,Tiruvannamalai,India,12.2266,79.0746,145278
Teixeira de Freitas,Teixeira de Freitas,Brazil,-17.535,-39.7419,145216
Gainesville,Gainesville,United States,29.6516,-82.3248,145214
Concordia,Concordia,Argentina,-31.392,-58.0171,145210
Botucatu,Botucatu,Brazil,-22.8858,-48.445,145155
Fujieda,Fujieda,Japan,34.8667,138.2667,145032
Spanish Town,Spanish Town,Jamaica,17.9911,-76.9574,145018
Blackpool,Blackpool,United Kingdom,53.8167,-3.05,145007
Urganch,Urganch,Uzbekistan,41.5518,60.6314,145000
Bukoba,Bukoba,Tanzania,-1.3317,31.8122,144938
Kaithal,Kaithal,India,29.8015,76.3996,144915
Ingombota,Ingombota,Angola,-8.8181,13.2289,144911
Brest,Brest,France,48.3903,-4.4863,144899
Basildon,Basildon,United Kingdom,51.5684,0.4578,144859
Franco da Rocha,Franco da Rocha,Brazil,-23.3217,-46.7269,144849
Salamanca,Salamanca,Spain,40.9688,-5.6639,144825
Villeray–Saint-Michel–Parc-Extension,Villeray-Saint-Michel-Parc-Extension,Canada,45.5587,-73.6054,144814
Mesquite,Mesquite,United States,32.7668,-96.5992,144788
Ashikaga,Ashikaga,Japan,36.3333,139.45,144746
Huyện Lâm Hà,Huyen Lam Ha,Vietnam,11.8155,108.2144,144707
Acheng,Acheng,China,45.5456,126.9519,144665
Kelowna,Kelowna,Canada,49.8831,-119.4857,144576
Umarkot,Umarkot,Pakistan,25.3633,69.7418,144558
León,Leon,Nicaragua,12.4353,-86.8786,144538
Kakamigahara,Kakamigahara,Japan,35.4167,136.8667,144521
Le Mans,Le Mans,France,48.0021,0.2025,144515
Lodhran,Lodhran,Pakistan,29.5339,71.6324,144512
Campo Largo,Campo Largo,Brazil,-25.4596,-49.5301,144504
Trois-Rivières,Trois-Rivieres,Canada,46.3451,-72.5477,144472
Hailin,Hailin,China,44.5715,129.3854,144443
Amsterdam-Zuid,Amsterdam-Zuid,The Netherlands,52.3469,4.8768,144432
Tsuchiura,Tsuchiura,Japan,36.0905,140.2105,144399
Elektrostal’,Elektrostal',Russia,55.7865,38.4571,144387
Balasore,Balasore,India,21.4927,86.9335,144373
Yong’an,Yong'an,China,31.0189,109.4595,144314
Paris 11e Arrondissement,Paris 11e Arrondissement,France,48.8583,2.3795,144292
Kampong Pasir Ris,Kampong Pasir Ris,Singapore,1.3783,103.9319,144260
Huelva,Huelva,Spain,37.2664,-6.94,144258
Nemyshlyanskyi,Nemyshlyanskyi,Ukraine,49.9644,36.3338,144200
Navoiy,Navoiy,Uzbekistan,40.0844,65.3792,144158
Syracuse,Syracuse,United States,43.0481,-76.1474,144142
Ashkelon,Ashkelon,Israel,31.6693,34.5715,144073
Pinetown,Pinetown,South Africa,-29.8207,30.8867,144026
Teshi Old Town,Teshi Old Town,Ghana,5.5836,-0.1072,144013
Biryulëvo,Biryulevo,Russia,55.5864,37.6778,144000
Orekhovo-Borisovo,Orekhovo-Borisovo,Russia,55.6125,37.7264,144000
Kusatsu,Kusatsu,Japan,35.0167,135.9667,143913
Amsterdam-West,Amsterdam-West,The Netherlands,52.3776,4.866,143842
Nanjin,Nanjin,China,29.985,106.2653,143766
Guelph,Guelph,Canada,43.5459,-80.256,143740
Qianjiang,Qianjiang,China,29.5328,108.7748,143727
Ramna Maidan,Ramna Maidan,Bangladesh,23.7333,90.4,143677
Godhra,Godhra,India,22.7755,73.6149,143644
Khemisset,Khemisset,Morocco,33.824,-6.0663,143640
Çanakkale,Canakkale,Turkey,40.1555,26.4127,143622
Torrance,Torrance,United States,33.8359,-118.3406,143592
Três Lagoas,Tres Lagoas,Brazil,-20.7876,-51.7034,143523
San Jose,San Jose,Philippines,12.3528,121.0676,143495
Ladysmith,Ladysmith,South Africa,-28.5587,29.779,143446
Lévis,Levis,Canada,46.8033,-71.1779,143414
Cachoeirinha,Cachoeirinha,Brazil,-23.4544,-46.6621,143366
Heidelberg,Heidelberg,Germany,49.4077,8.6908,143345
Fresnillo,Fresnillo,Mexico,23.1749,-102.8679,143281
Touggourt,Touggourt,Algeria,33.1108,6.07,143270
Shillong,Shillong,India,25.5689,91.8831,143229
Surprise,Surprise,United States,33.6306,-112.3332,143148
Norwich,Norwich,United Kingdom,52.6278,1.2983,143135
Tịnh Biên,Tinh Bien,Vietnam,10.5959,104.9367,143098
Moriguchi,Moriguchi,Japan,34.7333,135.5667,143096
Amiens,Amiens,France,49.9,2.3,143086
Cai Lậy,Cai Lay,Vietnam,10.4,106.1167,143050
Rewāri,Rewari,India,28.199,76.6183,143021
Basirhat City,Basirhat City,India,22.6614,88.8548,143007
Novyye Kuz’minki,Novyye Kuz'minki,Russia,55.7,37.75,143000
Kuz’minki,Kuz'minki,Russia,55.7,37.8,143000
Aalborg,Aalborg,Denmark,57.048,9.9187,142937
La Trinidad,La Trinidad,Philippines,16.455,120.5875,142925
Ghardaïa,Ghardaia,Algeria,32.4909,3.6735,142913
Timika,Timika,Indonesia,-4.6141,136.6768,142909
Pyatigorsk,Pyatigorsk,Russia,44.05,43.0504,142865
Teófilo Otoni,Teofilo Otoni,Brazil,-17.8575,-41.5053,142851
Mbanza-Ngungu,Mbanza-Ngungu,Democratic Republic of the Congo,-5.2584,14.8584,142773
Mercier–Hochelaga-Maisonneuve,Mercier-Hochelaga-Maisonneuve,Canada,45.5719,-73.5463,142753
Okinawa,Okinawa,Japan,26.3358,127.8014,142752
Middlesbrough,Middlesbrough,United Kingdom,54.5762,-1.2348,142707
Shahrisabz,Shahrisabz,Uzbekistan,39.0578,66.8342,142700
Moro,Moro,Pakistan,26.6632,68.0002,142685
Ch’ŏngdan-ŭp,Ch'ongdan-up,North Korea,37.9703,125.9375,142607
Sant Andreu,Sant Andreu,Spain,41.4354,2.1898,142598
Rybnik,Rybnik,Poland,50.0971,18.5418,142510
Saïda,Saida,Algeria,34.8303,0.1517,142497
Metairie Terrace,Metairie Terrace,United States,29.9785,-90.164,142489
Tuzla,Tuzla,Bosnia and Herzegovina,44.5384,18.6671,142486
Kovpakivskyi,Kovpakivskyi,Ukraine,50.9251,34.7948,142447
eMbalenhle,eMbalenhle,South Africa,-26.5333,29.0667,142443
Trindade,Trindade,Brazil,-16.6494,-49.4889,142431
Khanpur,Khanpur,Pakistan,28.6474,70.6569,142426
Columbia,Columbia,United States,34.0007,-81.0348,142416
Nawābganj,Nawabganj,Bangladesh,24.5903,88.2744,142361
Inezgane,Inezgane,Morocco,30.3554,-9.5364,142320
Puerto Cortez,Puerto Cortez,Honduras,15.8256,-87.9297,142311
Pasadena,Pasadena,United States,34.1478,-118.1445,142250
Toowoomba,Toowoomba,Australia,-27.5606,151.9539,142163
Paderborn,Paderborn,Germany,51.7191,8.7544,142161
"Misato, Saitama","Misato, Saitama",Japan,35.8437,139.8835,142145
Chhatarpur,Chhatarpur,India,24.9177,79.5887,142128
Kimberley,Kimberley,South Africa,-28.7323,24.7623,142089
Alto Hospicio,Alto Hospicio,Chile,-20.2687,-70.1049,142086
Ciego de Ávila,Ciego de Avila,Cuba,21.8422,-78.7603,142027
Samālūţ,Samalut,Egypt,28.3121,30.7101,142009
Chertanovo Yuzhnoye,Chertanovo Yuzhnoye,Russia,55.5907,37.5952,142000
Jieshou,Jieshou,China,33.2634,115.3611,141993
Maykop,Maykop,Russia,44.6079,40.1024,141970
Attock City,Attock City,Pakistan,33.7667,72.3598,141945
Kisaran,Kisaran,Indonesia,2.9845,99.6158,141915
Mojokerto,Mojokerto,Indonesia,-7.4664,112.4338,141785
Facatativá,Facatativa,Colombia,4.8137,-74.3545,141762
Masai,Masai,Malaysia,1.4907,103.8788,141730
Punto Fijo,Punto Fijo,Venezuela,11.6915,-70.1992,141729
Myingyan,Myingyan,Myanmar,21.46,95.3884,141713
Kamālshahr,Kamalshahr,Iran,35.8619,50.8742,141669
Mandsaur,Mandsaur,India,24.0718,75.0699,141667
Zheleznodorozhnyy,Zheleznodorozhnyy,Russia,55.744,38.0168,141648
Chas,Chas,India,23.6356,86.1671,141640
Jahrom,Jahrom,Iran,28.5,53.5605,141634
Tours,Tours,France,47.3948,0.704,141621
Pālanpur,Palanpur,India,24.1713,72.4383,141592
Bondoukou,Bondoukou,Ivory Coast,8.0402,-2.8,141568
Chichicastenango,Chichicastenango,Guatemala,14.9433,-91.1112,141567
Tarragona,Tarragona,Spain,41.1191,1.2454,141542
Cachoeirinha,Cachoeirinha,Brazil,-29.9511,-51.0939,141503
Tobruk,Tobruk,Libya,32.0896,23.9538,141499
Sinch’ŏn-ŭp,Sinch'on-up,North Korea,38.3532,125.4842,141407
Abbotsford,Abbotsford,Canada,49.058,-122.2526,141397
Circoiscrizione II,Circoiscrizione II,Italy,45.0501,7.6405,141344
Bolton,Bolton,United Kingdom,53.5833,-2.4333,141331
Yushu,Yushu,China,33.0012,97.0089,141308
Piteşti,Pitesti,Romania,44.85,24.8667,141275
Fukayachō,Fukayacho,Japan,36.2,139.2833,141268
Potosí,Potosi,Bolivia,-19.5836,-65.7531,141251
Usera,Usera,Spain,40.3887,-3.7003,141189
Limoges,Limoges,France,45.8336,1.2476,141176
Cangaiba,Cangaiba,Brazil,-23.497,-46.5204,141172
Salto,Salto,Brazil,-23.2008,-47.2869,141111
Asaka,Asaka,Japan,35.8047,139.6019,141083
Ghazni,Ghazni,Afghanistan,33.5539,68.421,141000
Orange,Orange,United States,33.7878,-117.8531,140992
Wola,Wola,Poland,52.2348,20.96,140958
Sanhe,Sanhe,China,29.8686,107.7303,140954
Īlām,Ilam,Iran,33.6374,46.4227,140940
Shimotoda,Shimotoda,Japan,35.815,139.6853,140899
Comodoro Rivadavia,Comodoro Rivadavia,Argentina,-45.8626,-67.494,140850
Kampung Sungai Ara,Kampung Sungai Ara,Malaysia,5.327,100.2735,140849
Fullerton,Fullerton,United States,33.8703,-117.9253,140847
Killeen,Killeen,United States,31.1171,-97.7278,140806
Norilsk,Norilsk,Russia,69.3535,88.2027,140800
Lleida,Lleida,Spain,41.6167,0.6222,140797
Coimbra,Coimbra,Portugal,40.2069,-8.42,140796
Mtwara,Mtwara,Tanzania,-10.2667,40.1833,140793
Manjhand,Manjhand,Pakistan,25.9083,68.2368,140766
Beni,Beni,Democratic Republic of the Congo,0.4911,29.4731,140731
Debre Mark’os,Debre Mark'os,Ethiopia,10.35,37.7333,140700
Norzagaray,Norzagaray,Philippines,14.9109,121.0493,140697
Qeładizê,Qeladize,Iraq,36.1825,45.1302,140688
Vila Curuca,Vila Curuca,Brazil,-23.51,-46.4157,140673
Nigel,Nigel,South Africa,-26.4314,28.4771,140644
Shengavit,Shengavit,Armenia,40.1557,44.4779,140600
Catacamas,Catacamas,Honduras,14.8511,-85.8941,140548
Buea,Buea,Cameroon,4.1534,9.2423,140533
Shuizhai,Shuizhai,China,23.9296,115.765,140493
Al’met’yevsk,Al'met'yevsk,Russia,54.904,52.3179,140437
Paris 12e Arrondissement,Paris 12e Arrondissement,France,48.8352,2.435,140311
McAllen,McAllen,United States,26.2034,-98.23,140269
Lakhīmpur,Lakhimpur,India,27.9482,80.7793,140223
Ishinomaki,Ishinomaki,Japan,38.4167,141.3,140151
Mpumalanga,Mpumalanga,South Africa,-29.8129,30.6365,140121
Mian Channun,Mian Channun,Pakistan,30.4407,72.3568,140112
Ji Paraná,Ji Parana,Brazil,-10.8853,-61.9517,140101
Zaanstad,Zaanstad,The Netherlands,52.4531,4.8136,140085
Kabin Buri,Kabin Buri,Thailand,13.9513,101.7174,140056
Kuwana,Kuwana,Japan,35.0519,136.6696,140051
Ayacucho,Ayacucho,Peru,-13.1638,-74.2234,140033
Torbat-e Ḩeydarīyeh,Torbat-e Heydariyeh,Iran,35.274,59.2195,140019
Shanhaiguan,Shanhaiguan,China,40.0012,119.754,140000
Chamartín,Chamartin,Spain,40.4621,-3.6766,140000
Şaḩam,Saham,Oman,24.1722,56.8886,140000
Abéché,Abeche,Chad,13.8292,20.8324,139983
Peristéri,Peristeri,Greece,38.0154,23.6919,139981
Amersfoort,Amersfoort,The Netherlands,52.155,5.3875,139914
Darwin,Darwin,Australia,-12.4611,130.8418,139902
Jeongeup,Jeongeup,South Korea,35.6,126.917,139876
Bellevue,Bellevue,United States,47.6104,-122.2007,139820
Korolev,Korolev,Russia,55.9142,37.8256,139798
Valsād,Valsad,India,20.6101,72.9343,139764
Shinyanga,Shinyanga,Tanzania,-3.6639,33.4212,139727
Sollentuna,Sollentuna,Sweden,59.428,17.9509,139606
Al Hindīyah,Al Hindiyah,Iraq,32.5419,44.2247,139578
Yaizu,Yaizu,Japan,34.8688,138.3195,139578
Payakumbuh,Payakumbuh,Indonesia,-0.2159,100.6334,139576
Damoh,Damoh,India,23.8331,79.4419,139561
Āsela,Asela,Ethiopia,7.95,39.1333,139500
Haldwani,Haldwani,India,29.2225,79.5286,139497
Irewe,Irewe,Nigeria,6.4169,3.1406,139494
Batang,Batang,Indonesia,-6.4846,110.7083,139492
Gbongan,Gbongan,Nigeria,7.4773,4.3535,139485
Gama,Gama,Brazil,-16.0251,-48.0712,139467
Siem Reap,Siem Reap,Cambodia,13.3618,103.8606,139458
Anaco,Anaco,Venezuela,9.4296,-64.4643,139397
Purwodadi,Purwodadi,Indonesia,-7.0868,110.9158,139387
Koga,Koga,Japan,36.1833,139.7167,139344
Yuepu,Yuepu,China,31.4269,121.4214,139328
Hābra,Habra,India,22.842,88.6561,139297
Sidoarjo,Sidoarjo,Indonesia,-7.4478,112.7183,139189
Kyivskyi,Kyivskyi,Ukraine,48.0465,37.7757,139177
Şabāḩ as Sālim,Sabah as Salim,Kuwait,29.2572,48.0572,139163
Balneário Camboriú,Balneario Camboriu,Brazil,-26.9906,-48.6347,139155
Plaza de la Revolución,Plaza de la Revolucion,Cuba,23.1194,-82.392,139135
Lausanne,Lausanne,Switzerland,46.516,6.6328,139111
Choloma,Choloma,Honduras,15.6144,-87.953,139100
Barcarena,Barcarena,Brazil,-1.5058,-48.6258,139076
Kairouan,Kairouan,Tunisia,35.6781,10.0963,139070
Stockport,Stockport,United Kingdom,53.4098,-2.1576,139052
Budapest XI. kerület,Budapest XI. keruelet,Hungary,47.476,19.036,139049
Huadian,Huadian,China,42.9721,126.7411,139047
Crato,Crato,Brazil,-7.2342,-39.4094,139027
Kousséri,Kousseri,Cameroon,12.0769,15.0306,139024
Weru,Weru,Indonesia,-6.711,108.5037,139004
Al-'Ubūr,Al-'Ubur,Egypt,30.2289,31.4815,138987
Kolpino,Kolpino,Russia,59.7507,30.5886,138979
Itapipoca,Itapipoca,Brazil,-3.4944,-39.5786,138978
Conselheiro Lafaiete,Conselheiro Lafaiete,Brazil,-20.6603,-43.7861,138946
Belgrano,Belgrano,Argentina,-34.5627,-58.4583,138942
Sarh,Sarh,Chad,9.1456,18.3833,138928
Gingoog,Gingoog,Philippines,8.8278,125.0997,138895
San Juan del Río,San Juan del Rio,Mexico,20.389,-99.9964,138878
Sekondi-Takoradi,Sekondi-Takoradi,Ghana,4.9268,-1.7577,138872
Liuzhi,Liuzhi,China,26.2342,105.426,138826
Altamira,Altamira,Brazil,-3.2033,-52.2064,138749
Naga,Naga,Philippines,10.209,123.758,138727
Fuyu,Fuyu,China,45.1833,124.8167,138704
Wūdān,Wudan,China,42.9344,119.0239,138695
Vespasiano,Vespasiano,Brazil,-19.6919,-43.9233,138583
Whitby,Whitby,Canada,43.8834,-78.9329,138501
Metairie,Metairie,United States,29.9841,-90.1529,138481
Chaohu,Chaohu,China,31.6,117.8667,138463
Kolār,Kolar,India,13.1377,78.13,138462
Bizerte,Bizerte,Tunisia,37.2744,9.8739,138430
Táriba,Tariba,Venezuela,7.8212,-72.2233,138402
Ejigbo,Ejigbo,Nigeria,7.903,4.3136,138357
Santa Cruz do Sul,Santa Cruz do Sul,Brazil,-29.7175,-52.4258,138270
Ksar El Kebir,Ksar El Kebir,Morocco,35.0004,-5.9038,138262
Paris 11 Popincourt,Paris 11 Popincourt,France,48.8574,2.3795,138170
Dabou,Dabou,Ivory Coast,5.3256,-4.3769,138083
Bukit Panjang New Town,Bukit Panjang New Town,Singapore,1.3797,103.7647,138050
Sao Lucas,Sao Lucas,Brazil,-23.5947,-46.5436,138038
Paris 12 Reuilly,Paris 12 Reuilly,France,48.8412,2.3876,138024
Bertoua,Bertoua,Cameroon,4.5773,13.6846,137993
Jacmel,Jacmel,Haiti,18.2357,-72.5369,137966
Srikakulam,Srikakulam,India,18.2989,83.8975,137944
Candelaria,Candelaria,Philippines,13.9311,121.4233,137933
Araruama,Araruama,Brazil,-22.8728,-42.3431,137906
Vĩnh Long,Vinh Long,Vietnam,10.2537,105.9722,137870
Praia,Praia,Cabo Verde,14.9315,-23.5125,137868
Resende,Resende,Brazil,-22.4689,-44.4467,137697
Liangping,Liangping,China,30.6611,107.7661,137620
Kirdāsah,Kirdasah,Egypt,30.031,31.1111,137588
Ponce,Ponce,Puerto Rico,18.0103,-66.624,137491
Doilungdêqên,Doilungdeqen,China,29.655,90.9918,137451
Jieshi,Jieshi,China,22.8103,115.8306,137444
Hejiang,Hejiang,China,28.8116,105.8336,137437
Pasir Puteh,Pasir Puteh,Malaysia,5.8333,102.4,137400
Mandya,Mandya,India,12.5223,76.8975,137358
Xiayang,Xiayang,China,31.1497,121.1159,137321
Nor Nork,Nor Nork,Armenia,40.1966,44.5669,137300
Bhisho,Bhisho,South Africa,-32.8472,27.4422,137287
Freguesia do Ó,Freguesia do O,Brazil,-23.4988,-46.6998,137240
Subang,Subang,Indonesia,-6.57,107.7567,137234
Madhurampur Dehri,Madhurampur Dehri,India,24.969,84.1964,137231
Negombo,Negombo,Sri Lanka,7.2083,79.8358,137223
Irákleion,Irakleion,Greece,35.3279,25.1434,137154
Hampton,Hampton,United States,37.0299,-76.3452,137148
Wuyishan,Wuyishan,China,27.7599,118.0307,137133
Miramar,Miramar,United States,25.9873,-80.2323,137132
Jiashan,Jiashan,China,30.8492,120.9258,137112
Jiagedaqi,Jiagedaqi,China,50.4167,124.1167,137105
Bilqās,Bilqas,Egypt,31.2145,31.358,137080
Rangkasbitung,Rangkasbitung,Indonesia,-6.3591,106.2494,137041
Odintsovo,Odintsovo,Russia,55.6698,37.2772,137041
Foggia,Foggia,Italy,41.4584,15.5519,137032
Antsiranana,Antsiranana,Madagascar,-12.3173,49.2919,136959
Kānchrāpāra,Kanchrapara,India,22.96,88.4285,136954
San Juan Sacatepéquez,San Juan Sacatepequez,Guatemala,14.7189,-90.6442,136886
Minoh,Minoh,Japan,34.8269,135.4706,136868
Funtua,Funtua,Nigeria,11.5235,7.3117,136811
St. Catharines,St. Catharines,Canada,43.1713,-79.2427,136803
Dawei,Dawei,Myanmar,14.0823,98.1915,136783
Igboho,Igboho,Nigeria,8.8378,3.7563,136764
Gunungsitoli,Gunungsitoli,Indonesia,1.2888,97.6143,136707
Apeldoorn,Apeldoorn,The Netherlands,52.21,5.9694,136670
Cidade Lider,Cidade Lider,Brazil,-23.562,-46.4913,136660
Marīvān,Marivan,Iran,35.5183,46.183,136654
Phủ Lý,Phu Ly,Vietnam,20.5453,105.9122,136654
Divo,Divo,Ivory Coast,5.8374,-5.3572,136627
Huinong,Huinong,China,39.2333,106.7694,136570
Ebina,Ebina,Japan,35.3812,139.3965,136516
Larache,Larache,Morocco,35.1932,-6.1557,136505
Varginha,Varginha,Brazil,-21.5514,-45.4303,136467
Paris 14 Observatoire,Paris 14 Observatoire,France,48.8331,2.3264,136455
Van Nuys,Van Nuys,United States,34.1867,-118.449,136443
Būsh,Bush,Egypt,29.1482,31.1273,136441
Mlolongo,Mlolongo,Kenya,-1.3964,36.9403,136351
Guarapari,Guarapari,Brazil,-20.6718,-40.502,136311
Tương Mai,Tuong Mai,Vietnam,20.9888,105.8552,136292
San José del Cabo,San Jose del Cabo,Mexico,23.0541,-109.7037,136285
West Valley City,West Valley City,United States,40.6916,-112.0011,136208
Kisarazu,Kisarazu,Japan,35.3833,139.9325,136166
Gejiu,Gejiu,China,23.3608,103.1537,136135
Bacău,Bacau,Romania,46.5672,26.9138,136087
Saaba,Saaba,Burkina Faso,12.3714,-1.4147,136011
Mingaladon,Mingaladon,Myanmar,16.9241,96.0977,136000
Dimāpur,Dimapur,India,25.9117,93.7217,135860
Sasolburg,Sasolburg,South Africa,-26.8136,27.8169,135828
Cheras,Cheras,Malaysia,3.108,101.726,135823
Tasek Glugor,Tasek Glugor,Malaysia,5.4803,100.4985,135786
Osorno,Osorno,Chile,-40.574,-73.1335,135773
Amsterdam-Oost,Amsterdam-Oost,The Netherlands,52.3521,4.9335,135767
Araras,Araras,Brazil,-22.3569,-47.3842,135744
Tumxuk,Tumxuk,China,39.8698,79.0612,135727
Kushtia,Kushtia,Bangladesh,23.9028,89.1194,135724
Pitalito,Pitalito,Colombia,1.8537,-76.0507,135711
Baliuag,Baliuag,Philippines,14.9547,120.8969,135679
Hoàn Kiếm,Hoan Kiem,Vietnam,21.0286,105.8506,135618
Kajansi,Kajansi,Uganda,0.2155,32.5345,135600
Isahaya,Isahaya,Japan,32.8411,130.0431,135546
Dayton,Dayton,United States,39.7589,-84.1916,135512
Cẩm Phả Mines,Cam Pha Mines,Vietnam,21.0167,107.3,135477
Petapa,Petapa,Guatemala,14.5019,-90.562,135447
Māler Kotla,Maler Kotla,India,30.5309,75.8795,135424
Buguma,Buguma,Nigeria,4.7361,6.8624,135404
Itaituba,Itaituba,Brazil,-4.2761,-55.9836,135369
Ahuntsic-Cartierville,Ahuntsic-Cartierville,Canada,45.5667,-73.6667,135336
Shiqiao,Shiqiao,China,22.9464,113.3577,135308
Pyay,Pyay,Myanmar,18.82,95.2156,135308
Rabak,Rabak,Sudan,13.1809,32.74,135281
Tây Ninh,Tay Ninh,Vietnam,11.31,106.0983,135254
Le Vieux-Longueuil,Le Vieux-Longueuil,Canada,45.5372,-73.5077,135218
Tyre,Tyre,Lebanon,33.2733,35.1939,135204
Kutaisi,Kutaisi,Georgia,42.2679,42.6946,135201
Andīmeshk,Andimeshk,Iran,32.4615,48.3537,135116
Siwān,Siwan,India,26.221,84.3561,135066
Madrid,Madrid,Colombia,4.7325,-74.2642,135000
Angono,Angono,Philippines,14.5266,121.1536,134975
Cartago,Cartago,Colombia,4.7454,-75.9125,134972
Shahreẕā,Shahreza,Iran,32.0088,51.8641,134952
Hinthada,Hinthada,Myanmar,17.6494,95.457,134947
Apucarana,Apucarana,Brazil,-23.5508,-51.4608,134910
Cap-Haïtien,Cap-Haitien,Haiti,19.7594,-72.1981,134815
Baturaja,Baturaja,Indonesia,-4.1289,104.1669,134759
Inazawa,Inazawa,Japan,35.25,136.7833,134751
Rodriguez,Rodriguez,Philippines,14.7601,121.1999,134432
Kalol,Kalol,India,23.2466,72.4951,134426
Mīāndoāb,Miandoab,Iran,36.9667,46.1096,134425
São Mateus,Sao Mateus,Brazil,-18.7201,-39.8589,134423
Laghouat,Laghouat,Algeria,33.8,2.8651,134372
Nevinnomyssk,Nevinnomyssk,Russia,44.6333,41.9444,134345
San Mateo,San Mateo,Philippines,14.6982,121.1236,134327
Ţahţā,Tahta,Egypt,26.7687,31.502,134314
San Juan,San Juan,Philippines,14.6,121.0333,134312
Sibiu,Sibiu,Romania,45.8,24.15,134309
Olathe,Olathe,United States,38.8814,-94.8191,134305
El Geneina Fort,El Geneina Fort,Sudan,13.4748,22.4574,134264
Ikirun,Ikirun,Nigeria,7.9128,4.6674,134240
Shenglilu,Shenglilu,China,29.3505,105.8775,134218
San Nicolás de los Arroyos,San Nicolas de los Arroyos,Argentina,-33.3342,-60.2108,134217
Léogâne,Leogane,Haiti,18.5111,-72.6334,134190
Vila Jacui,Vila Jacui,Brazil,-23.5026,-46.4616,134189
Adiwerna,Adiwerna,Indonesia,-6.9375,109.1325,134188
Cametá,Cameta,Brazil,-2.2444,-49.4958,134184
Al Qurnah,Al Qurnah,Iraq,31.0155,47.4336,134174
Abakaliki,Abakaliki,Nigeria,6.3248,8.1137,134102
Vitória de Santo Antão,Vitoria de Santo Antao,Brazil,-8.1181,-35.2914,134084
Marianao,Marianao,Cuba,23.0739,-82.4297,134057
Warren,Warren,United States,42.4904,-83.013,134056
Cizre,Cizre,Turkey,37.3302,42.1848,134041
Circoiscrizione VIII,Circoiscrizione VIII,Italy,45.0379,7.6717,134028
Bānkura,Bankura,India,23.2324,87.0716,133966
İnegol,Inegol,Turkey,40.0781,29.5133,133959
Ebetsu,Ebetsu,Japan,43.1081,141.5506,133953
Anyama,Anyama,Ivory Coast,5.4946,-4.0518,133905
Jiawang,Jiawang,China,34.4328,117.4419,133861
Singaraja,Singaraja,Indonesia,-8.112,115.0882,133784
Pātan,Patan,India,23.8507,72.1296,133737
Würzburg,Wuerzburg,Germany,49.7939,9.9512,133731
Barysaw,Barysaw,Belarus,54.2279,28.505,133700
Đồng Hới,GJong Hoi,Vietnam,17.4688,106.6223,133672
Randfontein,Randfontein,South Africa,-26.1844,27.702,133654
Pervouralsk,Pervouralsk,Russia,56.9053,59.9436,133600
Gondā City,Gonda City,India,27.1318,81.9533,133583
Madīnat Ḩamad,Madinat Hamad,Bahrain,26.1153,50.5069,133550
Ōme,Ome,Japan,35.7839,139.2431,133535
Sinnūris,Sinnuris,Egypt,29.4135,30.8658,133532
Votorantim,Votorantim,Brazil,-23.5467,-47.4378,133510
Milagro,Milagro,Ecuador,-2.134,-79.5934,133508
Jaú,Jau,Brazil,-22.2964,-48.5578,133497
Thandwe,Thandwe,Myanmar,18.4654,94.3656,133484
Thornton,Thornton,United States,39.868,-104.9719,133451
Valdivia,Valdivia,Chile,-39.8142,-73.2459,133419
Olmaliq,Olmaliq,Uzbekistan,40.8447,69.5983,133400
Okrika,Okrika,Nigeria,4.7421,7.0837,133271
High Wycombe,High Wycombe,United Kingdom,51.6291,-0.7493,133204
Carrollton,Carrollton,United States,32.9537,-96.8903,133168
Talisay,Talisay,Philippines,10.2447,123.8494,133148
Gao,Gao,Mali,16.2717,-0.0447,133110
Dhaulpur,Dhaulpur,India,26.6929,77.8797,133075
Tarime,Tarime,Tanzania,-1.35,34.3667,133043
Kentron,Kentron,Armenia,40.1781,44.513,133000
Milton,Milton,Canada,43.5168,-79.8829,132979
M'Sila,M'Sila,Algeria,35.7089,4.5372,132975
Narita,Narita,Japan,35.7833,140.3167,132906
Franceville,Franceville,Gabon,-1.6333,13.5836,132895
Puqi,Puqi,China,29.7167,113.8833,132891
Tondabayashichō,Tondabayashicho,Japan,34.5007,135.6021,132873
Sandachō,Sandacho,Japan,34.8844,135.2269,132858
Gondiā,Gondia,India,21.4603,80.192,132813
Dunedin,Dunedin,New Zealand,-45.8742,170.5036,132800
Kislovodsk,Kislovodsk,Russia,43.9133,42.7208,132771
Kyauktan,Kyauktan,Myanmar,16.6374,96.3251,132765
Schaerbeek,Schaerbeek,Belgium,50.8693,4.3774,132761
Hoofddorp,Hoofddorp,The Netherlands,52.3025,4.6889,132734
Machiques,Machiques,Venezuela,10.0608,-72.5521,132734
Palakkad,Palakkad,India,10.7732,76.6537,132728
Silifke,Silifke,Turkey,36.3778,33.9344,132665
Charleston,Charleston,United States,32.7763,-79.9327,132609
Langley,Langley,Canada,49.1011,-122.6588,132603
Midland,Midland,United States,31.9974,-102.0779,132524
Fujinomiya,Fujinomiya,Japan,35.2167,138.6167,132507
Mingala Tangnyunt,Mingala Tangnyunt,Myanmar,16.7886,96.1723,132494
Innsbruck,Innsbruck,Austria,47.2627,11.3945,132493
Bragança,Braganca,Brazil,-1.0536,-46.7656,132489
Kingston,Kingston,Canada,44.2298,-76.481,132485
Wugang,Wugang,China,26.7279,110.632,132457
Gloucester,Gloucester,United Kingdom,51.8657,-2.2431,132416
Waco,Waco,United States,31.5493,-97.1467,132356
Cerro,Cerro,Cuba,23.1079,-82.3836,132351
Zama,Zama,Japan,35.4879,139.391,132325
Manokwari,Manokwari,Indonesia,-0.8629,134.064,132300
Valinhos,Valinhos,Brazil,-22.9706,-46.9958,132258
Dimitrovgrad,Dimitrovgrad,Russia,54.2139,49.6184,132226
Zhalantun,Zhalantun,China,48.0095,122.7365,132224
Bettiah,Bettiah,India,26.8023,84.5031,132209
Maijdi,Maijdi,Bangladesh,22.8667,91.1,132185
São Félix do Xingu,Sao Felix do Xingu,Brazil,-6.6447,-51.995,132138
San Pedro Garza García,San Pedro Garza Garcia,Mexico,25.6616,-100.4034,132128
Sapucaia do Sul,Sapucaia do Sul,Brazil,-29.8178,-51.1455,132107
Kombolcha,Kombolcha,Ethiopia,11.0816,39.7434,132100
Muricay,Muricay,Philippines,7.8275,123.4782,132094
Sterling Heights,Sterling Heights,United States,42.5803,-83.0302,132052
Surat Thani,Surat Thani,Thailand,9.1401,99.3331,132040
Fürth,Fuerth,Germany,49.4759,10.9886,132036
Ferrara,Ferrara,Italy,44.838,11.6206,132009
Quận Đức Thịnh,Quan GJuc Thinh,Vietnam,10.3099,105.7386,132000
Isidro Casanova,Isidro Casanova,Argentina,-34.7,-58.5874,131981
Ōmuta,Omuta,Japan,33.0333,130.45,131974
Villa Mercedes,Villa Mercedes,Chile,-37.4042,-71.9795,131936
Fuji,Fuji,China,29.1482,105.3739,131927
Palwal,Palwal,India,28.1447,77.3255,131926
Bielany,Bielany,Poland,52.2924,20.9353,131910
Dawukou,Dawukou,China,39.0419,106.3958,131880
Bulaon,Bulaon,Philippines,15.0826,120.6629,131818
Garut,Garut,Indonesia,-7.245,107.921,131809
Ajdabiya,Ajdabiya,Libya,30.7554,20.2263,131773
Abiko,Abiko,Japan,35.8667,140.0167,131771
Kadoma,Kadoma,Japan,34.7381,135.5744,131727
Majie,Majie,China,25.0319,102.638,131696
Bhakkar,Bhakkar,Pakistan,31.6269,71.0647,131658
Rio Pequeno,Rio Pequeno,Brazil,-23.5714,-46.7589,131631
Kāshmar,Kashmar,Iran,35.2383,58.4656,131517
Jijel,Jijel,Algeria,36.821,5.7635,131513
Martapura,Martapura,Indonesia,-3.4109,114.8642,131449
Villeurbanne,Villeurbanne,France,45.766,4.8795,131445
Hải Châu,Hai Chau,Vietnam,15.9167,108.1333,131427
Limbe,Limbe,Cameroon,4.0236,9.2061,131381
Rānīganj,Raniganj,India,23.6164,87.1306,131261
Hepo,Hepo,China,23.4308,115.8299,131238
Iranshahr,Iranshahr,Iran,27.2024,60.6848,131232
Soubré,Soubre,Ivory Coast,5.7838,-6.5939,131181
Onomichi,Onomichi,Japan,34.4167,133.2,131170
Denton,Denton,United States,33.2148,-97.1331,131044
Etah,Etah,India,27.5588,78.6569,131023
Pīlibhīt,Pilibhit,India,28.6312,79.8044,131008
Shangzhi,Shangzhi,China,45.2056,128.0024,131006
Lashio,Lashio,Myanmar,22.9359,97.7498,131000
Rayon KhTZ,Rayon KhTZ,Ukraine,49.9435,36.3696,131000
Novomoskovsk,Novomoskovsk,Russia,54.011,38.2908,130982
Matsubara,Matsubara,Japan,34.5667,135.55,130855
Abengourou,Abengourou,Ivory Coast,6.7297,-3.4964,130810
Al Bāb,Al Bab,Syria,36.3705,37.5157,130745
Shuangcheng,Shuangcheng,China,45.3798,126.3071,130710
Exeter,Exeter,United Kingdom,50.7236,-3.5275,130709
Circoiscrizione III,Circoiscrizione III,Italy,45.0628,7.6307,130709
Ho,Ho,Ghana,6.6008,0.4713,130701
Narowal,Narowal,Pakistan,32.102,74.873,130692
Lào Cai,Lao Cai,Vietnam,22.4856,103.9707,130671
Al Ajaylat,Al Ajaylat,Libya,32.7572,12.3763,130546
Udon Thani,Udon Thani,Thailand,17.4157,102.7859,130531
Baḥarkah,Baharkah,Iraq,36.3156,44.0353,130518
Bayan Lepas,Bayan Lepas,Malaysia,5.2999,100.2605,130455
Petrogradka,Petrogradka,Russia,59.9657,30.3115,130455
Rajapalayam,Rajapalayam,India,9.453,77.5533,130442
Zipaquirá,Zipaquira,Colombia,5.0221,-74.0048,130432
Jīroft,Jiroft,Iran,28.6781,57.7406,130429
Cedar Rapids,Cedar Rapids,United States,42.0083,-91.6441,130405
Dongyang,Dongyang,China,29.2678,120.2253,130387
Nantou,Nantou,China,22.7217,113.2926,130370
Botad,Botad,India,22.1692,71.6667,130327
Nablus,Nablus,Palestinian Territory,32.2211,35.2544,130326
New Haven,New Haven,United States,41.3081,-72.9282,130322
Arcahaie,Arcahaie,Haiti,18.7702,-72.5123,130306
Jiazi,Jiazi,China,22.8793,116.0732,130298
Foumban,Foumban,Cameroon,5.7266,10.8986,130287
Roseville,Roseville,United States,38.7521,-121.288,130269
Quilpué,Quilpue,Chile,-33.0475,-71.4425,130263
Rawson,Rawson,Argentina,-31.5819,-68.5421,130258
Sīdī Ḥusayn,Sidi Husayn,Tunisia,36.7558,10.1183,130255
Kati,Kati,Mali,12.7441,-8.0726,130254
Seri Kembangan,Seri Kembangan,Malaysia,3.0333,101.7167,130252
Kembangan,Kembangan,Singapore,1.3223,103.9113,130252
Colchester,Colchester,United Kingdom,51.8892,0.9042,130245
Umeå,Umea,Sweden,63.8284,20.2597,130224
Din Daeng,Din Daeng,Thailand,13.7904,100.5701,130220
Chaman,Chaman,Pakistan,30.9177,66.4526,130139
Sennar,Sennar,Sudan,13.5691,33.5672,130122
Masaya,Masaya,Nicaragua,11.9732,-86.0959,130113
Visalia,Visalia,United States,36.3302,-119.2921,130104
Nankana Sahib,Nankana Sahib,Pakistan,31.4501,73.7065,130041
Caála,Caala,Angola,-12.8525,15.5606,130000
Sonārgaon,Sonargaon,Bangladesh,23.65,90.6167,130000
Dongxing,Dongxing,China,21.55,107.9667,130000
Tottenham,Tottenham,United Kingdom,51.6037,-0.0679,130000
Zugló,Zuglo,Hungary,47.5176,19.1055,130000
Aley,Aley,Lebanon,33.8053,35.6,130000
San Martin,San Martin,Peru,-5.1859,-80.6693,130000
Tychy,Tychy,Poland,50.1372,18.9664,130000
Ramenki,Ramenki,Russia,55.7,37.5,130000
Cambridge,Cambridge,Canada,43.3601,-80.3127,129920
Mardin,Mardin,Turkey,37.3131,40.7436,129864
Pingxiang,Pingxiang,China,22.0969,106.7567,129843
Zwolle,Zwolle,The Netherlands,52.5125,6.0944,129840
Baidoa,Baidoa,Somalia,3.1138,43.6498,129839
Sầm Sơn,Sam Son,Vietnam,19.7333,105.9,129801
Santo António,Santo Antonio,China,22.2021,113.5439,129800
Salford,Salford,United Kingdom,53.4877,-2.2904,129794
Mandi Bahauddin,Mandi Bahauddin,Pakistan,32.587,73.4912,129733
Tokat,Tokat,Turkey,40.3139,36.5544,129702
Erebuni,Erebuni,Armenia,40.1331,44.5301,129700
Ô Môn,O Mon,Vietnam,10.1097,105.6232,129683
Gapan,Gapan,Philippines,15.3072,120.9464,129610
Deoria,Deoria,India,26.5017,83.7794,129570
Bayambang,Bayambang,Philippines,15.8127,120.4557,129506
Mianwali,Mianwali,Pakistan,32.5776,71.5285,129500
Coral Springs,Coral Springs,United States,26.2712,-80.2706,129485
Sherbrooke,Sherbrooke,Canada,45.4001,-71.8991,129447
Al Bayḑā’,Al Bayda',Libya,32.7627,21.7551,129439
Jardim Helena,Jardim Helena,Brazil,-23.4837,-46.4131,129409
Sabará,Sabara,Brazil,-19.8864,-43.8067,129380
Acilia-Castel Fusano-Ostia Antica,Acilia-Castel Fusano-Ostia Antica,Italy,41.7634,12.3308,129362
Charlottenburg,Charlottenburg,Germany,52.5167,13.2833,129359
Thousand Oaks,Thousand Oaks,United States,34.1706,-118.8376,129339
Columbia,Columbia,United States,38.9517,-92.3341,129330
Colatina,Colatina,Brazil,-19.5394,-40.6306,129301
Győr,Gyor,Hungary,47.6833,17.6351,129301
Copiapó,Copiapo,Chile,-27.3674,-70.3322,129280
Kokubunji,Kokubunji,Japan,35.7022,139.4756,129242
Quibdó,Quibdo,Colombia,5.6919,-76.6583,129237
Guelmim,Guelmim,Morocco,28.987,-10.0574,129200
Charallave,Charallave,Venezuela,10.2425,-66.8572,129182
Shahr-e Kord,Shahr-e Kord,Iran,32.3261,50.8572,129153
Malambo,Malambo,Colombia,10.8595,-74.7739,129148
Tatuí,Tatui,Brazil,-23.3556,-47.8569,129130
Iwakuni,Iwakuni,Japan,34.163,132.22,129125
Leiyang,Leiyang,China,26.4024,112.8591,129116
Białołeka,Bialoleka,Poland,52.3213,20.972,129106
Cadiz,Cadiz,Philippines,10.9465,123.288,129053
Carnot,Carnot,Central African Republic,4.9427,15.8773,129032
Bat Yam,Bat Yam,Israel,32.0238,34.7518,129012
Zacatecas,Zacatecas,Mexico,22.7684,-102.5814,129011
Elizabeth,Elizabeth,United States,40.664,-74.2107,129007
Zyablikovo,Zyablikovo,Russia,55.6167,37.7667,129000
Daur,Daur,Pakistan,26.4553,68.3183,128958
Bingöl,Bingoel,Turkey,38.8847,40.4939,128935
Copacabana,Copacabana,Brazil,-22.969,-43.1856,128919
Sātkhira,Satkhira,Bangladesh,22.7082,89.0718,128918
Parung,Parung,Indonesia,-6.4214,106.7331,128905
Palo Negro,Palo Negro,Venezuela,10.1739,-67.5419,128875
Stamford,Stamford,United States,41.0534,-73.5387,128874
Idlib,Idlib,Syria,35.9306,36.6339,128840
Moanda,Moanda,Democratic Republic of the Congo,-5.9275,12.3715,128804
Sīnah,Sinah,Iraq,36.8085,43.0393,128776
Ōsaki,Osaki,Japan,38.5887,140.973,128763
Magelang,Magelang,Indonesia,-7.4706,110.2178,128709
Concord,Concord,United States,37.978,-122.0311,128667
Leiria,Leiria,Portugal,39.7436,-8.8071,128640
Puno,Puno,Peru,-15.84,-70.022,128637
Kamyshin,Kamyshin,Russia,50.0885,45.4128,128626
Shuanglonghu,Shuanglonghu,China,29.7162,106.6068,128563
Nimach,Nimach,India,24.4595,74.8662,128561
Kafr ad Dawwār,Kafr ad Dawwar,Egypt,31.1338,30.1297,128539
Águas Claras,Aguas Claras,Brazil,-15.8397,-48.0267,128486
Bosque Saúde,Bosque Saude,Brazil,-23.6093,-46.623,128469
Novocheboksarsk,Novocheboksarsk,Russia,56.111,47.4776,128468
Besançon,Besancon,France,47.2488,6.0182,128426
Lugazi,Lugazi,Uganda,0.3679,32.9376,128400
Thành phố Sông Công,Thanh pho Song Cong,Vietnam,21.4772,105.8414,128357
Rosario,Rosario,Philippines,13.6323,121.2207,128352
Khardah,Khardah,India,22.7186,88.3781,128346
Sakakah,Sakakah,Saudi Arabia,29.9697,40.2064,128332
Khenifra,Khenifra,Morocco,32.9349,-5.6617,128318
Al Manāqil,Al Manaqil,Sudan,14.2459,32.9891,128297
Rustavi,Rustavi,Georgia,41.5627,44.9787,128249
Jose Bonifacio,Jose Bonifacio,Brazil,-23.5674,-46.4326,128243
Manzanillo,Manzanillo,Cuba,20.3424,-77.1193,128188
Yavatmāl,Yavatmal,India,20.3932,78.132,128175
Hālīsahar,Halisahar,India,22.9322,88.4186,128172
Serpukhov,Serpukhov,Russia,54.9198,37.4162,128158
Rionegro,Rionegro,Colombia,6.1551,-75.3737,128153
Shache,Shache,China,38.4167,77.2406,128145
Siheungdong,Siheungdong,South Korea,37.4518,126.9108,128142
Khanna,Khanna,India,30.7055,76.222,128137
Koidu,Koidu,Sierra Leone,8.6439,-10.9714,128030
Norman,Norman,United States,35.2226,-97.4395,128026
Mosquera,Mosquera,Colombia,4.7059,-74.2302,128012
Orekhovo-Borisovo Severnoye,Orekhovo-Borisovo Severnoye,Russia,55.6167,37.6833,128000
Ivanovskoye,Ivanovskoye,Russia,55.7667,37.8333,128000
Bento Gonçalves,Bento Goncalves,Brazil,-29.1714,-51.5192,127977
Buôn Hồ,Buon Ho,Vietnam,12.9523,108.2962,127920
Chũ,Chu,Vietnam,21.3738,106.5665,127881
Västerås,Vaesteras,Sweden,59.6162,16.5528,127799
Seto,Seto,Japan,35.2333,137.1,127792
Alhambra,Alhambra,United States,33.4984,-112.1343,127764
Titāgarh,Titagarh,India,22.7425,88.3733,127751
Newcastle under Lyme,Newcastle under Lyme,United Kingdom,53.0,-2.2333,127727
Opole,Opole,Poland,50.6712,17.926,127676
Worcester,Worcester,South Africa,-33.6465,19.4485,127597
Elbląg,Elblag,Poland,54.1522,19.4088,127558
Gaojing,Gaojing,China,31.3223,121.4751,127512
Sirajganj,Sirajganj,Bangladesh,24.4577,89.708,127481
Jequié,Jequie,Brazil,-13.8588,-40.0851,127475
Płock,Plock,Poland,52.5468,19.7064,127474
Siguatepeque,Siguatepeque,Honduras,14.5969,-87.831,127468
Wałbrzych,Walbrzych,Poland,50.7714,16.2843,127431
Yevlakh,Yevlakh,Azerbaijan,40.6183,47.1501,127400
Mykilska Borshchahivka,Mykilska Borshchahivka,Ukraine,50.4264,30.3744,127400
Al Manzalah,Al Manzalah,Egypt,31.1582,31.936,127394
Wau,Wau,South Sudan,7.7011,27.9897,127384
Songnan,Songnan,China,31.3504,121.4822,127347
Södermalm,Soedermalm,Sweden,59.3128,18.0758,127323
Athens,Athens,United States,33.9609,-83.3779,127315
Amaigbo,Amaigbo,Nigeria,5.7892,7.8383,127300
Vila Mariana,Vila Mariana,Brazil,-23.5883,-46.6346,127286
Chiang Mai,Chiang Mai,Thailand,18.7904,98.9847,127240
Lafia,Lafia,Nigeria,8.4939,8.5153,127236
Jiangyou,Jiangyou,China,31.7667,104.7167,127225
Cikampek,Cikampek,Indonesia,-6.4197,107.4558,127173
Mustafābād,Mustafabad,India,28.7197,77.2678,127167
Tengyue,Tengyue,China,24.9949,98.5128,127133
Shajing,Shajing,China,22.7463,113.819,127089
Jinfeng,Jinfeng,China,28.2385,116.6005,127076
Sancti Spíritus,Sancti Spiritus,Cuba,21.9343,-79.4398,127069
Mataró,Mataro,Spain,41.5421,2.4445,126988
Barretos,Barretos,Brazil,-20.5572,-48.5678,126957
Kent,Kent,United States,47.3809,-122.2348,126952
Pakokku,Pakokku,Myanmar,21.3349,95.0844,126938
Murom,Murom,Russia,55.5685,42.0239,126931
Daska Kalan,Daska Kalan,Pakistan,32.3242,74.3504,126924
Sertãozinho,Sertaozinho,Brazil,-21.1378,-47.9903,126887
Hāthras,Hathras,India,27.5955,78.052,126882
Pulong Santa Cruz,Pulong Santa Cruz,Philippines,14.2732,121.0764,126844
Klaten,Klaten,Indonesia,-7.7058,110.6064,126831
Khasavyurt,Khasavyurt,Russia,43.2487,46.5857,126829
Neftekamsk,Neftekamsk,Russia,56.0888,54.2638,126805
Villaverde,Villaverde,Spain,40.35,-3.7,126802
Simi Valley,Simi Valley,United States,34.2694,-118.7815,126788
Bayawan,Bayawan,Philippines,9.3649,122.804,126744
Shakargarh,Shakargarh,Pakistan,32.2636,75.1601,126742
Jorhat,Jorhat,India,26.7575,94.2031,126736
Santa Cruz,Santa Cruz,Philippines,14.6,120.9833,126735
La Victoria,La Victoria,Venezuela,10.2268,-67.3312,126721
Pakpattan,Pakpattan,Pakistan,30.3431,73.3894,126706
Jingzhi,Jingzhi,China,36.31,119.3875,126703
Danshui,Danshui,China,22.7984,114.4672,126701
Circoiscrizione V,Circoiscrizione V,Italy,45.1015,7.6554,126666
Solihull,Solihull,United Kingdom,52.4143,-1.7809,126577
East Los Angeles,East Los Angeles,United States,34.0239,-118.172,126496
Lalitpur,Lalitpur,India,24.6901,78.4192,126475
Jombang,Jombang,Indonesia,-7.546,112.2331,126465
Maxixe,Maxixe,Mozambique,-23.8597,35.3472,126408
Nakhon Ratchasima,Nakhon Ratchasima,Thailand,14.9707,102.102,126391
Chinandega,Chinandega,Nicaragua,12.6295,-87.1313,126387
Al Jadīd,Al Jadid,Libya,27.05,14.4,126386
Lambaré,Lambare,Paraguay,-25.3468,-57.6065,126377
Iizuka,Iizuka,Japan,33.6365,130.6868,126364
Hua Hin,Hua Hin,Thailand,12.5707,99.9588,126355
San Carlos del Zulia,San Carlos del Zulia,Venezuela,9.001,-71.9268,126353
Vilkhivskyi,Vilkhivskyi,Ukraine,48.5433,39.282,126340
Rafaḩ,Rafah,Palestinian Territory,31.2972,34.2436,126305
Ampang,Ampang,Malaysia,3.15,101.7667,126285
Guntakal,Guntakal,India,15.1711,77.3624,126270
Ālā'ĕr,Ala'er,China,40.5418,81.2657,126259
Santa Clara,Santa Clara,United States,37.3541,-121.9552,126215
Pithampur,Pithampur,India,22.602,75.6965,126200
Paseh,Paseh,Indonesia,-7.068,107.794,126181
Mothīhāri,Mothihari,India,26.6486,84.9166,126158
Koganei,Koganei,Japan,35.7001,139.5111,126074
Retiro,Retiro,Spain,40.4132,-3.6831,126058
Nossa Senhora de Fátima,Nossa Senhora de Fatima,China,22.2077,113.5483,126000
Sunset Park,Sunset Park,United States,40.6455,-74.0124,126000
Topeka,Topeka,United States,39.0483,-95.678,125963
Orléans,Orleans,Canada,45.4573,-75.5043,125937
Paek'ak,Paek'ak,North Korea,39.4627,125.6059,125924
Huicheng,Huicheng,China,23.0385,116.2899,125919
Puerto Ayacucho,Puerto Ayacucho,Venezuela,5.6605,-67.5834,125840
Gashua,Gashua,Nigeria,12.874,11.0406,125817
Les Cayes,Les Cayes,Haiti,18.192,-73.7495,125799
Salerno,Salerno,Italy,40.6754,14.7933,125797
Savannakhet,Savannakhet,Laos,16.5703,104.7622,125760
Munūf,Munuf,Egypt,30.466,30.932,125707
Watford,Watford,United Kingdom,51.6553,-0.396,125707
Guará,Guara,Brazil,-15.8098,-47.972,125703
Giresun,Giresun,Turkey,40.917,38.3874,125682
Xiazhen,Xiazhen,China,34.8022,117.1117,125667
Chaeryŏng-ni,Chaeryong-ni,North Korea,38.7358,125.2308,125631
Kastamonu,Kastamonu,Turkey,41.3781,33.7753,125622
Kanhangad,Kanhangad,India,12.3081,75.1063,125564
‘Ajlūn,'Ajlun,Jordan,32.3333,35.7528,125557
Derince,Derince,Turkey,40.7569,29.8147,125485
Sukawati,Sukawati,Indonesia,-8.4913,115.0459,125470
Jagdalpur,Jagdalpur,India,19.0814,82.0213,125463
Kuopio,Kuopio,Finland,62.8924,27.677,125462
Bang Sue,Bang Sue,Thailand,13.8109,100.5306,125440
Mailsi,Mailsi,Pakistan,29.8012,72.174,125431
Los Ángeles,Los Angeles,Chile,-37.4697,-72.3537,125430
Haimen,Haimen,China,23.1935,116.6122,125427
Karabük,Karabuek,Turkey,41.2049,32.6277,125403
Ntuzuma,Ntuzuma,South Africa,-29.739,30.949,125394
Tsuruoka,Tsuruoka,Japan,38.7217,139.8217,125389
Saint Peters,Saint Peters,United Kingdom,51.3667,1.4167,125370
Barbacena,Barbacena,Brazil,-21.2258,-43.7736,125317
Uruma,Uruma,Japan,26.3761,127.8591,125303
Debre Tabor,Debre Tabor,Ethiopia,11.85,38.0167,125300
Sakiet ed Daier,Sakiet ed Daier,Tunisia,34.7944,10.8062,125204
Nzega,Nzega,Tanzania,-4.2167,33.1833,125193
Abilene,Abilene,United States,32.4487,-99.7331,125182
Ban Samae Dam,Ban Samae Dam,Thailand,13.5896,100.3873,125133
Shahecheng,Shahecheng,China,36.9383,114.5058,125132
Kumbo,Kumbo,Cameroon,6.2,10.6667,125124
Ottawa South,Ottawa South,Canada,45.3921,-75.6873,125090
Willemstad,Willemstad,Curacao,12.1225,-68.8864,125000
Bălţi,Balti,Moldova,47.7629,27.9285,125000
Dokri,Dokri,Pakistan,27.3742,68.0971,125000
Tyoply Stan,Tyoply Stan,Russia,55.6205,37.4934,125000
Az Zulfī,Az Zulfi,Saudi Arabia,26.2995,44.8154,125000
Sultan Kudarat,Sultan Kudarat,Philippines,7.2289,124.2578,124965
Bet Shemesh,Bet Shemesh,Israel,31.7307,34.9929,124957
Jagādhri,Jagadhri,India,30.1672,77.3037,124894
Huixquilucan,Huixquilucan,Mexico,19.3599,-99.3502,124846
Arapongas,Arapongas,Brazil,-23.4194,-51.4244,124838
Semnan,Semnan,Iran,35.5769,53.392,124826
León,Leon,Spain,42.6,-5.5703,124772
San Francisco de Macorís,San Francisco de Macoris,Dominican Republic,19.2938,-70.2528,124763
Yushu,Yushu,China,44.8275,126.5406,124736
Yuanlin,Yuanlin,Taiwan,23.9567,120.5761,124725
Santa Tecla,Santa Tecla,El Salvador,13.6774,-89.2833,124694
Sorriso,Sorriso,Brazil,-12.5453,-55.7114,124665
Ciudad Valles,Ciudad Valles,Mexico,21.9963,-99.0109,124644
Ouahigouya,Ouahigouya,Burkina Faso,13.5769,-2.4179,124587
Poblacion,Poblacion,Philippines,14.3787,121.025,124554
Kashihara-shi,Kashihara-shi,Japan,34.509,135.7929,124521
Ashmūn,Ashmun,Egypt,30.2974,30.9764,124483
Ağrı,Agri,Turkey,39.7147,43.0401,124483
Leeuwarden,Leeuwarden,The Netherlands,53.2027,5.8097,124481
Bến Tre,Ben Tre,Vietnam,10.2415,106.3758,124449
Monza,Monza,Italy,45.58,9.2725,124398
New Mirpur City,New Mirpur City,Pakistan,33.1478,73.7519,124352
Chía,Chia,Colombia,4.8588,-74.0587,124309
Olanchito,Olanchito,Honduras,15.4813,-86.5742,124286
Koreatown,Koreatown,United States,34.0578,-118.3009,124281
Targówek,Targowek,Poland,52.2918,21.0484,124279
Lecheng,Lecheng,China,25.128,113.3504,124268
Nancun,Nancun,China,36.5328,120.1339,124210
Marand,Marand,Iran,38.4329,45.7749,124191
As Sinbillāwayn,As Sinbillawayn,Egypt,30.8825,31.4627,124020
Crawley,Crawley,United Kingdom,51.113,-0.1831,124008
Rudnyy,Rudnyy,Kazakhstan,52.9724,63.1106,124000
Magangué,Magangue,Colombia,9.242,-74.7547,123982
Itaguaí,Itaguai,Brazil,-22.8522,-43.7753,123980
Bemowo,Bemowo,Poland,52.2546,20.9084,123932
Metz,Metz,France,49.1191,6.1727,123914
Jiupu,Jiupu,China,41.0667,122.95,123843
Dārjiling,Darjiling,India,27.0333,88.2667,123797
Baoshan,Baoshan,China,46.5747,131.3932,123791
Salvaleón de Higüey,Salvaleon de Higueey,Dominican Republic,18.615,-68.708,123787
Butanta,Butanta,Brazil,-23.5702,-46.7263,123748
Thaton,Thaton,Myanmar,16.9187,97.37,123727
Budapest III. kerület,Budapest III. keruelet,Hungary,47.5416,19.045,123723
Kurichchi,Kurichchi,India,10.9609,76.9738,123667
Lumajang,Lumajang,Indonesia,-8.1335,113.2248,123626
Ise,Ise,Japan,34.4833,136.7,123533
Hagonoy,Hagonoy,Philippines,14.8341,120.7327,123531
Samandağ,Samandag,Turkey,36.0801,35.976,123447
Caraguatatuba,Caraguatatuba,Brazil,-23.6203,-45.4131,123389
Birigui,Birigui,Brazil,-21.2886,-50.34,123340
Pinsk,Pinsk,Belarus,52.1215,26.0673,123283
Telde,Telde,Spain,27.9924,-15.4192,123265
Indramayu,Indramayu,Indonesia,-6.3264,108.32,123263
Relizane,Relizane,Algeria,35.7373,0.556,123255
Bordj el Kiffan,Bordj el Kiffan,Algeria,36.7487,3.1925,123246
Manas,Manas,Kyrgyzstan,40.945,72.9931,123239
Kirishima,Kirishima,Japan,31.7409,130.7629,123205
Orizaba,Orizaba,Mexico,18.8519,-97.0996,123182
Luoyang,Luoyang,China,23.1624,114.2734,123144
Toba Tek Singh,Toba Tek Singh,Pakistan,30.9713,72.4827,123102
Honmachi,Honmachi,Japan,32.5044,130.5995,123067
Wolfsburg,Wolfsburg,Germany,52.4236,10.776,123064
Umuarama,Umuarama,Brazil,-23.7664,-53.325,123059
Niihama,Niihama,Japan,33.9605,133.3052,123059
Jiaohe,Jiaohe,China,43.7213,127.3347,123018
Igarassu,Igarassu,Brazil,-7.8342,-34.9064,123017
Tsaritsyno,Tsaritsyno,Russia,55.6254,37.6503,123000
Dos Hermanas,Dos Hermanas,Spain,37.2829,-5.9209,122943
Ajapnyak,Ajapnyak,Armenia,40.1992,44.4706,122800
Tabuk,Tabuk,Philippines,17.4146,121.4416,122771
Dam Dam,Dam Dam,India,22.6334,88.4229,122719
Hoima,Hoima,Uganda,1.4331,31.3524,122700
Wuda,Wuda,China,39.4994,106.7117,122696
Az Zubayr,Az Zubayr,Iraq,30.3921,47.7017,122676
Schöneberg,Schoeneberg,Germany,52.498,13.3443,122658
Beppu,Beppu,Japan,33.2794,131.4975,122643
Hardoī,Hardoi,India,27.3949,80.1316,122635
Behbahān,Behbahan,Iran,30.5959,50.2417,122604
Itatiba,Itatiba,Brazil,-23.0058,-46.8389,122581
Huangzhou,Huangzhou,China,30.45,114.8,122563
Sheepshead Bay,Sheepshead Bay,United States,40.5912,-73.9446,122534
Puruliya,Puruliya,India,23.3306,86.363,122533
Ubon Ratchathani,Ubon Ratchathani,Thailand,15.2384,104.8487,122533
Virginia,Virginia,South Africa,-28.1039,26.8659,122502
Brits,Brits,South Africa,-25.6347,27.7802,122497
Recklinghausen,Recklinghausen,Germany,51.6138,7.1974,122438
Zhoucun,Zhoucun,China,36.8167,117.8167,122402
Cherkessk,Cherkessk,Russia,44.2238,42.0462,122395
Haveli Lakha,Haveli Lakha,Pakistan,30.451,73.6937,122389
Maastricht,Maastricht,The Netherlands,50.8483,5.6889,122378
Amherst,Amherst,United States,42.9784,-78.7998,122366
Tekirdağ,Tekirdag,Turkey,40.9781,27.511,122287
Shahr-e Ṣadrā,Shahr-e Sadra,Iran,29.7997,52.5022,122226
Victorville,Victorville,United States,34.5361,-117.2912,122225
Burton upon Trent,Burton upon Trent,United Kingdom,52.8073,-1.6426,122199
Calumpit,Calumpit,Philippines,14.9164,120.7658,122187
Lat Phrao,Lat Phrao,Thailand,13.8034,100.607,122182
Livoberezhnyi,Livoberezhnyi,Ukraine,47.1093,37.6431,122175
Göttingen,Goettingen,Germany,51.5344,9.9323,122149
Titiwangsa,Titiwangsa,Malaysia,3.1782,101.7031,122096
Phasi Charoen,Phasi Charoen,Thailand,13.7147,100.4369,122070
Veshnyaki,Veshnyaki,Russia,55.7239,37.8195,122000
Presnenskiy,Presnenskiy,Russia,55.7589,37.5582,122000
Zābol,Zabol,Iran,31.0306,61.4949,121989
Kaya,Kaya,Burkina Faso,13.0883,-1.0837,121970
Xiangcheng,Xiangcheng,China,25.4669,100.5625,121959
Dharmavaram,Dharmavaram,India,14.4144,77.7203,121874
Gokalpur,Gokalpur,India,28.7029,77.2896,121870
Ādīgrat,Adigrat,Ethiopia,14.277,39.462,121800
Kotamobagu,Kotamobagu,Indonesia,0.7419,124.3121,121756
Carora,Carora,Venezuela,10.1728,-70.081,121741
Vallejo,Vallejo,United States,38.1041,-122.2566,121692
Bhadreswar,Bhadreswar,India,22.8245,88.3384,121662
Dorūd,Dorud,Iran,33.4922,49.0616,121638
Bern,Bern,Switzerland,46.9481,7.4474,121631
San Pedro de la Paz,San Pedro de la Paz,Chile,-36.839,-73.1003,121631
Nagaon,Nagaon,India,26.35,92.6667,121628
Lahti,Lahti,Finland,60.9827,25.6615,121622
Vejalpur,Vejalpur,India,22.6902,73.563,121610
Longshui,Longshui,China,29.5656,105.7621,121609
Siracusa,Siracusa,Italy,37.0754,15.2866,121605
Mubende,Mubende,Uganda,0.5585,31.3949,121600
Stara Zagora,Stara Zagora,Bulgaria,42.432,25.6426,121582
Ondjiva,Ondjiva,Angola,-17.0667,15.7333,121537
Alberton,Alberton,South Africa,-26.2679,28.1223,121536
Gràcia,Gracia,Spain,41.4024,2.1564,121502
Chikmagalūr,Chikmagalur,India,13.3223,75.774,121484
Ekibastuz,Ekibastuz,Kazakhstan,51.7237,75.3229,121470
Algeciras,Algeciras,Spain,36.1333,-5.4505,121414
Lafayette,Lafayette,United States,30.2241,-92.0198,121374
Lianhe,Lianhe,China,47.1333,129.2743,121367
Chico,Chico,United States,39.7285,-121.8375,121345
Bhadrak,Bhadrak,India,21.0545,86.5156,121338
Bagé,Bage,Brazil,-31.3314,-54.1069,121335
North Stamford,North Stamford,United States,41.1382,-73.5435,121230
Bergamo,Bergamo,Italy,45.696,9.6672,121200
Ruse,Ruse,Bulgaria,43.8487,25.9534,121168
Sawai Madhopur,Sawai Madhopur,India,26.023,76.3441,121106
Chơn Thành,Chon Thanh,Vietnam,11.4282,106.6354,121083
Ambikāpur,Ambikapur,India,23.1189,83.1954,121071
Eunápolis,Eunapolis,Brazil,-16.3775,-39.5803,121067
Apalit,Apalit,Philippines,14.9533,120.77,121057
Hartford,Hartford,United States,41.7637,-72.6851,121054
Bukittinggi,Bukittinggi,Indonesia,-0.3091,100.3705,121028
Dolisie,Dolisie,Republic of the Congo,-4.1983,12.6666,121000
Zyuzino,Zyuzino,Russia,55.6561,37.5685,121000
Ejido,Ejido,Venezuela,8.5466,-71.2409,120978
Berkeley,Berkeley,United States,37.8716,-122.2728,120972
Nova Lima,Nova Lima,Brazil,-19.9856,-43.8467,120959
Plaridel,Plaridel,Philippines,14.8872,120.8572,120939
West Palm Beach,West Palm Beach,United States,26.7153,-80.0534,120932
Kashiwara,Kashiwara,Japan,34.45,135.7667,120922
Uruguaiana,Uruguaiana,Brazil,-29.7547,-57.0883,120819
Ikoma,Ikoma,Japan,34.6833,135.7,120741
Heilbronn,Heilbronn,Germany,49.1399,9.2205,120733
El Mourouj,El Mourouj,Tunisia,36.7136,10.2096,120732
Ţūz Khūrmātū,Tuz Khurmatu,Iraq,34.8881,44.6326,120712
Trento,Trento,Italy,46.0679,11.1211,120709
Shahdad Kot,Shahdad Kot,Pakistan,27.8473,67.9068,120687
Catchiungo,Catchiungo,Angola,-12.566,16.2259,120677
Ingolstadt,Ingolstadt,Germany,48.7651,11.4237,120658
Toa Payoh New Town,Toa Payoh New Town,Singapore,1.3361,103.85,120650
Lichuan,Lichuan,China,30.3,108.85,120587
Bukit Bintang,Bukit Bintang,Malaysia,3.1466,101.7102,120529
La Concepción,La Concepcion,Venezuela,10.6192,-71.8381,120478
Ulm,Ulm,Germany,48.3984,9.9916,120451
Mandoli,Mandoli,India,28.7028,77.31,120417
San Carlos,San Carlos,Venezuela,9.6641,-68.5866,120375
Włocławek,Wloclawek,Poland,52.6482,19.0678,120339
Allentown,Allentown,United States,40.6084,-75.4902,120207
Satara,Satara,India,17.6859,73.9933,120195
Bao'an Centre,Bao'an Centre,China,22.5795,113.9163,120170
Charsadda,Charsadda,Pakistan,34.1482,71.7406,120170
Fernando de la Mora,Fernando de la Mora,Paraguay,-25.3386,-57.5217,120167
Chūru,Churu,India,28.3041,74.9672,120157
Perugia,Perugia,Italy,43.1122,12.3888,120137
Gangāpur,Gangapur,India,26.4725,76.7174,120115
Zhujing,Zhujing,China,30.901,121.1597,120084
Bồ Đề,Bo GJe,Vietnam,21.0562,105.8667,120028
Guelma,Guelma,Algeria,36.4621,7.4261,120004
International City,International City,United Arab Emirates,25.1638,55.4099,120000
Dubai Marina,Dubai Marina,United Arab Emirates,25.0852,55.1465,120000
Zhaoyuan,Zhaoyuan,China,37.365,120.41,120000
Nabatîyé et Tahta,Nabatiye et Tahta,Lebanon,33.3789,35.4839,120000
Rustaq,Rustaq,Oman,23.3908,57.4244,120000
Solntsevo,Solntsevo,Russia,55.6371,37.3811,120000
Orekhovo-Zuyevo,Orekhovo-Zuyevo,Russia,55.8124,38.9915,120000
Gereida,Gereida,Sudan,11.2754,25.1403,120000
Cabudwaaq,Cabudwaaq,Somalia,6.2458,46.2247,120000
Cheremushky,Cheremushky,Ukraine,46.4325,30.7115,120000
Madhyapur Thimi,Madhyapur Thimi,Nepal,27.6806,85.3875,119955
Saint-Louis-de-Terrebonne,Saint-Louis-de-Terrebonne,Canada,45.702,-73.7867,119944
Evansville,Evansville,United States,37.9748,-87.5559,119943
Bonon,Bonon,Ivory Coast,6.9268,-6.0489,119938
Bottrop,Bottrop,Germany,51.5239,6.9285,119909
Ghotki,Ghotki,Pakistan,28.0044,69.3157,119879
Kwekwe,Kwekwe,Zimbabwe,-18.9281,29.8149,119863
Malindi,Malindi,Kenya,-3.218,40.1169,119859
Ban I Chang,Ban I Chang,Thailand,13.7106,99.8962,119858
Rize,Rize,Turkey,41.0208,40.5219,119828
Almirante Tamandaré,Almirante Tamandare,Brazil,-25.3247,-49.31,119825
Palm Bay,Palm Bay,United States,28.0345,-80.5887,119760
Ann,Ann,Myanmar,19.7954,94.0479,119714
Leiden,Leiden,The Netherlands,52.1583,4.4931,119713
Thon Buri,Thon Buri,Thailand,13.725,100.4851,119708
Ajax,Ajax,Canada,43.8501,-79.0329,119677
Bergedorf,Bergedorf,Germany,53.4846,10.229,119665
Sambrial,Sambrial,Pakistan,32.4783,74.3534,119571
Pescara,Pescara,Italy,42.4584,14.2028,119554
Modakeke,Modakeke,Nigeria,7.383,4.2603,119529
Nobeoka,Nobeoka,Japan,32.5833,131.6667,119521
Silang,Silang,Philippines,14.2157,120.9714,119475
Amanfrom,Amanfrom,Ghana,5.5353,-0.3983,119467
Marituba,Marituba,Brazil,-1.3553,-48.3419,119437
Paulo Afonso,Paulo Afonso,Brazil,-9.4061,-38.2147,119418
Moḩammad Shahr,Mohammad Shahr,Iran,35.763,50.9171,119418
Īz̄eh,Izeh,Iran,31.8303,49.8676,119399
Nazilli,Nazilli,Turkey,37.9163,28.3223,119370
Daitō,Daito,Japan,34.7138,135.6203,119367
Hòa Cường,Hoa Cuong,Vietnam,16.0431,108.1821,119363
Lira,Lira,Uganda,2.2499,32.8999,119323
Pforzheim,Pforzheim,Germany,48.8844,8.6989,119313
Salihli,Salihli,Turkey,38.4826,28.1477,119311
Arabkir,Arabkir,Armenia,40.2062,44.5037,119300
Port Dickson,Port Dickson,Malaysia,2.5246,101.7965,119300
Berkane,Berkane,Morocco,34.92,-2.32,119284
Catanduva,Catanduva,Brazil,-21.1378,-48.9728,119275
Dordrecht,Dordrecht,The Netherlands,51.81,4.6736,119260
Battambang,Battambang,Cambodia,13.1027,103.1982,119251
Offenbach,Offenbach,Germany,50.1006,8.7665,119192
Kitami,Kitami,Japan,43.8031,143.8908,119135
Vĩnh Yên,Vinh Yen,Vietnam,21.3089,105.6049,119128
Madhavaram,Madhavaram,India,13.1482,80.2314,119105
Cagua,Cagua,Venezuela,10.1863,-67.4594,119033
Fujairah,Fujairah,United Arab Emirates,25.1164,56.3414,118933
Mandimba,Mandimba,Mozambique,-14.3525,35.6506,118922
Reykjavík,Reykjavik,Iceland,64.1355,-21.8954,118918
Dohad,Dohad,India,22.8328,74.2599,118846
Cheltenham,Cheltenham,United Kingdom,51.9001,-2.0797,118836
Huaraz,Huaraz,Peru,-9.5261,-77.5287,118836
Santa Coloma de Gramenet,Santa Coloma de Gramenet,Spain,41.4515,2.2081,118821
Santana,Santana,Brazil,-0.0382,-51.1748,118803
Araxá,Araxa,Brazil,-19.5933,-46.9406,118786
Piraquara,Piraquara,Brazil,-25.4423,-49.068,118730
Barshi,Barshi,India,18.2345,75.6928,118722
Bắc Quang,Bac Quang,Vietnam,22.4833,104.8667,118690
Xunchang,Xunchang,China,28.4543,104.715,118664
Hưng Yên,Hung Yen,Vietnam,20.6464,106.0511,118646
Miramar,Miramar,Mexico,22.3609,-97.9,118614
Bremerhaven,Bremerhaven,Germany,53.5536,8.5755,118610
Queenstown,Queenstown,South Africa,-31.8976,26.8753,118599
Nanbin,Nanbin,China,29.9994,108.1091,118597
Bandar-e Anzalī,Bandar-e Anzali,Iran,37.4732,49.4579,118564
Khlong Luang,Khlong Luang,Thailand,14.0647,100.6458,118551
Ādilābād,Adilabad,India,19.672,78.5359,118526
Fargo,Fargo,United States,46.8772,-96.7898,118523
Brugge,Brugge,Belgium,51.2089,3.2242,118509
Jhunjhunūn,Jhunjhunun,India,28.1256,75.398,118473
Iguala de la Independencia,Iguala de la Independencia,Mexico,18.3448,-99.5377,118468
Sarandi,Sarandi,Brazil,-23.4436,-51.8739,118455
Zomba,Zomba,Malawi,-15.386,35.3188,118440
Sepatan,Sepatan,Indonesia,-6.1189,106.575,118439
Malita,Malita,Philippines,6.415,125.6117,118438
Zielona Góra,Zielona Gora,Poland,51.9355,15.5064,118433
Luodian,Luodian,China,31.4156,121.3344,118323
Jetpur,Jetpur,India,21.7548,70.6235,118302
Tsentralno-Miskyi,Tsentralno-Miskyi,Ukraine,48.3024,38.0316,118283
Uppal Kalan,Uppal Kalan,India,17.4058,78.5591,118259
São Lourenço da Mata,Sao Lourenco da Mata,Brazil,-8.0022,-35.0183,118258
Maghāghah,Maghaghah,Egypt,28.6478,30.841,118223
Pita Kotte,Pita Kotte,Sri Lanka,6.8905,79.9015,118179
Guiguinto,Guiguinto,Philippines,14.8333,120.8833,118173
Gudivāda,Gudivada,India,16.4355,80.9955,118167
Setúbal,Setubal,Portugal,38.5244,-8.8882,118166
Torrejón de Ardoz,Torrejon de Ardoz,Spain,40.4554,-3.4697,118162
Aizu-Wakamatsu,Aizu-Wakamatsu,Japan,37.4914,139.9455,118159
Bama,Bama,Nigeria,11.5213,13.6895,118121
Ilobu,Ilobu,Nigeria,7.8388,4.4867,118089
Manolo Fortich,Manolo Fortich,Philippines,8.3697,124.8644,118075
Itabira,Itabira,Brazil,-19.6192,-43.2269,118053
Kiến An,Kien An,Vietnam,20.8053,106.6256,118047
Jandira,Jandira,Brazil,-23.5275,-46.9025,118045
Guaratinguetá,Guaratingueta,Brazil,-22.8164,-45.1925,118044
San Rafael,San Rafael,Argentina,-34.6153,-68.3324,118009
Shaoshan,Shaoshan,China,27.9167,112.5167,118000
Troparëvo,Troparevo,Russia,55.6562,37.485,118000
Bārān,Baran,India,25.1,76.5167,117992
Narmadapuram,Narmadapuram,India,22.7475,77.7274,117988
Amreli,Amreli,India,21.5998,71.2117,117967
Nakhon Pathom,Nakhon Pathom,Thailand,13.8196,100.0443,117927
Manfalūţ,Manfalut,Egypt,27.3126,30.9699,117925
Kakegawa,Kakegawa,Japan,34.7667,138.0167,117925
Handa,Handa,Japan,34.8833,136.9333,117884
Wushan,Wushan,China,31.0775,109.8764,117873
Friedrichshain,Friedrichshain Bezirk,Germany,52.5156,13.4548,117829
Abomey,Abomey,Benin,7.1829,1.9912,117824
Sokodé,Sokode,Togo,8.9833,1.1333,117811
Araguari,Araguari,Brazil,-18.6472,-48.1872,117808
Tarnów,Tarnow,Poland,50.0138,20.987,117799
Bangkok Noi,Bangkok Noi,Thailand,13.7627,100.478,117793
Jalingo,Jalingo,Nigeria,8.8937,11.3596,117757
Raposo Tavares,Raposo Tavares,Brazil,-23.5924,-46.7856,117738
Saanich,Saanich,Canada,48.5496,-123.3693,117735
Ibanda,Ibanda,Uganda,-0.134,30.4962,117700
Bairro da Penha,Bairro da Penha,Brazil,-23.3684,-46.311,117691
Nyíregyháza,Nyiregyhaza,Hungary,47.9554,21.7167,117689
Sano,Sano,Japan,36.3167,139.5833,117669
Karatsu,Karatsu,Japan,33.4425,129.9697,117663
Achinsk,Achinsk,Russia,56.2679,90.5015,117634
Pudukkottai,Pudukkottai,India,10.3813,78.8214,117630
Shunyi,Shunyi,China,40.1217,116.6478,117623
Rotherham,Rotherham,United Kingdom,53.4301,-1.3568,117618
Ciudad de Villa de Álvarez,Ciudad de Villa de Alvarez,Mexico,19.2672,-103.7378,117600
Rouiba,Rouiba,Algeria,36.7383,3.2808,117558
Banyuwangi,Banyuwangi,Indonesia,-8.2325,114.3576,117558
Tebingtinggi,Tebingtinggi,Indonesia,3.3285,99.1625,117530
Tigwav,Tigwav,Haiti,18.4312,-72.8652,117504
Narasaraopet,Narasaraopet,India,16.2349,80.0493,117489
Lisala,Lisala,Democratic Republic of the Congo,2.1513,21.5167,117464
Badin,Badin,Pakistan,24.656,68.837,117455
Banfora,Banfora,Burkina Faso,10.6406,-4.7528,117452
Punta Arenas,Punta Arenas,Chile,-53.1628,-70.9092,117430
Kadoma,Kadoma,Zimbabwe,-18.3333,29.9153,117381
Midsayap,Midsayap,Philippines,7.1908,124.5303,117365
Camboriú,Camboriu,Brazil,-27.0253,-48.6544,117324
Pyin Oo Lwin,Pyin Oo Lwin,Myanmar,22.035,96.4568,117303
Clearwater,Clearwater,United States,27.9658,-82.8001,117292
Himamaylan,Himamaylan,Philippines,10.0989,122.8706,117286
Independence,Independence,United States,39.0911,-94.4155,117255
Heroica Guaymas,Heroica Guaymas,Mexico,27.9199,-110.8989,117253
Kedungwuni,Kedungwuni,Indonesia,-6.9704,109.6479,117249
Ilebo,Ilebo,Democratic Republic of the Congo,-4.3311,20.5864,117245
Kristiansand,Kristiansand,Norway,58.1467,7.9956,117237
Longjing,Longjing,China,42.7713,129.4231,117185
Kroonstad,Kroonstad,South Africa,-27.6504,27.2349,117152
Remscheid,Remscheid,Germany,51.1798,7.1925,117118
Billings,Billings,United States,45.7833,-108.5007,117116
Möng Yang,Moeng Yang,Myanmar,21.8478,99.6765,117108
Čačak,Cacak,Serbia,43.8914,20.3497,117072
Ann Arbor,Ann Arbor,United States,42.2776,-83.7409,117070
Los Baños,Los Banos,Philippines,14.1702,121.2418,117030
Duekoué,Duekoue,Ivory Coast,6.742,-7.3492,117023
Higashikurume,Higashikurume,Japan,35.752,139.5117,117020
Rishra,Rishra,India,22.7239,88.3456,117014
Pinhais,Pinhais,Brazil,-25.4447,-49.1925,117000
Kyzyl,Kyzyl,Russia,51.7111,94.4378,116983
Cadiz,Cadiz,Spain,36.5267,-6.2891,116979
Dąbrowa Górnicza,Dabrowa Gornicza,Poland,50.3339,19.2048,116971
Passos,Passos,Brazil,-20.7189,-46.6097,116951
Fāqūs,Faqus,Egypt,30.7282,31.797,116945
Tacurong,Tacurong,Philippines,6.6925,124.6764,116945
Hōfu,Hofu,Japan,34.05,131.5667,116925
Gabela,Gabela,Angola,-10.8515,14.3799,116903
Serangoon,Serangoon,Singapore,1.3628,103.8975,116900
Serangoon New Town,Serangoon New Town,Singapore,1.3508,103.8708,116900
Funza,Funza,Colombia,4.7164,-74.212,116890
Merauke,Merauke,Indonesia,-8.4996,140.4061,116864
Baripāda,Baripada,India,21.9346,86.7285,116849
Kōnosu,Konosu,Japan,36.0687,139.5168,116828
Soreang,Soreang,Indonesia,-7.0331,107.5183,116780
Smolyanskyi,Smolyanskyi,Ukraine,48.0144,37.7359,116779
Noord,Noord,The Netherlands,52.3908,4.9099,116777
Dinaig,Dinaig,Philippines,7.1699,124.2084,116768
Manp’o,Manp'o,North Korea,41.1547,126.2894,116760
Muktsar,Muktsar,India,30.4743,74.5166,116747
El Monte,El Monte,United States,34.0686,-118.0276,116732
Tubarão,Tubarao,Brazil,-28.4667,-49.0069,116725
Forlì,Forli,Italy,44.2218,12.0414,116696
Azamgarh,Azamgarh,India,26.0683,83.1836,116644
Santa Maria,Santa Maria,Brazil,-16.031,-48.0293,116622
Masaka,Masaka,Uganda,-0.3338,31.7341,116600
Cờ Đỏ,Co GJo,Vietnam,10.0938,105.4292,116576
Taldykorgan,Taldykorgan,Kazakhstan,45.0156,78.3739,116558
Moncloa-Aravaca,Moncloa-Aravaca,Spain,40.4355,-3.7317,116531
Gulin,Gulin,China,28.0422,105.8104,116527
Al Majaz,Al Majaz,United Arab Emirates,25.3235,55.3877,116503
Thung Khru,Thung Khru,Thailand,13.6285,100.5095,116473
Barnāla,Barnala,India,30.3745,75.5487,116449
Yelahanka,Yelahanka,India,13.1007,77.5963,116447
Pattaya,Pattaya,Thailand,12.9333,100.8833,116417
Chittorgarh,Chittorgarh,India,24.8896,74.624,116406
Chenggu,Chenggu,China,33.1492,107.3258,116375
Harlem,Harlem,United States,40.8079,-73.9454,116345
Orléans,Orleans,France,47.9025,1.9041,116344
Rouen,Rouen,France,49.4431,1.0993,116331
Tinsukia,Tinsukia,India,27.489,95.3599,116322
Westminster,Westminster,United States,39.8366,-105.0372,116317
Dasha,Dasha,China,23.1104,113.4418,116307
Yakeshi,Yakeshi,China,49.2833,120.7333,116284
Ipiranga,Ipiranga,Brazil,-23.5996,-46.616,116271
Makumbako,Makumbako,Tanzania,-8.85,34.8333,116232
Khargone,Khargone,India,21.8229,75.6139,116150
Mariara,Mariara,Venezuela,10.2953,-67.7177,116142
Digos,Digos,Philippines,6.7497,125.3572,116122
Tshilenge,Tshilenge,Democratic Republic of the Congo,-10.9667,22.9,116073
Aïn Beïda,Ain Beida,Algeria,35.7964,7.3928,116064
Shahre Jadide Andisheh,Shahre Jadide Andisheh,Iran,35.6803,51.0193,116062
Andīsheh,Andisheh,Iran,35.7471,51.2774,116062
Breves,Breves,Brazil,-1.6822,-50.4803,116058
Alcobendas,Alcobendas,Spain,40.5475,-3.642,116037
Kissidougou,Kissidougou,Guinea,9.1848,-10.0999,116019
San Tung Chung Hang,San Tung Chung Hang,Hong Kong,22.2787,113.9431,116000
Taganskiy,Taganskiy,Russia,55.7333,37.6667,116000
Round Rock,Round Rock,United States,30.5083,-97.6789,115997
Noginsk,Noginsk,Russia,55.8649,38.4485,115979
Tinaquillo,Tinaquillo,Venezuela,9.9186,-68.3047,115937
Wilmington,Wilmington,United States,34.2356,-77.946,115933
Cavite City,Cavite City,Philippines,14.4837,120.8988,115932
Campo Grande,Campo Grande,Brazil,-23.6746,-46.6875,115925
East Harlem,East Harlem,United States,40.7947,-73.9425,115921
Formosa,Formosa,Brazil,-15.5372,-47.3344,115901
Tandil,Tandil,Argentina,-37.3287,-59.1369,115877
Zoetermeer,Zoetermeer,The Netherlands,52.0575,4.4931,115845
São Gonçalo do Amarante,Sao Goncalo do Amarante,Brazil,-5.7933,-35.3294,115838
Sri Jayewardenepura Kotte,Sri Jayewardenepura Kotte,Sri Lanka,6.883,79.9071,115826
Nasushiobara,Nasushiobara,Japan,36.9768,140.0664,115794
Várzea Paulista,Varzea Paulista,Brazil,-23.2114,-46.8283,115771
Baisha,Baisha,China,29.0623,106.1189,115761
Banī Mazār,Bani Mazar,Egypt,28.4946,30.8053,115759
Taunsa,Taunsa,Pakistan,30.7036,70.6505,115704
Urasoe,Urasoe,Japan,26.259,127.7301,115690
Santana,Santana,Brazil,-23.4903,-46.6387,115689
Yelets,Yelets,Russia,52.6144,38.5093,115688
Suan Luang,Suan Luang,Thailand,13.7303,100.6514,115658
Parla,Parla,Spain,40.236,-3.7675,115611
Mỹ Hào,My Hao,Vietnam,20.9167,106.0833,115608
Anliu,Anliu,China,23.6982,115.6795,115560
Ribeirão Pires,Ribeirao Pires,Brazil,-23.7106,-46.4133,115559
Recanto das Emas,Recanto das Emas,Brazil,-15.9086,-48.0645,115550
Chunga,Chunga,Zambia,-15.3174,28.2687,115539
Bīshah,Bishah,Saudi Arabia,20.0005,42.6052,115537
Novo-Peredelkino,Novo-Peredelkino,Russia,55.6453,37.3358,115536
Baidyabāti,Baidyabati,India,22.785,88.3259,115504
Okigwe,Okigwe,Nigeria,5.8292,7.3506,115499
Ar Rifā‘,Ar Rifa',Bahrain,26.13,50.555,115495
Uzhhorod,Uzhhorod,Ukraine,48.6242,22.2947,115449
Kasese,Kasese,Uganda,0.1833,30.0833,115400
Tianfu,Tianfu,China,37.2637,122.0523,115370
Arvada,Arvada,United States,39.8028,-105.0875,115368
Otaru,Otaru,Japan,43.1894,141.0022,115333
Tayabas,Tayabas,Philippines,14.0259,121.5929,115318
Inkisi,Inkisi,Democratic Republic of the Congo,-5.1312,15.0541,115317
Iriga City,Iriga City,Philippines,13.4324,123.4115,115306
Thornhill,Thornhill,Canada,43.815,-79.4242,115292
Vacoas,Vacoas,Mauritius,-20.2981,57.4783,115289
Beaumont,Beaumont,United States,30.0861,-94.1018,115282
Vlorë,Vlore,Albania,40.4696,19.4838,115261
Sanxia,Sanxia,Taiwan,24.9345,121.3714,115185
Provo,Provo,United States,40.2338,-111.6585,115162
Tucuruí,Tucurui,Brazil,-3.7658,-49.6792,115144
Bastī,Basti,India,26.7882,82.7162,115115
Peoria,Peoria,United States,40.6936,-89.589,115070
Ezeiza,Ezeiza,Argentina,-34.8544,-58.5247,115021
Lasnamäe,Lasnamaee,Estonia,59.4336,24.8602,115008
Xiva,Xiva,Uzbekistan,41.3856,60.3641,115000
Amasya,Amasya,Turkey,40.6533,35.8331,114921
Mendoza,Mendoza,Argentina,-32.8895,-68.8458,114893
Balkh,Balkh,Afghanistan,36.7563,66.8972,114883
Cubatão,Cubatao,Brazil,-23.895,-46.4253,114870
Mingshui,Mingshui,China,36.7167,117.5,114858
Vila Medeiros,Vila Medeiros,Brazil,-23.4887,-46.5776,114839
Phong Điền,Phong GJien,Vietnam,16.5832,107.3644,114820
Nova Serrana,Nova Serrana,Brazil,-19.8761,-44.9836,114791
Wang Thonglang,Wang Thonglang,Thailand,13.7855,100.6116,114768
Carlsbad,Carlsbad,United States,33.1581,-117.3506,114746
Mandera,Mandera,Kenya,3.9373,41.8569,114718
Qiaotou,Qiaotou,China,36.935,101.6736,114712
Gyumri,Gyumri,Armenia,40.7931,43.8464,114667
Silopi,Silopi,Turkey,37.2438,42.4635,114645
Gangavati,Gangavati,India,15.4313,76.5293,114642
Ambur,Ambur,India,12.7916,78.7164,114608
Tangará da Serra,Tangara da Serra,Brazil,-14.6194,-57.4858,114603
Gorzów Wielkopolski,Gorzow Wielkopolski,Poland,52.7337,15.225,114567
Simões Filho,Simoes Filho,Brazil,-12.7844,-38.4039,114559
Giridih,Giridih,India,24.1862,86.3088,114533
Phool Nagar,Phool Nagar,Pakistan,31.2024,73.9486,114530
Quezon,Quezon,Philippines,7.7303,125.0989,114521
Aryanah,Aryanah,Tunisia,36.8601,10.1934,114486
Tungipara,Tungipara,Bangladesh,22.8998,89.9033,114482
Ichinoseki,Ichinoseki,Japan,38.9167,141.1333,114476
Khenchela,Khenchela,Algeria,35.4358,7.1433,114472
Khon Kaen,Khon Kaen,Thailand,16.4467,102.833,114459
Odessa,Odessa,United States,31.8457,-102.3676,114428
Catalão,Catalao,Brazil,-18.1658,-47.9464,114427
Tando Muhammad Khan,Tando Muhammad Khan,Pakistan,25.1238,68.5368,114406
Springfield,Springfield,United States,39.8017,-89.6437,114394
Somaroboro,Somaroboro,South Africa,-25.346,28.8343,114369
Guadalajara de Buga,Guadalajara de Buga,Colombia,3.901,-76.2983,114316
Pamanukan,Pamanukan,Indonesia,-6.2842,107.8106,114290
Codó,Codo,Brazil,-4.4553,-43.8856,114275
Pardīs,Pardis,Iran,35.7469,51.8122,114249
Pleiku,Pleiku,Vietnam,13.9833,108.0,114225
Downey,Downey,United States,33.94,-118.1326,114219
Lower Hutt,Lower Hutt,New Zealand,-41.2167,174.9167,114200
Yuyao,Yuyao,China,30.05,121.1494,114177
Rānyah,Ranyah,Iraq,36.2551,44.8824,114173
Hatsukaichi,Hatsukaichi,Japan,34.35,132.3333,114173
Tung Chung,Tung Chung,Hong Kong,22.2878,113.9424,114100
Salto,Salto,Uruguay,-31.3881,-57.9598,114084
Siirt,Siirt,Turkey,37.9293,41.9413,114034
Korolyov,Korolyov,Ukraine,50.2449,28.7001,114034
Zhaozhou,Zhaozhou,China,45.706,125.2661,114009
Villa Lugano,Villa Lugano,Argentina,-34.6791,-58.4726,114000
Ochakovo-Matveyevskoye,Ochakovo-Matveyevskoye,Russia,55.6843,37.4465,114000
Punta Cardón,Punta Cardon,Venezuela,11.6581,-70.215,113999
Akishima,Akishima,Japan,35.7208,139.38,113949
Itacoatiara,Itacoatiara,Brazil,-3.1431,-58.4442,113917
Chililabombwe,Chililabombwe,Zambia,-12.3648,27.8229,113876
Rivière-des-Prairies–Pointe-aux-Trembles,Riviere-des-Prairies-Pointe-aux-Trembles,Canada,45.6406,-73.5846,113868
Worthing,Worthing,United Kingdom,50.818,-0.3754,113866
Navojoa,Navojoa,Mexico,27.0706,-109.4434,113836
Offa,Offa,Nigeria,8.1491,4.7207,113830
Tobolsk,Tobolsk,Russia,58.1981,68.2546,113800
Tōkai,Tokai,Japan,35.0227,136.9089,113787
Wardha,Wardha,India,20.7393,78.5978,113759
Wansheng,Wansheng,China,28.9629,106.9284,113751
Pattoki,Pattoki,Pakistan,31.0202,73.8533,113735
Wayaobu,Wayaobu,China,37.1361,109.6597,113698
Hikone,Hikone,Japan,35.25,136.25,113647
Nagahama,Nagahama,Japan,35.3833,136.2667,113636
Pingshan,Pingshan,China,22.9938,114.7131,113631
Songyuan,Songyuan,China,45.129,124.8277,113611
Maba,Maba,China,24.6841,113.5984,113609
Fujimino,Fujimino,Japan,35.902,139.5249,113597
Doncaster,Doncaster,United Kingdom,53.5228,-1.1312,113566
Bình Thủy,Binh Thuy,Vietnam,10.0743,105.7397,113565
Dumaguete,Dumaguete,Philippines,9.3065,123.3077,113541
Budapest XIII. kerület,Budapest XIII. keruelet,Hungary,47.5298,19.0807,113531
Nippes,Nippes,Germany,50.9654,6.9531,113487
Jaén,Jaen,Spain,37.7692,-3.7903,113457
Chengqiao,Chengqiao,China,31.6308,121.3925,113442
Chorzów,Chorzow,Poland,50.3058,18.9742,113430
Porz am Rhein,Porz am Rhein,Germany,50.8864,7.0583,113415
Louga,Louga,Senegal,15.6187,-16.2244,113365
Elmhurst,Elmhurst,United States,40.7365,-73.8779,113364
Hoàng Mai,Hoang Mai,Vietnam,19.2676,105.7159,113360
Yaritagua,Yaritagua,Venezuela,10.0808,-69.1242,113343
Shahdadpur,Shahdadpur,Pakistan,25.9254,68.6228,113342
Itumbiara,Itumbiara,Brazil,-18.4192,-49.2153,113322
Khwisero,Khwisero,Kenya,0.1712,34.5947,113294
Costa Mesa,Costa Mesa,United States,33.6411,-117.9187,113204
Jauharabad,Jauharabad,Pakistan,32.2902,72.2818,113188
Miami Gardens,Miami Gardens,United States,25.942,-80.2456,113187
Bagrām,Bagram,Afghanistan,34.9669,69.265,113173
Chesterfield,Chesterfield,United Kingdom,53.25,-1.4167,113057
North Peoria,North Peoria,United States,40.7175,-89.5843,113004
Shchyolkovo,Shchyolkovo,Russia,55.925,37.9722,113000
Al Fashn,Al Fashn,Egypt,28.8231,30.899,112999
Fairfield,Fairfield,United States,38.2494,-122.04,112970
Guanabacoa,Guanabacoa,Cuba,23.1252,-82.3007,112964
Hammanskraal,Hammanskraal,South Africa,-25.4089,28.287,112950
Ōshū,Oshu,Japan,39.1393,141.1685,112937
Taourirt,Taourirt,Morocco,34.4073,-2.8973,112908
Ţalkhā,Talkha,Egypt,31.0539,31.3779,112851
Neili,Neili,Taiwan,24.9725,121.2614,112845
Vihari,Vihari,Pakistan,30.0445,72.3556,112840
Taonan,Taonan,China,45.3332,122.7846,112819
Youkaichi,Youkaichi,Japan,35.1163,136.1977,112819
Kazo,Kazo,Japan,36.1167,139.6,112792
Santa Lucía Cotzumalguapa,Santa Lucia Cotzumalguapa,Guatemala,14.3351,-91.0234,112780
Jönköping,Joenkoeping,Sweden,57.7814,14.1562,112766
City of Port Phillip,City of Port Phillip,Australia,-37.8338,144.9383,112669
Tadepalligudem,Tadepalligudem,India,16.8147,81.5272,112655
Haikou,Haikou,China,24.7798,102.5755,112644
Lansing,Lansing,United States,42.7325,-84.5555,112644
Chanduasi,Chanduasi,India,28.4518,78.7828,112635
Bagaha,Bagaha,India,27.0992,84.09,112634
Nefteyugansk,Nefteyugansk,Russia,61.0998,72.6035,112632
Reutlingen,Reutlingen,Germany,48.4914,9.2043,112627
Bushwick,Bushwick,United States,40.6943,-73.9188,112620
Upata,Upata,Venezuela,8.0162,-62.4056,112617
Shaowu,Shaowu,China,27.3409,117.4831,112585
Mengmao,Mengmao,China,24.0014,97.865,112578
Lawang,Lawang,Indonesia,-7.8353,112.6947,112540
Bouskoura,Bouskoura,Morocco,33.4498,-7.6524,112501
Satu Mare,Satu Mare,Romania,47.7993,22.8625,112490
Itanhaém,Itanhaem,Brazil,-24.1831,-46.7889,112476
Kaiyuan,Kaiyuan,China,42.5331,124.0403,112462
Kisii,Kisii,Kenya,-0.6817,34.7667,112417
Petržalka,Petrzalka,Slovakia,48.1233,17.1287,112380
Kāzerūn,Kazerun,Iran,29.6192,51.6535,112360
Ermelino Matarazzo,Ermelino Matarazzo,Brazil,-23.4947,-46.4739,112333
Achalpur,Achalpur,India,21.2567,77.5101,112311
Planaltina,Planaltina,Brazil,-15.4528,-47.6142,112304
Guanare,Guanare,Venezuela,9.0393,-69.7336,112286
Wuzhishan,Wuzhishan,China,18.7823,109.5013,112269
Gravesend,Gravesend,United States,40.5976,-73.9651,112229
Rochester,Rochester,United States,44.0216,-92.4699,112225
Gondal,Gondal,India,21.9607,70.8025,112197
Chichawatni,Chichawatni,Pakistan,30.5301,72.6916,112191
Farīdpur,Faridpur,Bangladesh,23.6061,89.8406,112187
Apopa,Apopa,El Salvador,13.8072,-89.1792,112158
Carmona,Carmona,Philippines,14.3132,121.0576,112140
Laoag,Laoag,Philippines,18.1978,120.5957,112117
Elgin,Elgin,United States,42.0373,-88.2812,112111
Dharashiv,Dharashiv,India,18.1816,76.0389,112085
Xigang,Xigang,China,38.5526,106.3481,112061
Chóngfú,Chongfu,China,30.5311,120.4309,112060
Taipa,Taipa,Macao,22.1558,113.5569,112051
Port Blair,Port Blair,India,11.6661,92.7464,112050
Minatitlán,Minatitlan,Mexico,18.0001,-94.5569,112046
Esuk Oron,Esuk Oron,Nigeria,4.8029,8.2534,112033
Atbara,Atbara,Sudan,17.7022,33.9864,112021
Vicenza,Vicenza,Italy,45.5467,11.5475,111980
Ciudad Guzmán,Ciudad Guzman,Mexico,19.7041,-103.4638,111975
Ballarat,Ballarat,Australia,-37.5662,143.8496,111973
Tocoa,Tocoa,Honduras,15.6833,-86.0,111972
West Jordan,West Jordan,United States,40.6097,-111.9391,111946
Bagalkot,Bagalkot,India,16.1867,75.6961,111933
Lomas de Zamora,Lomas de Zamora,Argentina,-34.7574,-58.4028,111897
Yeoju,Yeoju,South Korea,37.2958,127.6339,111897
Dūmā,Duma,Syria,33.5718,36.4027,111864
Winterthur,Winterthur,Switzerland,47.5056,8.7241,111840
Novokuybyshevsk,Novokuybyshevsk,Russia,53.0971,49.94,111800
Bou Saâda,Bou Saada,Algeria,35.2086,4.174,111787
Abnūb,Abnub,Egypt,27.2688,31.1523,111785
Qūchān,Quchan,Iran,37.106,58.5095,111752
Manacapuru,Manacapuru,Brazil,-3.2997,-60.6206,111751
Kuningan,Kuningan,Indonesia,-6.9758,108.4831,111742
Suriāpet,Suriapet,India,17.1405,79.6205,111729
Kandy,Kandy,Sri Lanka,7.2906,80.6336,111701
Zefta,Zefta,Egypt,30.7142,31.2443,111700
Bangaon,Bangaon,India,23.0455,88.8308,111693
Inglewood,Inglewood,United States,33.9617,-118.3531,111666
Kilis,Kilis,Turkey,36.7161,37.115,111648
Terrebonne,Terrebonne,Canada,45.7,-73.6473,111575
Kyimyindine,Kyimyindine,Myanmar,16.8085,96.1242,111514
Set Ka Lay,Set Ka Lay,Myanmar,16.8144,96.1139,111514
Chelmsford,Chelmsford,United Kingdom,51.7358,0.4696,111511
Marzahn,Marzahn,Germany,52.5453,13.5698,111508
Chiquimula,Chiquimula,Guatemala,14.8009,-89.5464,111505
Cileunyi,Cileunyi,Indonesia,-6.9389,107.7528,111476
Ashoknagar Kalyangarh,Ashoknagar Kalyangarh,India,22.8642,88.637,111475
Mongu,Mongu,Zambia,-15.2484,23.1274,111450
Mulhouse,Mulhouse,France,47.752,7.3287,111430
Al Fqih Ben Çalah,Al Fqih Ben Calah,Morocco,32.5021,-6.6877,111402
Pulilan,Pulilan,Philippines,14.9017,120.8492,111384
Beau Bassin-Rose Hill,Beau Bassin-Rose Hill,Mauritius,-20.2333,57.4661,111355
Tuscaloosa,Tuscaloosa,United States,33.2098,-87.5692,111338
Sogamoso,Sogamoso,Colombia,5.7143,-72.9339,111336
Sainte-Foy,Sainte-Foy,Canada,46.7814,-71.2922,111300
Sainte-Foy–Sillery–Cap-Rouge,Sainte-Foy-Sillery-Cap-Rouge,Canada,46.7576,-71.3491,111300
Mbale,Mbale,Uganda,1.0821,34.175,111300
Montreuil,Montreuil,France,48.8642,2.4432,111240
Terni,Terni,Italy,42.5633,12.6433,111189
Deesa,Deesa,India,24.2561,72.1793,111160
Navadwīp,Navadwip,India,23.4067,88.3686,111123
Maran,Maran,Malaysia,3.586,102.773,111056
Nandurbar,Nandurbar,India,21.3667,74.2405,111037
Kasuga,Kasuga,Japan,33.5259,130.4611,111023
Nsukka,Nsukka,Nigeria,6.8578,7.3958,111017
Nguru,Nguru,Nigeria,12.877,10.4554,111014
Mabopane,Mabopane,South Africa,-25.509,28.064,110972
Namur,Namur,Belgium,50.4669,4.8675,110939
Cambé,Cambe,Brazil,-23.2758,-51.2783,110923
Encheng,Encheng,China,22.1866,112.3042,110921
Turhal,Turhal,Turkey,40.3875,36.0811,110884
Gò Vấp,Go Vap,Vietnam,10.8167,106.6833,110850
Richardson,Richardson,United States,32.9482,-96.7297,110815
Bokhtar,Bokhtar,Tajikistan,37.8365,68.7776,110800
Hadejia,Hadejia,Nigeria,12.4535,10.0412,110753
Zhuji,Zhuji,China,29.7188,120.2423,110721
Perpignan,Perpignan,France,42.6976,2.8954,110706
Lowell,Lowell,United States,42.6334,-71.3162,110699
Lavras,Lavras,Brazil,-21.2453,-44.9997,110682
São Pedro da Aldeia,Sao Pedro da Aldeia,Brazil,-22.8392,-42.1028,110677
East Independence,East Independence,United States,39.0956,-94.3552,110675
Caen,Caen,France,49.1859,-0.3591,110624
Açailândia,Acailandia,Brazil,-4.9467,-47.5047,110611
Kyivskyi,Kyivskyi,Ukraine,49.609,34.5293,110600
Borāzjān,Borazjan,Iran,29.2699,51.2188,110567
Yenangyaung,Yenangyaung,Myanmar,20.465,94.8712,110553
Gresham,Gresham,United States,45.4982,-122.4315,110553
Antioch,Antioch,United States,38.0049,-121.8058,110542
Paulínia,Paulinia,Brazil,-22.7611,-47.1542,110537
Manzini,Manzini,Eswatini,-26.4988,31.38,110537
St. John's,St. John's,Canada,47.5649,-52.7093,110525
Delicias,Delicias,Spain,41.6493,-0.9076,110520
Masindi,Masindi,Uganda,1.6744,31.715,110500
Kfar Saba,Kfar Saba,Israel,32.175,34.9069,110456
Matsutō,Matsuto,Japan,36.5167,136.5667,110408
Cambridge,Cambridge,United States,42.3751,-71.1056,110402
Sultānpur,Sultanpur,India,26.2579,82.0727,110368
Delhi Cantonment,Delhi Cantonment,India,28.6,77.1333,110351
Firozpur,Firozpur,India,30.9257,74.6131,110313
Bayugan,Bayugan,Philippines,8.7561,125.7675,110313
High Point,High Point,United States,35.9557,-80.0053,110268
Datun,Datun,China,34.8092,116.9017,110258
Manchester,Manchester,United States,42.9956,-71.4548,110229
Bāneh,Baneh,Iran,35.9975,45.8853,110218
Gulshan,Gulshan,Bangladesh,23.7897,90.4104,110213
Geylang,Geylang,Singapore,1.3195,103.8869,110201
Kresek,Kresek,Indonesia,-6.1314,106.3797,110182
Bender,Bender,Moldova,46.8316,29.4767,110175
Mbombela,Mbombela,South Africa,-25.4751,30.9693,110159
Rodenkirchen,Rodenkirchen,Germany,50.8933,6.9948,110158
Sembawang Estate,Sembawang Estate,Singapore,1.4508,103.8286,110090
Gabès,Gabes,Tunisia,33.8815,10.0982,110075
Orkney,Orkney,South Africa,-26.9802,26.6727,110052
Qingnian,Qingnian,China,36.8409,115.7109,110046
Temecula,Temecula,United States,33.4936,-117.1484,110003
Lucapa,Lucapa,Angola,-8.4192,20.7447,110000
Mendip,Mendip,United Kingdom,51.2372,-2.6266,110000
Qal‘at Sukkar,Qal'at Sukkar,Iraq,31.8632,46.0732,110000
An Nu‘mānīyah,An Nu'maniyah,Iraq,32.5562,45.4129,110000
Kufa,Kufa,Iraq,32.0511,44.4402,110000
Ressano Garcia,Ressano Garcia,Mozambique,-25.4428,31.9953,110000
Noyabrsk,Noyabrsk,Russia,63.1931,75.4373,110000
Sengerema,Sengerema,Tanzania,-2.6667,32.65,110000
Bataysk,Bataysk,Russia,47.1375,39.7571,109962
Pisa,Pisa,Italy,43.7085,10.4036,109960
Linshui,Linshui,China,36.4247,114.2047,109955
Kamagaya,Kamagaya,Japan,35.7697,140.0024,109932
Sutton Coldfield,Sutton Coldfield,United Kingdom,52.5667,-1.8167,109899
Hailun,Hailun,China,47.4466,126.9248,109881
Maramag,Maramag,Philippines,7.7633,125.0053,109864
Kecskemét,Kecskemet,Hungary,46.9062,19.6913,109847
Seversk,Seversk,Russia,56.6006,84.8864,109844
Ciamis,Ciamis,Indonesia,-7.3257,108.3534,109839
Murrieta,Murrieta,United States,33.5539,-117.2139,109830
Brovary,Brovary,Ukraine,50.511,30.7911,109806
Santo Antônio de Jesus,Santo Antonio de Jesus,Brazil,-12.9689,-39.2614,109791
Lak Si,Lak Si,Thailand,13.8872,100.5792,109770
Wakefield,Wakefield,United Kingdom,53.6833,-1.4977,109766
Centennial,Centennial,United States,39.5792,-104.8769,109741
Shilong,Shilong,China,23.1144,113.8472,109733
Richmond,Richmond,United States,37.9358,-122.3478,109708
Corona,Corona,United States,40.7471,-73.8601,109698
Thới Lai,Thoi Lai,Vietnam,10.0652,105.5586,109684
Vilhena,Vilhena,Brazil,-12.7406,-60.1458,109651
Pandit Deen Dayal Upadhyaya Nagar,Pandit Deen Dayal Upadhyaya Nagar,India,25.2831,83.1197,109650
Dchira El Jihadia,Dchira El Jihadia,Morocco,30.3734,-9.5476,109564
Didao,Didao,China,45.3473,130.8369,109561
Arsuz,Arsuz,Turkey,36.413,35.8903,109550
Pelabuhanratu,Pelabuhanratu,Indonesia,-6.9875,106.5514,109523
Marugame,Marugame,Japan,34.2833,133.7833,109513
Habikino,Habikino,Japan,34.5528,135.591,109479
Arzamas,Arzamas,Russia,55.3956,43.8381,109479
Phalaborwa,Phalaborwa,South Africa,-23.943,31.1411,109468
Walthamstow,Walthamstow,United Kingdom,51.5907,-0.0208,109424
Pueblo,Pueblo,United States,38.2544,-104.6091,109412
Guaianases,Guaianases,Brazil,-23.5433,-46.4108,109316
Ijebu-Igbo,Ijebu-Igbo,Nigeria,6.972,3.9994,109261
Sergiyev Posad,Sergiyev Posad,Russia,56.312,38.1387,109252
Talisay,Talisay,Philippines,10.7375,122.9666,109204
San Juan,San Juan,Argentina,-31.5373,-68.5257,109123
Sehore,Sehore,India,23.2,77.0833,109118
Jianchang,Jianchang,China,27.5583,116.6398,109108
Hulan,Hulan,China,45.8933,126.5784,109104
Matagalpa,Matagalpa,Nicaragua,12.9279,-85.9191,109089
Khlong Toei,Khlong Toei,Thailand,13.7101,100.5819,109041
Leninsk-Kuznetsky,Leninsk-Kuznetsky,Russia,54.6567,86.1737,109023
Kiryū,Kiryu,Japan,36.4,139.3333,108991
Handeni,Handeni,Tanzania,-5.4333,38.0167,108968
Balombo,Balombo,Angola,-12.3543,14.7723,108965
Thunder Bay,Thunder Bay,Canada,48.382,-89.2502,108843
Iwatsuki,Iwatsuki,Japan,35.9647,139.6964,108833
Pearland,Pearland,United States,29.5636,-95.2861,108821
Dehui,Dehui,China,44.5367,125.6943,108818
Pangkalanbuun,Pangkalanbuun,Indonesia,-2.6832,111.6259,108814
Waterbury,Waterbury,United States,41.5581,-73.0515,108802
Greeley,Greeley,United States,40.4233,-104.7091,108795
Boulogne-Billancourt,Boulogne-Billancourt,France,48.8355,2.2413,108782
Warīsān,Warisan,United Arab Emirates,25.1674,55.4071,108759
Kalisz,Kalisz,Poland,51.7611,18.091,108759
Baia Mare,Baia Mare,Romania,47.6573,23.5681,108759
Coronel Fabriciano,Coronel Fabriciano,Brazil,-19.5186,-42.6289,108708
Mascara,Mascara,Algeria,35.3966,0.1403,108629
Maranguape,Maranguape,Brazil,-3.8908,-38.6856,108622
Uromi,Uromi,Nigeria,6.7,6.3333,108608
Katumba,Katumba,Tanzania,-9.2333,33.6167,108558
Móng Cái,Mong Cai,Vietnam,21.5247,107.9662,108553
Vila Maria,Vila Maria,Brazil,-23.5141,-46.5862,108543
Kanpur Cantonment,Kanpur Cantonment,India,26.4594,80.3751,108534
Komatsu,Komatsu,Japan,36.4026,136.4509,108509
West Covina,West Covina,United States,34.0686,-117.939,108484
Enterprise,Enterprise,United States,36.0252,-115.2419,108481
Bānsbāria,Bansbaria,India,22.9539,88.401,108474
Girón,Giron,Colombia,7.0682,-73.1698,108466
Baghlān,Baghlan,Afghanistan,36.1307,68.7083,108449
Muriaé,Muriae,Brazil,-21.1306,-42.3664,108447
Hanjia,Hanjia,China,29.2952,108.1613,108430
Trincomalee,Trincomalee,Sri Lanka,8.5778,81.2289,108420
La Cité-Limoilou,La Cite-Limoilou,Canada,46.8289,-71.2264,108415
Santiago,Santiago,Philippines,16.6881,121.5487,108414
Taibai,Taibai,China,30.8248,108.3578,108387
Vedado,Vedado,Cuba,23.1377,-82.3934,108369
Dagenham,Dagenham,United Kingdom,51.55,0.1667,108368
Xuyong,Xuyong,China,28.1699,105.4345,108352
North Charleston,North Charleston,United States,32.8546,-79.9748,108304
Sohar,Sohar,Oman,24.3474,56.7094,108274
Nehe,Nehe,China,48.4793,124.8702,108253
Abu Gharaq,Abu Gharaq,Iraq,32.5271,44.344,108212
Oktyabrsky,Oktyabrsky,Russia,54.4815,53.471,108200
Tadpatri,Tadpatri,India,14.9083,78.0103,108171
Birnin Kebbi,Birnin Kebbi,Nigeria,12.4539,4.1975,108164
Santa Cruz,Santa Cruz,Philippines,14.2814,121.4161,108145
Novobavarskyi,Novobavarskyi,Ukraine,49.9514,36.165,108100
Everett,Everett,United States,47.979,-122.2021,108010
An Nuhūd,An Nuhud,Sudan,12.7,28.4333,108008
Ŭllyul,Ullyul,North Korea,38.5139,125.1897,107997
Rijeka,Rijeka,Croatia,45.3267,14.4424,107964
Douliu,Douliu,Taiwan,23.7094,120.5433,107924
Luis Eduardo Magalhães,Luis Eduardo Magalhaes,Brazil,-12.0909,-45.785,107909
Catbalogan,Catbalogan,Philippines,11.7753,124.8861,107896
College Station,College Station,United States,30.628,-96.3344,107889
As Salţ,As Salt,Jordan,32.0392,35.7272,107874
Mishima,Mishima,Japan,35.1167,138.9167,107851
Baía Farta,Baia Farta,Angola,-12.6042,13.1967,107841
Jalpāiguri,Jalpaiguri,India,26.5167,88.7333,107832
Jalai Nur,Jalai Nur,China,49.45,117.7,107828
Tajimi,Tajimi,Japan,35.3167,137.1333,107818
Castelar,Castelar,Argentina,-34.6514,-58.6407,107786
Pompano Beach,Pompano Beach,United States,26.2379,-80.1248,107762
Coronel,Coronel,Chile,-37.0339,-73.1402,107759
Bacabal,Bacabal,Brazil,-4.2325,-44.7816,107755
Novo Gama,Novo Gama,Brazil,-16.0592,-48.0394,107663
Dusit,Dusit,Thailand,13.7771,100.5196,107655
Mandurah,Mandurah,Australia,-32.5269,115.7217,107643
Basingstoke,Basingstoke,United Kingdom,51.2625,-1.0871,107642
Bandırma,Bandirma,Turkey,40.3522,27.9767,107631
Maidstone,Maidstone,United Kingdom,51.2667,0.5167,107627
Tieli,Tieli,China,46.9754,128.048,107621
Umm Qaşr,Umm Qasr,Iraq,30.0362,47.9195,107620
Butterworth,Butterworth,Malaysia,5.3991,100.3638,107591
Shaping,Shaping,China,22.7702,112.9578,107589
Labé,Labe,Guinea,11.3182,-12.2833,107571
Chālūs,Chalus,Iran,36.655,51.4204,107490
Koszalin,Koszalin,Poland,54.1944,16.1722,107450
Bolzano,Bolzano,Italy,46.4907,11.3398,107436
South Fulton,South Fulton,United States,33.5926,-84.6729,107436
Ubá,Uba,Brazil,-21.12,-42.9428,107423
Sherpur,Sherpur,Bangladesh,25.0188,90.0175,107419
Obninsk,Obninsk,Russia,55.1099,36.6124,107392
Circoiscrizione VI,Circoiscrizione VI,Italy,45.1022,7.7003,107369
Girardot City,Girardot City,Colombia,4.3008,-74.8075,107324
Koblenz,Koblenz,Germany,50.3536,7.5788,107319
Itaperuna,Itaperuna,Brazil,-21.205,-41.8878,107246
Siegen,Siegen,Germany,50.8748,8.0243,107242
Hirnytskyi,Hirnytskyi,Ukraine,48.0211,37.9691,107216
Mangalagiri,Mangalagiri,India,16.4308,80.5682,107197
Thohoyandou,Thohoyandou,South Africa,-22.9456,30.485,107144
As Suwayq,As Suwayq,Oman,23.8494,57.4386,107143
Norwalk,Norwalk,United States,33.9022,-118.0817,107140
Yên Vinh,Yen Vinh,Vietnam,18.6667,105.6667,107082
Mitrovicë,Mitrovice,Kosovo,42.8833,20.8667,107045
Yevpatoriya,Yevpatoriya,Ukraine,45.2009,33.3665,107040
Pati,Pati,Indonesia,-6.7559,111.038,107028
Elista,Elista,Russia,46.3079,44.2554,106971
Dera Murad Jamali,Dera Murad Jamali,Pakistan,28.5466,68.2231,106952
Taungoo,Taungoo,Myanmar,18.9429,96.4341,106945
Bedford,Bedford,United Kingdom,52.1346,-0.4663,106940
Bagong Silangan,Bagong Silangan,Philippines,14.706,121.108,106886
Kangnyŏng,Kangnyong,North Korea,37.9075,125.51,106827
Catia La Mar,Catia La Mar,Venezuela,10.6054,-67.0324,106822
Boulder,Boulder,United States,40.015,-105.2706,106803
Anning,Anning,China,24.9227,102.485,106795
Ituiutaba,Ituiutaba,Brazil,-18.9743,-49.4621,106775
Rayong,Rayong,Thailand,12.6809,101.258,106737
Sirte,Sirte,Libya,31.2089,16.5887,106705
Kotri,Kotri,Pakistan,25.3657,68.3083,106615
Cherëmushki,Cheremushki,Russia,55.6647,37.5613,106587
Broken Arrow,Broken Arrow,United States,36.0526,-95.7908,106563
Daly City,Daly City,United States,37.7058,-122.4619,106562
Cikarang,Cikarang,Indonesia,-6.2611,107.1528,106479
Arlit,Arlit,Niger,18.7369,7.3853,106448
Bahārestān,Baharestan,Iran,32.4881,51.7731,106433
Ba Đồn,Ba GJon,Vietnam,17.7535,106.4236,106413
Ranebennur,Ranebennur,India,14.6224,75.6295,106406
Longjiang,Longjiang,China,47.336,123.196,106384
Hwado,Hwado,South Korea,37.6525,127.3075,106358
Buhe,Buhe,China,30.2876,112.2298,106347
Hammamet,Hammamet,Tunisia,36.4,10.6167,106326
Pindiga,Pindiga,Nigeria,9.9843,10.9523,106322
Berdyansk,Berdyansk,Ukraine,46.7558,36.7882,106311
Toufen,Toufen,Taiwan,24.6875,120.9094,106310
Mīāneh,Mianeh,Iran,37.421,47.715,106291
Dakhla,Dakhla,Western Sahara,23.6848,-15.958,106277
Paniqui,Paniqui,Philippines,15.6689,120.5806,106190
Novotroitsk,Novotroitsk,Russia,51.201,58.3132,106186
Bergisch Gladbach,Bergisch Gladbach,Germany,50.9856,7.133,106184
Rangamati,Rangamati,Bangladesh,22.6432,92.1919,106069
Alchevsk,Alchevsk,Ukraine,48.4691,38.7974,106062
Sơn La,Son La,Vietnam,21.3256,103.9188,106052
Mingachevir,Mingachevir,Azerbaijan,40.7642,47.0623,106048
Legnica,Legnica,Poland,51.2101,16.1619,106033
Drammen,Drammen,Norway,59.7439,10.2045,106013
Pare,Pare,Indonesia,-7.7679,112.198,106007
Tokoza,Tokoza,South Africa,-26.36,28.129,106000
Balsas,Balsas,Brazil,-7.5325,-46.0356,105974
Sydney,Sydney,Canada,46.1351,-60.1831,105968
Derbent,Derbent,Russia,42.0662,48.2876,105965
Xinghua,Xinghua,China,32.9392,119.8342,105918
Khurja,Khurja,India,28.2538,77.8554,105909
Mati,Mati,Philippines,6.9551,126.2165,105908
Arjawinangun,Arjawinangun,Indonesia,-6.6453,108.4103,105845
Le Plateau-Mont-Royal,Le Plateau-Mont-Royal,Canada,45.5283,-73.5808,105813
Funchal,Funchal,Portugal,32.6657,-16.9255,105795
Kishanganj,Kishanganj,India,26.1022,87.9553,105782
Yautepec,Yautepec,Mexico,18.8819,-99.0671,105780
Jataí,Jatai,Brazil,-17.8794,-51.7217,105729
Sergeli,Sergeli,Uzbekistan,41.1983,69.2222,105700
Azare,Azare,Nigeria,11.6748,10.1907,105687
Nantou,Nantou,Taiwan,23.9157,120.6639,105682
Ipojuca,Ipojuca,Brazil,-8.3989,-35.0639,105638
Lahad Datu,Lahad Datu,Malaysia,5.023,118.329,105622
Vila Prudente,Vila Prudente,Brazil,-23.5925,-46.5728,105590
Subulussalam,Subulussalam,Indonesia,2.662,97.8827,105553
Paragominas,Paragominas,Brazil,-2.9956,-47.3549,105550
Bukama,Bukama,Democratic Republic of the Congo,-9.2044,25.8547,105530
Ponnāni,Ponnani,India,10.7669,75.9252,105512
Tanza,Tanza,Philippines,14.6753,120.9389,105510
Inzai,Inzai,Japan,35.8348,140.1636,105463
Bhairab Bāzār,Bhairab Bazar,Bangladesh,24.0524,90.9764,105457
Hindaun,Hindaun,India,26.7341,77.0352,105452
Jamālpur,Jamalpur,India,25.3126,86.4889,105434
Abū Tīj,Abu Tij,Egypt,27.0451,31.3184,105418
Coatepeque,Coatepeque,Guatemala,14.7041,-91.8643,105415
Baraki,Baraki,Algeria,36.6666,3.0961,105402
Robāţ Karīm,Robat Karim,Iran,35.4846,51.0829,105393
'Ākra,'Akra,Iraq,36.7336,43.8804,105370
Sandy Springs,Sandy Springs,United States,33.9243,-84.3785,105330
Burbank,Burbank,United States,34.1808,-118.309,105319
Taling Chan,Taling Chan,Thailand,13.777,100.4567,105299
San Justo,San Justo,Argentina,-34.6811,-58.5638,105274
Hòa Bình,Hoa Binh,Vietnam,20.8172,105.3376,105260
Saint-Paul,Saint-Paul,Reunion,-21.0096,55.2713,105240
Ourense,Ourense,Spain,42.3367,-7.8641,105233
Nāgaur,Nagaur,India,27.202,73.7339,105218
Riacho Fundo II,Riacho Fundo II,Brazil,-15.8981,-48.0467,105210
Green Bay,Green Bay,United States,44.5192,-88.0198,105207
Mityana,Mityana,Uganda,0.4175,32.0228,105200
Jizan,Jizan,Saudi Arabia,16.8892,42.5511,105198
Texcoco de Mora,Texcoco de Mora,Mexico,19.5119,-98.8829,105165
Bang Bon,Bang Bon,Thailand,13.6618,100.3957,105161
Nikopol,Nikopol,Ukraine,47.5683,34.3913,105160
Slovyansk,Slovyansk,Ukraine,48.8497,37.5974,105141
Santa Maria,Santa Maria,United States,34.953,-120.4357,105093
San Francisco De Borja,San Francisco De Borja,Peru,-12.0891,-76.9988,105076
Yidu,Yidu,China,36.7712,118.4245,105070
Nancy,Nancy,France,48.6844,6.185,105058
Kuala Krai,Kuala Krai,Malaysia,5.5313,102.1993,105007
Zhonghe,Zhonghe,China,28.4505,108.989,105003
Universal City,Universal City,United States,34.1389,-118.3534,105000
Puyang Chengguanzhen,Puyang Chengguanzhen,China,35.7062,115.0279,104994
Ikeda,Ikeda,Japan,34.8221,135.4298,104993
Waterloo,Waterloo,Canada,43.4668,-80.5164,104986
Ambala Sadar,Ambala Sadar,India,30.3354,76.8627,104974
Chinautla,Chinautla,Guatemala,14.7029,-90.4998,104972
Salzgitter,Salzgitter,Germany,52.157,10.4154,104970
Ville-Marie,Ville-Marie,Canada,45.499,-73.5705,104944
Moratalaz,Moratalaz,Spain,40.4074,-3.6494,104923
Bhiwadi,Bhiwadi,India,28.2102,76.8606,104921
Būndi,Bundi,India,25.4385,75.6373,104919
Miryalaguda,Miryalaguda,India,16.8722,79.5625,104918
Daxing,Daxing,China,39.7403,116.3269,104904
Artur Alvim,Artur Alvim,Brazil,-23.5402,-46.4858,104864
Assis,Assis,Brazil,-22.6617,-50.4122,104858
Santa Cruz do Capibaribe,Santa Cruz do Capibaribe,Brazil,-7.9575,-36.2047,104854
Yezhou,Yezhou,China,30.6037,109.7233,104839
Hidalgo del Parral,Hidalgo del Parral,Mexico,26.9299,-105.6662,104836
Saijō,Saijo,Japan,33.9167,133.1833,104791
Jena,Jena,Germany,50.9288,11.5899,104712
Wichita Falls,Wichita Falls,United States,33.9137,-98.4934,104710
Brantford,Brantford,Canada,43.1334,-80.2664,104688
Gera,Gera,Germany,50.8803,12.0819,104659
Tuyên Quang,Tuyen Quang,Vietnam,21.8236,105.2142,104645
Ottakring,Ottakring,Austria,48.2167,16.3,104627
Al Fāw,Al Faw,Iraq,29.9742,48.4731,104569
Angoche,Angoche,Mozambique,-16.2325,39.9086,104540
Depok,Depok,Indonesia,-7.7625,110.4317,104527
Toride,Toride,Japan,35.9,140.0833,104524
Mostar,Mostar,Bosnia and Herzegovina,43.3433,17.8081,104518
Mazyr,Mazyr,Belarus,52.0416,29.2163,104517
Kamloops,Kamloops,Canada,50.6665,-120.3192,104460
Mazabuka,Mazabuka,Zambia,-15.856,27.748,104412
Lakeland,Lakeland,United States,28.0395,-81.9498,104401
Pozniaky,Pozniaky,Ukraine,50.4026,30.6235,104400
Zhezqazghan,Zhezqazghan,Kazakhstan,47.7941,67.7063,104357
Pailou,Pailou,China,30.7964,108.3858,104351
Lo Prado,Lo Prado,Chile,-33.4443,-70.7255,104316
Tizi Ouzou,Tizi Ouzou,Algeria,36.7118,4.0459,104312
Pulandian,Pulandian,China,39.3953,121.9669,104277
Helsingborg,Helsingborg,Sweden,56.0467,12.6944,104250
Abreu e Lima,Abreu e Lima,Brazil,-7.9117,-34.9028,104248
Kot Addu,Kot Addu,Pakistan,30.4691,70.967,104217
Bouaflé,Bouafle,Ivory Coast,6.9904,-5.7442,104209
Kara,Kara,Togo,9.5511,1.1861,104207
Clovis,Clovis,United States,36.8252,-119.7029,104180
Kafue,Kafue,Zambia,-15.7691,28.1814,104174
Campo Mourão,Campo Mourao,Brazil,-24.0431,-52.3793,104122
Salaqi,Salaqi,China,40.5414,110.5108,104090
Kalulushi,Kalulushi,Zambia,-12.8415,28.0948,104046
Lewisville,Lewisville,United States,33.0462,-96.9942,104039
Oued Zem,Oued Zem,Morocco,32.8627,-6.5736,104029
Weldiya,Weldiya,Ethiopia,11.8277,39.5916,104000
Soyībug,Soyibug,India,34.0768,74.7057,104000
Izmaylovo,Izmaylovo,Russia,55.7966,37.7824,104000
Kiselëvsk,Kiselevsk,Russia,53.99,86.6621,104000
Jishu,Jishu,China,44.3167,126.8,103988
El Kelaa des Srarhna,El Kelaa des Srarhna,Morocco,32.0512,-7.4108,103982
Séguéla,Seguela,Ivory Coast,7.9611,-6.6731,103980
Ourinhos,Ourinhos,Brazil,-22.9789,-49.8706,103970
Totonicapán,Totonicapan,Guatemala,14.9119,-91.3605,103952
Ad-Damir,Ad-Damir,Sudan,17.599,33.9721,103941
Jagtiāl,Jagtial,India,18.7947,78.9166,103930
Woking,Woking,United Kingdom,51.319,-0.5589,103900
Roorkee,Roorkee,India,29.8663,77.8912,103894
Edéa,Edea,Cameroon,3.8,10.1333,103861
Yuxi,Yuxi,China,24.355,102.5422,103829
Lincoln,Lincoln,United Kingdom,53.2268,-0.5379,103813
Poá,Poa,Brazil,-23.5281,-46.3447,103765
Bashan,Bashan,China,27.7682,116.0502,103748
Nkpor,Nkpor,Nigeria,6.1504,6.8304,103733
Berbérati,Berberati,Central African Republic,4.2612,15.7922,103713
Sangla Hill,Sangla Hill,Pakistan,31.7167,73.3833,103709
Tongren,Tongren,China,35.5148,102.016,103700
Tyler,Tyler,United States,32.3513,-95.3011,103700
Male,Male,Maldives,4.1752,73.5092,103693
El Cajon,El Cajon,United States,32.7948,-116.9625,103679
Mandaqui,Mandaqui,Brazil,-23.4595,-46.6409,103665
Piacenza,Piacenza,Italy,45.0524,9.6934,103607
Gardez,Gardez,Afghanistan,33.5974,69.2259,103601
Zhanaozen,Zhanaozen,Kazakhstan,43.3412,52.8619,103598
Gangu Chengguanzhen,Gangu Chengguanzhen,China,34.7356,105.3263,103589
Teziutlan,Teziutlan,Mexico,19.8173,-97.3599,103583
Kolda,Kolda,Senegal,12.8939,-14.9413,103574
Vila Matilde,Vila Matilde,Brazil,-23.5394,-46.5179,103558
Udgīr,Udgir,India,18.3926,77.1176,103550
San Mateo,San Mateo,United States,37.563,-122.3255,103536
Viseu,Viseu,Portugal,40.6617,-7.909,103502
Nagda,Nagda,India,23.4583,75.4176,103501
Moers,Moers,Germany,51.4534,6.6326,103487
Brandon,Brandon,United States,27.9378,-82.2859,103483
Buzău,Buzau,Romania,45.15,26.8333,103481
Reus,Reus,Spain,41.1561,1.1069,103477
Prabumulih,Prabumulih,Indonesia,-3.4345,104.2306,103470
Itabaiana,Itabaiana,Brazil,-10.685,-37.4253,103440
Francistown,Francistown,Botswana,-21.17,27.5078,103417
Isehara,Isehara,Japan,35.3993,139.3102,103401
Queluz,Queluz,Portugal,38.7566,-9.2545,103399
Betūl,Betul,India,21.9006,77.9023,103330
Chikushino-shi,Chikushino-shi,Japan,33.4963,130.5156,103311
Akademicheskoe,Akademicheskoe,Russia,60.0138,30.3947,103304
Turgutlu,Turgutlu,Turkey,38.4953,27.6997,103292
Lida,Lida,Belarus,53.8833,25.2997,103262
Taitung,Taitung,Taiwan,22.7599,121.1446,103260
Kalynivskyi,Kalynivskyi,Ukraine,48.0074,37.8538,103249
San,San,Mali,13.297,-4.8963,103227
Jahānābād,Jahanabad,India,25.2137,84.9871,103202
Lethbridge,Lethbridge,Canada,49.7,-112.8186,103197
Cursino,Cursino,Brazil,-23.6314,-46.6207,103171
Velikiye Luki,Velikiye Luki,Russia,56.3406,30.5438,103149
Kashipur,Kashipur,India,29.214,78.9569,103138
Rialto,Rialto,United States,34.1064,-117.3703,103132
West Bromwich,West Bromwich,United Kingdom,52.5187,-1.9945,103112
Ghazīpur,Ghazipur,India,25.5833,83.5853,103095
Tanjung Pandan,Tanjung Pandan,Indonesia,-2.7335,107.6348,103062
Ikere-Ekiti,Ikere-Ekiti,Nigeria,7.4975,5.2304,103054
Hildesheim,Hildesheim,Germany,52.1508,9.9511,103052
Kharian,Kharian,Pakistan,32.8161,73.887,103036
Bendigo,Bendigo,Australia,-36.7582,144.2802,103034
Rantauprapat,Rantauprapat,Indonesia,2.1,99.8333,103009
Chumakivskyi,Chumakivskyi,Ukraine,47.9567,37.9419,103005
Nkayi,Nkayi,Republic of the Congo,-4.184,13.2859,103000
Amaravati,Amaravati,India,16.514,80.516,103000
Bogorodskoye,Bogorodskoye,Russia,55.814,37.7212,103000
Pārsābād,Parsabad,Iran,39.6482,47.9174,102996
Lahān,Lahan,Nepal,26.7202,86.4826,102955
Liberec,Liberec,Czechia,50.7671,15.0562,102951
Nagapattinam,Nagapattinam,India,10.7638,79.8431,102905
Qurayyat,Qurayyat,Saudi Arabia,31.3318,37.3428,102903
Buxar,Buxar,India,25.5755,83.9804,102861
Portmore,Portmore,Jamaica,17.971,-76.8869,102861
Santa Rosa,Santa Rosa,Argentina,-36.6162,-64.2899,102860
Palma Soriano,Palma Soriano,Cuba,20.2115,-75.9944,102826
Pushkino,Pushkino,Russia,55.9946,37.829,102816
Khushāb,Khushab,Pakistan,32.2967,72.3525,102793
Lafiagi,Lafiagi,Nigeria,8.853,5.4164,102779
Caieiras,Caieiras,Brazil,-23.3642,-46.7406,102775
Xincheng,Xincheng,China,41.715,82.9325,102752
Lyon 03,Lyon 03,France,45.7612,4.8518,102725
Pasrur,Pasrur,Pakistan,32.2629,74.6633,102717
Belawan,Belawan,Indonesia,3.7755,98.6832,102707
Pano Aqil,Pano Aqil,Pakistan,27.8562,69.1111,102701
Piatra Neamţ,Piatra Neamt,Romania,46.9167,26.3333,102688
Cabudare,Cabudare,Venezuela,10.0266,-69.262,102686
Erlangen,Erlangen,Germany,49.591,11.0078,102675
Tepexpan,Tepexpan,Mexico,19.6139,-98.9364,102667
Tivaouane,Tivaouane,Senegal,14.9519,-16.8152,102658
Entebbe,Entebbe,Uganda,0.0562,32.4795,102600
Davenport,Davenport,United States,41.5236,-90.5776,102582
Darnah,Darnah,Libya,32.767,22.6367,102581
Dayrūţ,Dayrut,Egypt,27.5564,30.8106,102570
Whalley,Whalley,Canada,49.1792,-122.8667,102555
Edison,Edison,United States,40.5187,-74.4121,102548
Skhidni Kvartaly,Skhidni Kvartaly,Ukraine,48.5662,39.3826,102500
Curicó,Curico,Chile,-34.9828,-71.2394,102438
Kangsŏn,Kangson,North Korea,38.9364,125.5811,102436
La Vega,La Vega,Dominican Republic,19.2203,-70.531,102426
Shāhzādpur,Shahzadpur,Bangladesh,24.1769,89.5988,102420
Tulancingo,Tulancingo,Mexico,20.0805,-98.3683,102406
Perdizes,Perdizes,Brazil,-23.5387,-46.6809,102391
Yono,Yono,Japan,35.8833,139.6333,102364
Apatzingán,Apatzingan,Mexico,19.0886,-102.357,102362
Ciutat Vella,Ciutat Vella,Spain,41.3802,2.1732,102347
Hillsboro,Hillsboro,United States,45.5229,-122.9898,102347
Mormugao,Mormugao,India,15.3891,73.8149,102345
Seoni,Seoni,India,22.085,79.5504,102343
Shabqadar,Shabqadar,Pakistan,34.216,71.5548,102340
Mitte,Mitte,Germany,52.52,13.4049,102338
Sabanalarga,Sabanalarga,Colombia,10.6307,-74.9221,102334
Jishou,Jishou,China,28.3193,109.7335,102332
Ngong,Ngong,Kenya,-1.3527,36.6699,102323
Francisco Beltrão,Francisco Beltrao,Brazil,-26.0811,-53.055,102312
Sebeta,Sebeta,Ethiopia,8.9167,38.6167,102300
Artëm,Artem,Russia,43.3576,132.1914,102300
Tsuyama,Tsuyama,Japan,35.0521,133.9989,102294
Limerick,Limerick,Ireland,52.6647,-8.6231,102287
Aurangābād,Aurangabad,India,24.752,84.3742,102244
Lampa,Lampa,Chile,-33.2863,-70.8756,102234
Sungai Penuh,Sungai Penuh,Indonesia,-2.0561,101.3913,102224
Ukhta,Ukhta,Russia,63.569,53.6914,102187
Japeri,Japeri,Brazil,-22.6431,-43.6533,102171
Nakhon Si Thammarat,Nakhon Si Thammarat,Thailand,8.4333,99.9667,102152
Putatan,Putatan,Philippines,14.3986,121.0503,102146
Shuifu,Shuifu,China,28.6321,104.4078,102143
Kani,Kani,Japan,35.4044,137.0559,102143
Ōnojō,Onojo,Japan,33.5357,130.4786,102085
Kot Radha Kishan,Kot Radha Kishan,Pakistan,31.1707,74.1013,102057
Al Jumayl,Al Jumayl,Libya,32.8529,12.0612,102000
Shchukino,Shchukino,Russia,55.8,37.45,102000
Brateyevo,Brateyevo,Russia,55.6375,37.7644,102000
Maldonado,Maldonado,Uruguay,-34.8979,-54.9502,102000
Venlo,Venlo,The Netherlands,51.37,6.1681,101988
Mairiporã,Mairipora,Brazil,-23.3186,-46.5867,101937
Novara,Novara,Italy,45.4469,8.6212,101916
Shūshtar,Shushtar,Iran,32.0497,48.8484,101878
Wilmersdorf,Wilmersdorf,Germany,52.4833,13.3167,101877
Al-Musayab,Al-Musayab,Iraq,32.7787,44.2901,101873
Pôr do Sol,Por do Sol,Brazil,-15.855,-48.1243,101866
Parintins,Parintins,Brazil,-2.6283,-56.7358,101855
Hedong,Hedong,China,23.9196,115.7801,101825
Hinganghāt,Hinganghat,India,20.5487,78.8398,101805
Zonguldak,Zonguldak,Turkey,41.4514,31.7931,101749
Iğdır,Igdir,Turkey,39.9237,44.045,101700
Kawachi-Nagano,Kawachi-Nagano,Japan,34.4411,135.5828,101692
Eastbourne,Eastbourne,United Kingdom,50.7687,0.2845,101689
Dhamtari,Dhamtari,India,20.7072,81.5487,101677
Delta,Delta,Canada,49.0892,-123.0532,101668
Orsha,Orsha,Belarus,54.5136,30.4036,101662
Worcester,Worcester,United Kingdom,52.1893,-2.22,101659
Las Cruces,Las Cruces,United States,32.3123,-106.7783,101643
Székesfehérvár,Szekesfehervar,Hungary,47.19,18.4103,101600
Lagarto,Lagarto,Brazil,-10.9172,-37.65,101579
Kindrativskyi,Kindrativskyi,Ukraine,48.3028,38.0547,101565
Bath,Bath,United Kingdom,51.3751,-2.3617,101557
Sidi Slimane,Sidi Slimane,Morocco,34.2648,-5.926,101541
Leme,Leme,Brazil,-22.1856,-47.3903,101537
Iida,Iida,Japan,35.5196,137.8207,101536
Los Puertos de Altagracia,Los Puertos de Altagracia,Venezuela,10.7149,-71.5217,101527
South Bend,South Bend,United States,41.6834,-86.25,101516
Kansk,Kansk,Russia,56.2022,95.7185,101502
Kalmiuskyi,Kalmiuskyi,Ukraine,47.1105,37.5438,101498
Chilliwack,Chilliwack,Canada,49.1664,-121.9526,101491
Queenstown Estate,Queenstown Estate,Singapore,1.2942,103.8025,101480
Argenteuil,Argenteuil,France,48.9479,2.2474,101475
Khanty-Mansiysk,Khanty-Mansiysk,Russia,61.0019,69.0273,101466
Isulan,Isulan,Philippines,6.6294,124.605,101455
Itaim Bibi,Itaim Bibi,Brazil,-23.5858,-46.6824,101452
Mbaké,Mbake,Senegal,14.7903,-15.908,101451
Pavlohrad,Pavlohrad,Ukraine,48.5321,35.8688,101430
Simmering,Simmering,Austria,48.1833,16.4333,101420
Mustafakemalpaşa,Mustafakemalpasa,Turkey,40.0382,28.4087,101412
Burayu,Burayu,Ethiopia,9.0353,38.6608,101400
Chilakalūrupet,Chilakalurupet,India,16.0899,80.1671,101398
Malappuram,Malappuram,India,11.042,76.0815,101386
Ébolowa,Ebolowa,Cameroon,2.9,11.15,101363
Dartmouth,Dartmouth,Canada,44.6713,-63.5772,101343
Orihuela,Orihuela,Spain,38.0848,-0.944,101321
Kallang,Kallang,Singapore,1.3333,103.8667,101290
Sangju,Sangju,South Korea,36.4153,128.1606,101267
Perling,Perling,Malaysia,1.4806,103.6838,101263
Albany,Albany,United States,42.6526,-73.7562,101228
São Cristóvão,Sao Cristovao,Brazil,-11.0147,-37.2064,101213
Medina Estates,Medina Estates,Ghana,5.6658,-0.1631,101207
Chakwal,Chakwal,Pakistan,32.9329,72.8539,101200
Ngã Bảy,Nga Bay,Vietnam,9.8137,105.821,101192
Gillingham,Gillingham,United Kingdom,51.3891,0.5486,101187
Suruç,Suruc,Turkey,36.9761,38.4253,101178
Huacheng,Huacheng,China,24.067,115.6131,101165
Ocaña,Ocana,Colombia,8.2377,-73.356,101158
Hồng Ngự,Hong Ngu,Vietnam,10.8,105.35,101155
Daoukro,Daoukro,Ivory Coast,7.0591,-3.9631,101136
Tokuyama,Tokuyama,Japan,34.05,131.8167,101133
Ţimā,Tima,Egypt,26.9084,31.4347,101130
Donghae City,Donghae City,South Korea,37.5439,129.1069,101128
Standerton,Standerton,South Africa,-26.9337,29.2415,101101
Kanoya,Kanoya,Japan,31.3833,130.85,101096
Mokopane,Mokopane,South Africa,-24.1944,29.0097,101090
Dikirnis,Dikirnis,Egypt,31.089,31.5948,101082
New Bedford,New Bedford,United States,41.6353,-70.927,101079
Lāhījān,Lahijan,Iran,37.2042,50.0092,101073
Leuven,Leuven,Belgium,50.8796,4.7009,101032
Mezhdurechensk,Mezhdurechensk,Russia,53.6899,88.0622,101026
Bānswāra,Banswara,India,23.5411,74.4425,101017
Jolo,Jolo,Philippines,6.0522,121.0022,101002
Ryazanskiy,Ryazanskiy,Russia,55.7333,37.7667,101000
Novyye Cherëmushki,Novyye Cheremushki,Russia,55.7,37.5833,101000
Elbasan,Elbasan,Albania,41.1114,20.0822,100903
Pechersk,Pechersk,Ukraine,50.4444,30.5235,100900
Ijok,Ijok,Malaysia,3.3167,101.4,100899
Vista,Vista,United States,33.2,-117.2425,100890
Davie,Davie,United States,26.0629,-80.2331,100882
Errachidia,Errachidia,Morocco,31.9314,-4.4266,100870
Twifu Praso,Twifu Praso,Ghana,5.6141,-1.5502,100851
Red Deer,Red Deer,Canada,52.2668,-113.802,100844
Solikamsk,Solikamsk,Russia,59.6669,56.7427,100812
El Progreso,El Progreso,Honduras,15.4,-87.8,100810
Chirmiri,Chirmiri,India,23.1907,82.3531,100800
Barra do Piraí,Barra do Pirai,Brazil,-22.47,-43.8256,100764
Chikusei,Chikusei,Japan,36.316,139.9824,100753
Sungailiat,Sungailiat,Indonesia,-1.8544,106.1222,100750
Arezzo,Arezzo,Italy,43.4628,11.8807,100734
Újpest,Ujpest,Hungary,47.5686,19.0846,100694
Calasiao,Calasiao,Philippines,16.0111,120.36,100686
Glazov,Glazov,Russia,58.14,52.6562,100676
Rosarito,Rosarito,Mexico,32.3604,-117.0464,100660
Kallithéa,Kallithea,Greece,37.95,23.7,100641
Ahar,Ahar,Iran,38.4774,47.0699,100641
Juan Díaz,Juan Diaz,Panama,9.0406,-79.4408,100636
Yên Bái,Yen Bai,Vietnam,21.7229,104.9113,100631
Grogol,Grogol,Indonesia,-7.6011,110.8186,100613
Nāḩiyat al Iskandarīyah,Nahiyat al Iskandariyah,Iraq,32.8873,44.3462,100600
Puerto Barrios,Puerto Barrios,Guatemala,15.7272,-88.5979,100593
Bakwa,Bakwa,Democratic Republic of the Congo,4.1263,27.3953,100575
Itārsi,Itarsi,India,22.6148,77.7622,100574
Chinatown,Chinatown,United States,37.7966,-122.4086,100574
Votuporanga,Votuporanga,Brazil,-20.4228,-49.9728,100568
Si Maha Phot,Si Maha Phot,Thailand,13.9656,101.5135,100563
Hà Tiên,Ha Tien,Vietnam,10.3831,104.4875,100560
Oleksiyivka,Oleksiyivka,Ukraine,50.0452,36.1932,100500
Masjed Soleymān,Masjed Soleyman,Iran,31.9364,49.3039,100497
Los Rastrojos,Los Rastrojos,Venezuela,10.0259,-69.2417,100497
Vasco da Gama,Vasco da Gama,India,15.3958,73.8157,100485
Barakaldo,Barakaldo,Spain,43.2964,-2.9881,100435
Oleksandrivskyi,Oleksandrivskyi,Ukraine,47.9679,37.8034,100330
Ermelo,Ermelo,South Africa,-26.5333,29.9833,100324
Klagenfurt am Wörthersee,Klagenfurt am Woerthersee,Austria,46.6247,14.3053,100316
Linxi,Linxi,China,39.7118,118.4495,100316
Tiébo,Tiebo,Senegal,14.6333,-16.2333,100289
Gangtok,Gangtok,India,27.3257,88.6122,100286
Datia,Datia,India,25.6731,78.4591,100284
Sakado,Sakado,Japan,35.9569,139.3889,100275
Sakata,Sakata,Japan,38.9167,139.855,100273
Ust’-Ilimsk,Ust'-Ilimsk,Russia,58.0006,102.6619,100271
Girona,Girona,Spain,41.9831,2.8249,100266
Renton,Renton,United States,47.4829,-122.2171,100242
Chust,Chust,Uzbekistan,41.0033,71.2379,100200
Kalmunai,Kalmunai,Sri Lanka,7.409,81.8347,100171
Udine,Udine,Italy,46.0693,13.2371,100170
Xinzhai,Xinzhai,China,36.4,118.6167,100168
Phagwāra,Phagwara,India,31.2245,75.7739,100146
Izumisano,Izumisano,Japan,34.4167,135.3167,100131
Trier,Trier,Germany,49.7557,6.6394,100129
Ginowan,Ginowan,Japan,26.2627,127.7615,100125
Inda Silasē,Inda Silase,Ethiopia,14.1031,38.2829,100100
Negara,Negara,Indonesia,-8.3569,114.6169,100074
Caçapava,Cacapava,Brazil,-23.1008,-45.7069,100071
Qaşr Bin Ghashīr,Qasr Bin Ghashir,Libya,32.6833,13.1833,100069
Renala Khurd,Renala Khurd,Pakistan,30.8788,73.5986,100054
Punta Cana,Punta Cana,Dominican Republic,18.5818,-68.4043,100023
Roanoke,Roanoke,United States,37.271,-79.9414,100011
Yanjia,Yanjia,China,29.8276,106.9973,100000
Kangding,Kangding,China,30.0022,101.9569,100000
Suifenhe,Suifenhe,China,44.3998,131.1478,100000
Sino-Singapore Tianjin Eco-city,Sino-Singapore Tianjin Eco-city,China,39.1531,117.7835,100000
Alamar,Alamar,Cuba,23.1579,-82.2784,100000
Becontree,Becontree,United Kingdom,51.5529,0.129,100000
Sumedang Utara,Sumedang Utara,Indonesia,-6.85,107.9167,100000
Jaffa,Jaffa,Israel,32.0504,34.7522,100000
Airoli,Airoli,India,19.151,72.9963,100000
Shahrak-e Pardīsān,Shahrak-e Pardisan,Iran,34.5573,50.802,100000
P’yŏngsŏng,P'yongsong,North Korea,39.2464,125.8719,100000
Tājūrā’,Tajura',Libya,32.8817,13.3506,100000
Colonia Lindavista,Colonia Lindavista,Mexico,19.4916,-99.1248,100000
Sentul,Sentul,Malaysia,3.1833,101.6833,100000
Seri Manjung,Seri Manjung,Malaysia,4.1987,100.67,100000
Bandar Mahkota Cheras,Bandar Mahkota Cheras,Malaysia,3.0542,101.7984,100000
Alasia,Alasia,Nigeria,6.4749,3.1691,100000
Raja Jang,Raja Jang,Pakistan,31.2208,74.2548,100000
Model Town,Model Town,Pakistan,31.481,74.3256,100000
Subotica,Subotica,Serbia,46.1,19.6667,100000
Tekstil’shchiki,Tekstil'shchiki,Russia,55.7003,37.7427,100000
Nyagatare,Nyagatare,Rwanda,-1.2952,30.3226,100000
Sabt Alalayah,Sabt Alalayah,Saudi Arabia,19.5773,41.9636,100000
Sakiet ez Zit,Sakiet ez Zit,Tunisia,34.8019,10.7636,100000
